<?xml version="1.0" encoding="utf-8"?>
<COLLADA xmlns="http://www.collada.org/2005/11/COLLADASchema" version="1.4.1" xmlns:xsi="http://www.w3.org/2001/XMLSchema-instance">
  <asset>
    <contributor>
      <author>Blender User</author>
      <authoring_tool>Blender 4.0.0 commit date:2023-11-13, commit time:17:26, hash:878f71061b8e</authoring_tool>
    </contributor>
    <created>2025-12-27T12:35:19</created>
    <modified>2025-12-27T12:35:19</modified>
    <unit name="meter" meter="1"/>
    <up_axis>Z_UP</up_axis>
  </asset>
  <library_cameras>
    <camera id="Camera-camera" name="Camera">
      <optics>
        <technique_common>
          <perspective>
            <xfov sid="xfov">39.59775</xfov>
            <aspect_ratio>1.777778</aspect_ratio>
            <znear sid="znear">0.1</znear>
            <zfar sid="zfar">100</zfar>
          </perspective>
        </technique_common>
      </optics>
      <extra>
        <technique profile="blender">
          <shiftx sid="shiftx" type="float">0</shiftx>
          <shifty sid="shifty" type="float">0</shifty>
          <dof_distance sid="dof_distance" type="float">10</dof_distance>
        </technique>
      </extra>
    </camera>
  </library_cameras>
  <library_lights>
    <light id="Light-light" name="Light">
      <technique_common>
        <point>
          <color sid="color">1000 1000 1000</color>
          <constant_attenuation>1</constant_attenuation>
          <linear_attenuation>0</linear_attenuation>
          <quadratic_attenuation>0</quadratic_attenuation>
        </point>
      </technique_common>
      <extra>
        <technique profile="blender">
          <type sid="type" type="int">0</type>
          <flag sid="flag" type="int">0</flag>
          <mode sid="mode" type="int">1</mode>
          <red sid="red" type="float">1</red>
          <green sid="green" type="float">1</green>
          <blue sid="blue" type="float">1</blue>
          <shadow_r sid="blender_shadow_r" type="float">0</shadow_r>
          <shadow_g sid="blender_shadow_g" type="float">0</shadow_g>
          <shadow_b sid="blender_shadow_b" type="float">0</shadow_b>
          <energy sid="blender_energy" type="float">1000</energy>
          <spotsize sid="spotsize" type="float">75</spotsize>
          <spotblend sid="spotblend" type="float">0.15</spotblend>
          <clipsta sid="clipsta" type="float">0.04999995</clipsta>
          <clipend sid="clipend" type="float">30.002</clipend>
          <bias sid="bias" type="float">1</bias>
          <radius sid="radius" type="float">0.1</radius>
          <area_shape sid="area_shape" type="int">1</area_shape>
          <area_size sid="area_size" type="float">0.1</area_size>
          <area_sizey sid="area_sizey" type="float">0.1</area_sizey>
          <area_sizez sid="area_sizez" type="float">1</area_sizez>
        </technique>
      </extra>
    </light>
  </library_lights>
  <library_effects>
    <effect id="Material_001-effect">
      <profile_COMMON>
        <technique sid="common">
          <lambert>
            <emission>
              <color sid="emission">0 0 0 1</color>
            </emission>
            <diffuse>
              <color sid="diffuse">0 0 0 1</color>
            </diffuse>
            <index_of_refraction>
              <float sid="ior">1.45</float>
            </index_of_refraction>
          </lambert>
        </technique>
      </profile_COMMON>
    </effect>
    <effect id="Material_002-effect">
      <profile_COMMON>
        <technique sid="common">
          <lambert>
            <emission>
              <color sid="emission">0 0 0 1</color>
            </emission>
            <diffuse>
              <color sid="diffuse">0.7280617 0.7280617 0.7280617 1</color>
            </diffuse>
            <index_of_refraction>
              <float sid="ior">1.45</float>
            </index_of_refraction>
          </lambert>
        </technique>
      </profile_COMMON>
    </effect>
  </library_effects>
  <library_images/>
  <library_materials>
    <material id="Material_001-material" name="Material.001">
      <instance_effect url="#Material_001-effect"/>
    </material>
    <material id="Material_002-material" name="Material.002">
      <instance_effect url="#Material_002-effect"/>
    </material>
  </library_materials>
  <library_geometries>
    <geometry id="push_button_text_1_-mesh" name="push button text(1)">
      <mesh>
        <source id="push_button_text_1_-mesh-positions">
          <float_array id="push_button_text_1_-mesh-positions-array" count="13599">0.6204599 0.414496 0.2181013 0.604149 0.4287645 0.2181043 0.6048279 0.4066129 0.2181034 0.3936089 0.3498622 0.2181035 0.4092784 0.3359548 0.2181035 0.4141381 0.3498759 0.2180988 0.4291755 0.2900884 0.2181048 0.4439986 0.2984155 0.2181317 0.4299606 0.3127449 0.2178779 0.4540083 0.3125804 0.2176387 0.604965 0.2686206 0.2181037 0.6137585 0.2911906 0.2181031 0.5941935 0.2861108 0.2181037 0.572483 0.2867127 0.2181082 0.5840737 0.30465 0.2181018 0.5669116 0.3127288 0.2179212 -0.6198641 0.4491635 0.2174909 -0.6366701 0.4480991 0.217347 -0.6169353 0.4318842 0.2181763 -0.6367414 0.1299114 0.2177063 -0.6365928 0.1032871 0.2170313 -0.6127661 0.1200309 0.2182312 -0.6004322 0.4489521 0.2175272 -0.5957584 0.1029818 0.2176551 -0.5677891 0.1030521 0.2167614 -0.5881953 0.1204584 0.2181829 -0.5777022 0.4490268 0.2175869 -0.5939196 0.4317988 0.2180795 -0.6368832 0.1560416 0.2177749 -0.6211553 0.1401044 0.2180873 -0.6159825 0.1548033 0.2181047 -0.6225097 0.1705183 0.2181099 -0.6368846 0.1831915 0.2177621 -0.6163079 0.1825751 0.2180928 -0.619294 0.2004942 0.218114 -0.6369462 0.20948 0.2177096 -0.6207712 0.224768 0.218098 -0.6368883 0.231925 0.2178066 -0.619137 0.2437102 0.2181225 -0.5732998 0.4339483 0.2180864 -0.5548247 0.4488191 0.2178518 -0.5328322 0.4487252 0.2175817 -0.5392027 0.4293019 0.2181024 -0.5208049 0.4326679 0.2180534 -0.5108056 0.4487581 0.2176018 -0.5025023 0.4289454 0.2181044 -0.4750542 0.4474621 0.2177075 -0.4818549 0.4263876 0.218128 -0.4608494 0.4266112 0.2180985 -0.4444576 0.4437898 0.2171634 -0.4631265 0.4469729 0.2175663 -0.4224978 0.4366835 0.2173095 -0.4413356 0.4216582 0.2180914 -0.4023924 0.4223502 0.2173822 -0.4209472 0.4171287 0.2180824 -0.3871072 0.4032547 0.2173532 -0.4106696 0.403005 0.2181183 -0.3772592 0.3827915 0.2174881 -0.4001569 0.386837 0.2181052 -0.3933162 0.3690177 0.2181096 -0.3732498 0.3630209 0.2175006 -0.3875686 0.3532477 0.2180683 -0.371594 0.3449809 0.2178075 -0.3906254 0.3352255 0.2180837 -0.3727777 0.325379 0.2175354 -0.3948806 0.3116837 0.2181228 -0.3842411 0.2867506 0.2174005 -0.4010771 0.2884137 0.218098 -0.3970313 0.2688416 0.2171387 -0.4148325 0.275824 0.2181157 -0.4286866 0.2645394 0.2180984 -0.4119578 0.2555801 0.2175103 -0.4311056 0.244428 0.2173343 -0.4498263 0.2631567 0.2181352 -0.4533092 0.2382245 0.2172148 -0.4717625 0.2539345 0.2180895 -0.4711695 0.2356058 0.2174252 -0.4854837 0.2349351 0.2178486 -0.4942711 0.252744 0.2181357 -0.5045532 0.2338539 0.2172851 -0.5162122 0.2534903 0.2181055 -0.526827 0.2338705 0.2173441 -0.5481192 0.2337933 0.217403 -0.5357602 0.2534603 0.2181024 -0.5559163 0.2549629 0.2181269 -0.5675111 0.2347494 0.2179202 -0.5697138 0.2560483 0.2180978 -0.6368633 0.2518048 0.2175163 -0.6368218 0.2716896 0.2178666 -0.6187264 0.2653375 0.2180949 -0.6187111 0.2834896 0.2180941 -0.6368335 0.2912063 0.2176479 -0.5673577 0.3906494 0.2179082 -0.5828638 0.3799305 0.2181153 -0.5672733 0.3732773 0.2175212 -0.05197811 0.4324888 0.2180532 -0.03792971 0.4294143 0.2174601 -0.03780424 0.4487004 0.2171581 -0.08961409 0.4489847 0.2175384 -0.1067209 0.4491132 0.2166716 -0.1073334 0.4355713 0.2177321 -0.2804598 0.4328269 0.2181385 -0.2844342 0.4489834 0.2176271 -0.2988663 0.4493131 0.2172777 -0.03812223 0.4102819 0.2178398 -0.2444286 0.4121901 0.2177774 -0.244438 0.4273459 0.2176089 -0.2579408 0.4303575 0.2180582 -0.2445647 0.3915251 0.2178812 -0.2626861 0.4133461 0.2181044 -0.05510181 0.3902602 0.2181061 -0.0379284 0.3847948 0.2176823 -0.05892455 0.4093278 0.2181103 -0.05462282 0.3684188 0.2181005 -0.03782367 0.339015 0.217779 -0.05479025 0.3495012 0.2181023 -0.05387473 0.3278561 0.2180936 -0.05424129 0.3084431 0.2180985 -0.05582481 0.2853227 0.2181031 -0.03784281 0.2948046 0.2178108 -0.03798782 0.2728287 0.2177092 -0.05570566 0.2636067 0.2181077 -0.038118 0.2506379 0.2176995 -0.05486285 0.2414054 0.2180908 -0.2678602 0.4491028 0.217739 -0.2690397 0.3959835 0.2181099 -0.2613018 0.37814 0.2180969 -0.2613956 0.3576012 0.2181024 -0.2445626 0.3670982 0.217657 -0.2446688 0.3428205 0.2177563 -0.2613078 0.3416398 0.2180877 -0.262132 0.3255529 0.2181043 -0.2445871 0.295612 0.2176664 -0.2645686 0.3024847 0.2181096 -0.2605627 0.2787981 0.2180961 -0.2445033 0.2729749 0.2176868 -0.2592387 0.2540285 0.2180947 -0.2443126 0.2550715 0.2175659 -0.2447296 0.2354643 0.2173343 -0.03946405 0.2107299 0.2176807 -0.05620759 0.2212005 0.2180988 -0.05823689 0.2031714 0.218113 -0.2641175 0.2329061 0.2181268 -0.2595384 0.2163328 0.2180748 -0.04541033 0.1718098 0.2175373 -0.06087958 0.1858682 0.2180997 -0.06803065 0.1656586 0.2181164 -0.075688 0.1454041 0.2180917 -0.05361777 0.1517884 0.2173328 -0.06390911 0.1362348 0.2174875 -0.07809948 0.1226835 0.217323 -0.09803414 0.1382442 0.2181652 -0.09736418 0.1114464 0.2172538 -0.1163085 0.1268763 0.2181435 -0.1165641 0.1036132 0.2173481 -0.1328208 0.1208559 0.2181038 -0.1369071 0.09929943 0.2174841 -0.1552128 0.1148703 0.2181125 -0.2180894 0.1002286 0.2177705 -0.2011519 0.1190632 0.2181037 -0.2172574 0.1232053 0.2181214 -0.2324743 0.1188458 0.2180335 -0.2357448 0.1042205 0.2171504 -0.2704561 0.1218279 0.2171006 -0.2474107 0.1341483 0.2181336 -0.2709202 0.1453059 0.2181311 -0.2846978 0.1346117 0.2175801 -0.3056745 0.1705673 0.2170565 -0.2906735 0.1864888 0.2180979 -0.3102127 0.1948558 0.2176395 0.2758715 0.3499733 0.2178418 0.2903426 0.3511709 0.2154916 0.2880992 0.3693842 0.217592 0.03923898 0.216635 0.2176862 0.01910948 0.2144309 0.2162364 0.02220731 0.1946994 0.2176306 0.2558382 0.3494649 0.2171827 0.2670716 0.3728791 0.2180719 0.04400449 0.1916576 0.2181791 0.2454072 0.3715032 0.2181449 0.2316687 0.347918 0.2175015 0.05651354 0.2025165 0.2180835 0.06469786 0.2193416 0.2179188 0.07241594 0.195269 0.2181023 0.2231284 0.3678078 0.2180873 0.03471517 0.3306013 0.209724 0.03635948 0.3262014 0.1910532 0.03815078 0.321838 0.215317 0.03394401 0.332679 0.2180124 0.0443719 0.3206061 0.2179044 0.05240762 0.3183262 0.2180318 0.05237764 0.3288003 0.2181037 0.05073505 0.344164 0.2181149 0.03134894 0.3595993 0.2173603 0.2136294 0.3700014 0.2134647 0.2195622 0.3539676 0.2164844 0.2970112 0.2341316 0.2161411 0.2950837 0.2418217 0.1885252 0.2885108 0.2564715 0.2170724 0.3001216 0.2173756 0.2179297 0.2875438 0.2370496 0.2182204 0.2868257 0.2286828 0.2181254 0.2774891 0.2304337 0.2181038 0.2798461 0.2247266 0.2181066 0.272782 0.2265174 0.2181071 0.2525203 0.1169261 0.2172315 0.2737236 0.1334902 0.2177539 0.2527101 0.1353608 0.2179579 0.1883735 0.09768414 0.217819 0.2094176 0.1009437 0.2172963 0.1923844 0.1177627 0.2181361 0.1722237 0.1171809 0.2181087 0.04645079 0.3633391 0.2180476 0.03513729 0.3838514 0.2177593 0.05475431 0.4191698 0.2108324 0.04825103 0.4118502 0.1967548 0.05462539 0.4200968 0.2176785 0.1156091 0.4393866 0.2181279 0.1147139 0.4510635 0.2173219 0.09506899 0.4455748 0.2174641 0.1356351 0.4539196 0.2177094 0.09645318 0.4287737 0.2182392 0.1347082 0.4315415 0.2181318 0.2096412 0.3775185 0.2178207 0.2771572 0.2211915 0.2181013 0.2839174 0.2048454 0.2180866 0.2698609 0.2136687 0.2181048 0.05702531 0.3781818 0.2181122 0.1276088 0.1612891 0.2162601 0.1327372 0.1512651 0.2180776 0.138701 0.1577172 0.2169116 0.1543576 0.1544625 0.2173453 0.1752288 0.1384263 0.2180777 0.1722353 0.1553199 0.2172263 0.2064032 0.1648167 0.2175153 0.1908379 0.1574934 0.217443 0.2108185 0.1528214 0.2181127 0.2179141 0.1730337 0.2177548 0.2371582 0.1799465 0.2180508 0.2250516 0.1824475 0.2169367 0.2422912 0.1992935 0.218033 0.2299208 0.1940889 0.216313 0.2299305 0.2147164 0.2165783 0.2369256 0.229893 0.2179485 0.216507 0.2319294 0.2175985 0.1167504 0.4185315 0.218167 0.1536354 0.4378635 0.2181399 -0.5099316 -0.1254791 0.2181056 -0.518508 -0.1397881 0.217792 -0.5023087 -0.1438017 0.2181046 -0.5735851 -0.1086899 0.2177042 -0.5579201 -0.124815 0.2181218 -0.5532072 -0.1080948 0.2175943 0.3345267 -0.1946581 0.2180927 0.3347827 -0.2126635 0.2178518 0.3539156 -0.2025243 0.2181019 0.3132321 -0.182227 0.2180523 0.2938811 -0.1971228 0.2181034 0.3160384 -0.1998171 0.2181022 0.3412544 -0.1212939 0.2180951 0.3388205 -0.1394641 0.2178943 0.3635067 -0.1305704 0.2180921 0.2681257 -0.1081091 0.2178619 0.2640132 -0.1249445 0.2180767 0.2811655 -0.1240491 0.2181063 0.3922936 -0.2949012 0.2175429 0.3918262 -0.2813847 0.217959 0.372546 -0.2952287 0.2173556 0.2505128 -0.2948392 0.2175975 0.2677905 -0.2766267 0.2181059 0.250832 -0.2673788 0.2179496 0.2881126 -0.1397793 0.217794 0.2746064 -0.144051 0.2180926 0.2873911 -0.1640816 0.2177031 0.2701159 -0.2071544 0.2181056 0.2879855 -0.213173 0.2178645 0.4593464 -0.272053 0.2180474 0.445057 -0.2563366 0.2181499 0.4435211 -0.2798753 0.2180984 0.5139001 -0.2585699 0.2178736 0.5348619 -0.2602548 0.2180967 0.525276 -0.2397986 0.2181081 0.5433107 -0.2475748 0.2181026 0.5383977 -0.2312609 0.2180227 0.553973 -0.2128229 0.2181689 0.5387852 -0.2143645 0.2170555 -0.3257594 -0.298418 0.21737 -0.3168952 -0.2809782 0.2180777 -0.3403846 -0.2810118 0.2181432 -0.3441004 -0.2965689 0.217315 -0.3091952 -0.2650039 0.2172276 -0.3273028 -0.2670953 0.2169072 -0.3601366 -0.2915756 0.2174663 -0.2953644 -0.2595537 0.2175923 -0.2976599 -0.2774646 0.2181064 -0.3639109 -0.271071 0.2180971 -0.3754634 -0.2836527 0.217234 -0.3904285 -0.2704514 0.217547 -0.3783574 -0.2532711 0.2180795 -0.4033417 -0.2499253 0.2174436 -0.3884099 -0.2359867 0.2180896 -0.3985076 -0.2155393 0.2181239 -0.4095615 -0.231351 0.2175106 -0.4125184 -0.2013326 0.2176121 -0.4121018 -0.2157666 0.217536 -0.3935323 -0.1982684 0.2181146 -0.4110403 -0.180966 0.2175409 -0.3898951 -0.1755815 0.2180888 -0.4057502 -0.1593223 0.2169906 -0.281783 -0.2700856 0.2181148 -0.2822701 -0.2483793 0.2174612 -0.2644812 -0.2616754 0.2180665 -0.2591025 -0.2435405 0.2180884 -0.2733383 -0.2312417 0.2169983 -0.2530423 -0.225153 0.2180737 -0.2694065 -0.2076576 0.2174991 -0.2476004 -0.2080462 0.2180759 -0.2510944 -0.1915299 0.2180984 -0.2703517 -0.185656 0.2172709 -0.2741104 -0.169757 0.2174922 -0.2546681 -0.1721661 0.2180837 -0.2604494 -0.1528612 0.2181 -0.2807751 -0.1561058 0.2174128 -0.2764006 -0.1373565 0.2181026 -0.2968657 -0.141575 0.2172557 -0.2935756 -0.1229553 0.2180525 -0.3175373 -0.125083 0.2181017 -0.317505 -0.1370431 0.2169315 -0.3301614 -0.1372097 0.2177333 -0.3447666 -0.1242736 0.2181114 -0.3464395 -0.1420232 0.2172778 -0.3654938 -0.1362791 0.2181335 -0.3614 -0.1541219 0.2174277 -0.3827775 -0.1527732 0.2181236 -0.04725176 -0.2983275 0.2176076 -0.0563516 -0.2803942 0.2180796 -0.06751167 -0.2963486 0.2175069 -0.07781773 -0.275988 0.2180323 -0.08327543 -0.2919051 0.2172707 -0.02471935 -0.2628998 0.217422 -0.04310703 -0.2671589 0.217144 -0.03588932 -0.2805351 0.2180556 -0.01474583 -0.2751631 0.2181085 -0.09901291 -0.2835275 0.2172108 -0.1137508 -0.2704765 0.2178192 -0.09506565 -0.2621871 0.2180979 -0.122982 -0.257741 0.2171754 -0.1112881 -0.2497388 0.218033 -0.1303079 -0.2413409 0.2174708 -0.1136786 -0.2298228 0.2180474 -0.1348956 -0.2206759 0.2175955 -0.1357942 -0.1981272 0.217177 -0.1160923 -0.2084506 0.2180918 -0.1157436 -0.1885114 0.2180678 -0.1337432 -0.1760447 0.217748 -0.1111339 -0.1666542 0.2180432 -0.127431 -0.1547084 0.2175026 0.004643023 -0.2680329 0.2180545 -0.00951159 -0.2526574 0.2176571 0.01453208 -0.2483443 0.2180932 0.002735793 -0.2335845 0.2168124 0.02226585 -0.2273613 0.2180708 0.00638926 -0.2133991 0.2176309 0.02517956 -0.206583 0.218094 0.007032871 -0.1953943 0.2171653 0.004591643 -0.1751692 0.2172899 0.025177 -0.1879518 0.2180951 0.02548801 -0.1708906 0.2181228 0.0150752 -0.1550561 0.2180931 -0.005227386 -0.1546356 0.2172615 0.001457095 -0.1392171 0.2180935 -0.01839184 -0.1430907 0.217346 -0.01609969 -0.1281672 0.218105 -0.03448069 -0.137539 0.2173202 -0.03808706 -0.1230596 0.2181078 -0.05314922 -0.1369531 0.2173467 -0.06257516 -0.1227912 0.2181426 -0.07183027 -0.1430298 0.2171986 -0.08580362 -0.1336247 0.2180952 -0.08779597 -0.1578809 0.2175742 -0.105805 -0.1450365 0.2180399 0.09091717 -0.1218991 0.2179206 0.09301728 -0.1084324 0.217071 0.07577043 -0.108218 0.2174504 0.09349465 -0.2826276 0.2180447 0.09438526 -0.2951297 0.2175663 0.1127101 -0.2948018 0.2156487 0.07547938 -0.2724195 0.2177188 0.07580453 -0.2948627 0.216481 0.09349632 -0.2641691 0.218107 0.07545077 -0.2520211 0.217824 0.07559096 -0.2280223 0.2177463 0.0944314 -0.2430374 0.2180861 0.09812921 -0.2207367 0.2180393 0.1092593 -0.1084472 0.2178007 0.1240279 -0.1273871 0.217976 0.1319248 -0.1082638 0.2174859 0.1538891 -0.1085787 0.2170954 0.1460143 -0.1244077 0.2181688 0.1049574 -0.1346002 0.2181148 0.1131837 -0.1411026 0.2173709 0.1690776 -0.125595 0.218096 0.1730058 -0.1095616 0.2173151 0.190213 -0.1144713 0.2169063 0.2044401 -0.1251614 0.2172607 0.1899215 -0.1380934 0.2180934 0.2128244 -0.137964 0.2173307 0.1991435 -0.1589871 0.2181078 0.2174952 -0.1518911 0.2174056 0.2182215 -0.1705356 0.2171162 0.2148534 -0.1890243 0.2170888 0.199284 -0.1835514 0.2180374 0.2033144 -0.2071847 0.2165905 0.1824864 -0.197397 0.2181054 0.1827717 -0.2202682 0.2170771 0.1611177 -0.2080705 0.2180395 0.1612837 -0.223806 0.2170216 0.1394308 -0.2241414 0.2173573 0.1182817 -0.2081416 0.2180809 0.1133194 -0.2245348 0.2174192 0.07583892 -0.2046591 0.2179644 0.3597345 0.3704679 0.1929739 0.3598258 0.365255 0.2176908 0.3596956 0.3876747 0.201124 0.3597381 0.2533012 0.1895413 0.3597339 0.2545074 0.2072944 0.3597385 0.2756593 0.1976689 0.3783552 0.4490651 0.2174812 0.3976801 0.4491437 0.2179077 0.3922227 0.4493632 0.1973711 0.4799242 0.3128075 0.1973891 0.4965865 0.3127502 0.2172855 0.4952314 0.3128083 0.1943154 0.5670738 0.4331729 0.1967864 0.5671548 0.4365043 0.2171517 0.5673818 0.4490432 0.2027689 0.6368298 0.4489104 0.1920358 0.6196017 0.449367 0.1761836 0.6193512 0.4493661 0.2034408 0.5842743 0.449308 0.2169254 0.60177 0.4491273 0.2178747 0.6018699 0.4493668 0.1970994 0.637118 0.1883528 0.1891426 0.6370394 0.1899858 0.2065935 0.637421 0.1658243 0.2001307 0.6367648 0.3182198 0.2178596 0.6371231 0.2964701 0.2070636 0.637103 0.3193554 0.202109 0.6182574 0.1027185 0.2177004 0.6014028 0.1027846 0.217977 0.6020001 0.1024173 0.2015904 0.567061 0.2174522 0.1876515 0.56708 0.2137513 0.2037978 0.5670616 0.2380005 0.1973735 0.5674473 0.1628138 0.2176017 0.5673002 0.1856192 0.2179499 0.5670603 0.177744 0.1998271 0.5157325 0.2541134 0.1923049 0.5168907 0.2541401 0.2168654 0.4982255 0.2541154 0.1976218 0.4297816 0.1204268 0.1945825 0.4294107 0.1245068 0.2176476 0.4294975 0.102818 0.2001777 0.4297639 0.1972339 0.207137 0.4296752 0.1746868 0.2177646 0.4297935 0.1770039 0.1952285 0.360075 0.1028046 0.2170273 0.3770851 0.1024099 0.1969301 0.3788509 0.1026955 0.217603 0.4129748 0.1024436 0.2066569 0.3982176 0.1026645 0.2179042 0.3947368 0.1024115 0.1994001 -0.6371271 0.1187952 0.1973301 -0.6371154 0.1557871 0.1761836 -0.6371135 0.1402544 0.1970722 -0.6371152 0.1560212 0.1970888 -0.6371154 0.1824762 0.1761836 -0.6371155 0.1693601 0.196932 -0.6371152 0.1825527 0.1970823 -0.6371154 0.2091652 0.1761836 -0.6371158 0.1957244 0.1968227 -0.6371153 0.2089574 0.197079 -0.6371154 0.2358543 0.1761836 -0.6371155 0.2221328 0.1969794 -0.6370983 0.2382668 0.200796 -0.6371154 0.2625434 0.1761836 -0.6371279 0.2497047 0.1923727 -0.6371015 0.2621297 0.1999838 -0.6371154 0.2892325 0.1761836 -0.6371164 0.2768364 0.1966454 -0.6371153 0.2896555 0.1970525 -0.6371154 0.3159216 0.1761836 -0.6371161 0.3029874 0.1967759 -0.6370995 0.3181505 0.2000001 -0.6368097 0.3124007 0.2176538 -0.6371154 0.3426107 0.1761836 -0.6371274 0.3295017 0.1924112 -0.6371018 0.3415208 0.2000517 -0.6369179 0.3300371 0.2175023 -0.6371154 0.3692997 0.1761836 -0.6371155 0.3567451 0.1970499 -0.6371152 0.3698188 0.1970845 -0.6368248 0.349199 0.2178615 -0.6369293 0.3717108 0.217735 -0.6371154 0.3959888 0.1761836 -0.637116 0.3831476 0.1967662 -0.6371153 0.3962032 0.1970703 -0.6369976 0.3974006 0.2176373 -0.6371154 0.4226779 0.1761836 -0.6371157 0.4094585 0.1968078 -0.6371152 0.422683 0.1969945 -0.6369177 0.4222729 0.2175457 -0.6371154 0.449367 0.1761836 -0.6371157 0.4359128 0.1968566 -0.6365561 0.4493416 0.1939016 -0.6094755 0.4493675 0.1965473 -0.587156 0.4493645 0.1969246 -0.5650917 0.4493675 0.1965166 -0.5435041 0.4494029 0.1941094 -0.5199175 0.4494214 0.1919007 -0.4955211 0.4490689 0.1956772 -0.4909957 0.4486222 0.2176414 -0.4767464 0.4483651 0.1964732 -0.4687814 0.4478574 0.1761836 -0.4553192 0.4469063 0.1911321 -0.4368591 0.4428495 0.1761836 -0.4441648 0.4450919 0.181975 -0.4347596 0.4422204 0.1921591 -0.4159299 0.4330186 0.1761836 -0.4221997 0.4367625 0.1931106 -0.4118953 0.4303519 0.1931617 -0.3884761 0.4059836 0.1761836 -0.3930861 0.4123578 0.1910201 -0.3850784 0.4007167 0.1878587 -0.3809769 0.3926026 0.1761836 -0.3805393 0.3916331 0.1958234 -0.3789533 0.3877782 0.1761836 -0.37662 0.3810089 0.1929339 -0.3735215 0.3691264 0.1934376 -0.3724063 0.3609253 0.1761836 -0.3732396 0.3666599 0.1761836 -0.3716334 0.3524212 0.196723 -0.3716096 0.3330389 0.1761836 -0.3714037 0.3377737 0.1761836 -0.3715225 0.3351578 0.196566 -0.3757268 0.3071592 0.1761836 -0.3746975 0.3111714 0.1761836 -0.3738323 0.3145294 0.189033 -0.3762573 0.3066486 0.2175841 -0.3797423 0.2949786 0.2019548 -0.3972735 0.2681325 0.1761836 -0.3907647 0.2762051 0.1902453 -0.4032858 0.2618631 0.1883431 -0.4097861 0.2565721 0.1761836 -0.4169147 0.2514573 0.1896263 -0.4207459 0.2493488 0.1761836 -0.4179941 0.250997 0.1761836 -0.434631 0.2425777 0.1761836 -0.4295248 0.2444205 0.1849321 -0.4429375 0.2395694 0.1880095 -0.4610248 0.2361134 0.1885274 -0.4820966 0.2343782 0.1980472 -0.5173603 0.2332438 0.191733 -0.5356255 0.2333044 0.1981048 -0.5668205 0.2325677 0.1945538 -0.5673869 0.2186424 0.2176673 -0.567056 0.212096 0.1970732 -0.5673139 0.2017726 0.217602 -0.5670625 0.1919458 0.196779 -0.5672777 0.1838906 0.2178167 -0.5670611 0.1829496 0.1761836 -0.567068 0.1722337 0.1974573 -0.5670611 0.1426793 0.1761836 -0.5670516 0.1518318 0.1972077 -0.5670629 0.1326944 0.1967319 -0.5675022 0.1598127 0.2177015 -0.5671871 0.1408693 0.2176495 -0.5673112 0.1246033 0.2175276 -0.5670601 0.1144838 0.1964887 -0.5670611 0.1024089 0.1761836 -0.5676115 0.1024137 0.1879473 -0.5853901 0.1023671 0.1937907 -0.5940051 0.1024089 0.1761836 -0.6060335 0.1023724 0.1938852 -0.6146215 0.1025076 0.2173323 -0.620949 0.1024089 0.1761836 -0.6182541 0.1023644 0.1959618 -0.6365861 0.1025341 0.1883877 -0.5667695 0.3896827 0.1940648 -0.549691 0.3915529 0.21727 -0.5670517 0.3680878 0.1968005 -0.5673081 0.3537638 0.2175537 -0.5670611 0.360379 0.1761836 -0.5670613 0.3455042 0.1970201 -0.5676276 0.3344001 0.2176377 -0.5670712 0.3254968 0.1962917 -0.5674918 0.3154227 0.2175814 -0.5670904 0.3073325 0.1959242 -0.5668848 0.2925144 0.2175011 -0.5670611 0.2922182 0.1761836 -0.5665371 0.2922666 0.1889096 -0.5273059 0.2920635 0.2036914 -0.5389739 0.2912589 0.2174136 -0.5146217 0.2918077 0.2174726 -0.5088392 0.2926797 0.1923964 -0.4907134 0.2929611 0.217505 -0.4756505 0.2968562 0.1761836 -0.4805244 0.2956106 0.1905803 -0.4719113 0.298395 0.1868674 -0.4673339 0.2989243 0.2173554 -0.4588819 0.3059145 0.1897612 -0.4672228 0.3005016 0.1761836 -0.4600863 0.3053078 0.1761836 -0.4617612 0.303997 0.1761836 -0.4497258 0.3150804 0.2170914 -0.4473761 0.3221969 0.1761836 -0.4476075 0.3210105 0.1904824 -0.4461551 0.3256298 0.1821444 -0.4452335 0.3282886 0.1761836 -0.4444453 0.3317657 0.1859739 -0.4432555 0.3355449 0.2172884 -0.4437098 0.3370385 0.1761836 -0.4435331 0.3407109 0.1872521 -0.4435852 0.3445559 0.1761836 -0.4440621 0.3497203 0.1896589 -0.4448018 0.3581135 0.2173033 -0.4620482 0.3796222 0.1761836 -0.4541796 0.3729369 0.1808246 -0.4631992 0.380592 0.1896324 -0.4567675 0.3760029 0.2174049 -0.4696 0.3849776 0.2175149 -0.4765089 0.3868083 0.1880596 -0.4728804 0.385539 0.1761836 -0.470574 0.3845741 0.1761836 -0.4848634 0.3896351 0.2170951 -0.4935511 0.3896033 0.1888391 -0.5059205 0.3907713 0.2175357 -0.4962016 0.3897766 0.1761836 -0.5142059 0.3904825 0.187687 -0.5134199 0.3906782 0.2032083 -0.5275573 0.3913214 0.2175377 -0.5322638 0.3905332 0.188074 -0.5462341 0.3906729 0.1761836 -0.5436308 0.3906729 0.1761836 -0.2981312 0.449367 0.1761836 -0.3128665 0.4492884 0.1919032 -0.2934452 0.449375 0.1964389 -0.2768256 0.4493629 0.1969415 -0.2657985 0.449367 0.1761836 -0.2711873 0.449367 0.1761836 -0.2619419 0.4493834 0.1960943 -0.2550209 0.449367 0.1761836 -0.2444466 0.4491508 0.188381 -0.2442311 0.4321625 0.1968367 -0.2451496 0.4482976 0.2164124 -0.2442459 0.4146566 0.1975569 -0.2442436 0.3975428 0.1976842 -0.2442473 0.376347 0.1965641 -0.2442433 0.3626366 0.1761836 -0.2442458 0.355445 0.1981461 -0.2442433 0.3192715 0.1761836 -0.2442497 0.3322391 0.1966193 -0.2442458 0.3109542 0.1977013 -0.2444489 0.3185464 0.2178012 -0.2442433 0.2759063 0.1761836 -0.2442494 0.2881106 0.1965826 -0.2442449 0.2664191 0.1969708 -0.2441681 0.247035 0.1937701 -0.2437562 0.2308509 0.1901853 -0.2436606 0.2169286 0.2176204 -0.2425687 0.2122345 0.1892738 -0.2420414 0.2029861 0.2170498 -0.2399651 0.1971091 0.1761836 -0.2408754 0.200239 0.1761836 -0.2401577 0.1964175 0.1818961 -0.2363753 0.1868501 0.2176337 -0.238898 0.1920652 0.2008762 -0.228738 0.176504 0.1832731 -0.2255523 0.1727478 0.2048951 -0.2135218 0.1649591 0.1868684 -0.2176453 0.1672593 0.1761836 -0.2203397 0.1691498 0.1761836 -0.2054113 0.1612095 0.1761836 -0.1980872 0.1590169 0.1906046 -0.2104852 0.1615562 0.2175627 -0.1896919 0.1564331 0.217121 -0.182691 0.1566721 0.1761836 -0.1868418 0.1570502 0.1761836 -0.1859788 0.1570792 0.1811869 -0.1775326 0.1562163 0.1920819 -0.172056 0.1561557 0.2177072 -0.1495516 0.1589408 0.1761836 -0.1531842 0.1581552 0.1761836 -0.1597093 0.1570721 0.1891933 -0.145317 0.1599684 0.1892838 -0.1549606 0.1573575 0.2174896 -0.1391793 0.1611714 0.2175334 -0.1318259 0.1662121 0.1895539 -0.1234853 0.1722407 0.2175679 -0.1100868 0.2027492 0.18933 -0.1126752 0.1882039 0.2168429 -0.1092337 0.2074831 0.2176293 -0.1091595 0.2116384 0.1761836 -0.1095054 0.2079371 0.1761836 -0.1086069 0.219407 0.189625 -0.1076169 0.2262899 0.2174752 -0.1081399 0.2292164 0.1761836 -0.1079548 0.2376495 0.1919096 -0.1073704 0.245655 0.2176033 -0.1077576 0.2453113 0.1761836 -0.107689 0.2540778 0.1974879 -0.1074849 0.2640897 0.217799 -0.1076906 0.273549 0.1958749 -0.1073294 0.2824576 0.2177195 -0.1076848 0.3017213 0.1761836 -0.1076816 0.2933967 0.1978409 -0.1076787 0.3150723 0.1963589 -0.1074616 0.3035955 0.2178215 -0.1073262 0.3260574 0.2177037 -0.1076848 0.3312504 0.1761836 -0.1076858 0.3368161 0.1977507 -0.1076848 0.346015 0.1761836 -0.1076786 0.3586195 0.196303 -0.1074823 0.347671 0.2177996 -0.1073569 0.3698281 0.217647 -0.1076848 0.375544 0.1761836 -0.1076821 0.3806951 0.1976719 -0.1076848 0.3903086 0.1761836 -0.1076626 0.4030492 0.1964839 -0.1074541 0.392708 0.217824 -0.107293 0.4145517 0.2176344 -0.1076848 0.4198377 0.1761836 -0.1076873 0.4257441 0.1976144 -0.09302264 0.4493825 0.1964437 -0.08074086 0.449367 0.1761836 -0.07330965 0.4493764 0.196901 -0.05582779 0.4494006 0.1933371 -0.06457448 0.449367 0.1761836 -0.06996327 0.449367 0.1761836 -0.07057899 0.4483526 0.2179568 -0.05443632 0.4491357 0.2170676 -0.03831499 0.4493083 0.1936108 -0.03761839 0.4367539 0.1936861 -0.03763049 0.4213307 0.1761836 -0.03763401 0.4181177 0.1982653 -0.03763049 0.4073126 0.1761836 -0.03763264 0.3978728 0.198255 -0.03762727 0.3756576 0.1963769 -0.03800803 0.3613799 0.2176952 -0.03763049 0.3372218 0.1761836 -0.03763544 0.3511649 0.1966819 -0.03763383 0.3262505 0.1966197 -0.03790396 0.3169403 0.2176246 -0.03763431 0.3033411 0.1978514 -0.0376321 0.2819871 0.1965628 -0.03763049 0.2671312 0.1761836 -0.03765434 0.2600361 0.1973809 -0.03776496 0.2487745 0.1761836 -0.03791755 0.2408506 0.1972002 -0.03868812 0.2297102 0.217541 -0.03816825 0.2321544 0.1761836 -0.03870642 0.2197521 0.1965686 -0.03994077 0.2017263 0.1967363 -0.04168522 0.1912907 0.2173683 -0.04424184 0.1749321 0.1761836 -0.04252183 0.1823634 0.1897785 -0.04775261 0.162796 0.1910359 -0.05795353 0.1434727 0.1908058 -0.06810075 0.1311064 0.189724 -0.08370554 0.118249 0.1761836 -0.08057421 0.1204336 0.1761836 -0.07777261 0.1224907 0.1931914 -0.132003 0.09951144 0.1761836 -0.1241748 0.1008428 0.1897217 -0.1442335 0.09780865 0.1961958 -0.1536477 0.09704673 0.1761836 -0.1629543 0.09652423 0.1966267 -0.1539645 0.09720242 0.2174895 -0.1724219 0.09681582 0.2175079 -0.182336 0.09660243 0.1969109 -0.1950089 0.09779411 0.2175037 -0.1934881 0.09709715 0.1761836 -0.2044984 0.09783571 0.1918871 -0.2245596 0.100921 0.1962911 -0.2437396 0.1061468 0.1896483 -0.2517818 0.1105258 0.2176238 -0.2595472 0.1139163 0.18894 -0.2803418 0.1296148 0.1761836 -0.2726381 0.1227304 0.1848057 -0.2819955 0.1310709 0.1905433 -0.3003292 0.1566283 0.1903915 -0.2952241 0.1488614 0.2172154 -0.3008971 0.1580333 0.1761836 -0.3036787 0.1639091 0.1814834 -0.3057369 0.1700993 0.1761836 -0.3065186 0.1717724 0.1878896 -0.3096813 0.1874617 0.1911541 -0.3121545 0.2074764 0.1973881 -0.3124707 0.2170194 0.2176076 -0.3128356 0.2165986 0.1761836 -0.3135209 0.2276389 0.196704 -0.3135486 0.239094 0.2176389 -0.3139321 0.2389324 0.1761836 -0.3141528 0.2478223 0.1976189 -0.3139272 0.2598484 0.2176737 -0.3143051 0.2676365 0.1963381 -0.314189 0.2767805 0.2176275 -0.3142976 0.2927643 0.1761836 -0.3142974 0.2853845 0.1973312 -0.314298 0.3047249 0.1987832 -0.31404 0.2923847 0.2178427 -0.3138945 0.3089341 0.2179814 -0.3142976 0.3070009 0.1761836 -0.3142973 0.32102 0.1931669 -0.3142221 0.3232717 0.2173795 -0.3142966 0.3382679 0.1974151 -0.3139873 0.3425841 0.2177076 -0.3142976 0.3497107 0.1761836 -0.3142969 0.3564835 0.197965 -0.3140941 0.3640975 0.2177983 -0.3142932 0.3779627 0.1967079 -0.3138853 0.3884075 0.2177432 -0.3142939 0.3986504 0.1978909 -0.3140074 0.4110473 0.2176953 -0.3142974 0.4171541 0.197511 -0.3142243 0.4274622 0.2174655 -0.314302 0.4354662 0.1935543 -0.3140542 0.446836 0.2172385 0.03266417 0.2167707 0.1936163 0.05516225 0.2188688 0.1761836 0.05034393 0.2184579 0.1922894 0.066096 0.2199341 0.1964401 0.07837921 0.2207583 0.216915 0.0866211 0.2219272 0.1761836 0.08100283 0.2215418 0.1911237 0.087489 0.2177399 0.1898131 0.08631259 0.2216843 0.2158122 0.09159541 0.2025343 0.1761836 0.09430456 0.1950932 0.1896348 0.08939003 0.2083613 0.2169841 0.09654474 0.1880351 0.2176253 0.1047295 0.1782386 0.1899863 0.1148184 0.1681635 0.2172549 0.1168223 0.1672788 0.1894739 0.1209033 0.1649458 0.1761836 0.1303972 0.1605238 0.1891773 0.162766 0.1554191 0.1892361 0.1808978 0.156591 0.189442 0.2000123 0.1614435 0.1898749 0.2091635 0.1664071 0.1833148 0.2158589 0.1719319 0.1949197 0.2132395 0.1696231 0.1761836 0.2181466 0.1741773 0.1761836 0.2227017 0.1795221 0.1860672 0.2255071 0.1839578 0.1761836 0.2239737 0.1814286 0.1761836 0.2277956 0.188463 0.1889852 0.230961 0.2032486 0.1905685 0.2305164 0.2032303 0.1761836 0.2297906 0.2090979 0.180528 0.2301257 0.2087087 0.1761836 0.2303428 0.2069274 0.1761836 0.2193229 0.2279728 0.1761836 0.2207373 0.2266956 0.1761836 0.2257074 0.2215364 0.1873063 0.2102376 0.2343029 0.1889614 0.2034138 0.2368996 0.2180123 0.1945324 0.2413955 0.2176663 0.1927627 0.2406432 0.1869572 0.1817034 0.2445619 0.2171711 0.1720007 0.2465845 0.1900291 0.1800273 0.2445481 0.1761836 0.1839694 0.2434614 0.1761836 0.1659657 0.2482788 0.1761836 0.1537083 0.2513552 0.1922875 0.1485515 0.2527154 0.1761836 0.1388462 0.2551305 0.1961783 0.1637242 0.2496129 0.217234 0.1430215 0.2546651 0.2176465 0.1238729 0.2598636 0.2175365 0.1183147 0.2609391 0.1963849 0.104125 0.2660311 0.217773 0.09716624 0.2686015 0.1761836 0.1036446 0.2660374 0.1761836 0.0982201 0.2679927 0.1917934 0.0840131 0.2747614 0.2174142 0.09108567 0.2712413 0.1761836 0.07928222 0.2771131 0.191338 0.0654819 0.2864196 0.2168079 0.06295412 0.2886682 0.1761836 0.06664842 0.2855746 0.1761836 0.06733816 0.2850493 0.1880859 0.05524182 0.2959406 0.1957645 0.05119371 0.3016164 0.2177072 0.04283761 0.3125033 0.2172783 0.05387943 0.2977764 0.1761836 0.04469782 0.3098625 0.1897186 0.03402858 0.3343314 0.1761836 0.03198468 0.3448064 0.1940928 0.03119271 0.3522245 0.1761836 0.0310164 0.3631656 0.1850121 0.0317977 0.3705307 0.1761836 0.03135657 0.3665577 0.1761836 0.0330162 0.3781908 0.1901759 0.03532677 0.3860025 0.1761836 0.0341798 0.3821976 0.1761836 0.03849512 0.3948186 0.1907184 0.04441219 0.4057263 0.2176706 0.04167902 0.400802 0.1761836 0.03982627 0.3971652 0.1761836 0.05088257 0.4148231 0.1761836 0.05994504 0.4246072 0.1932042 0.07877826 0.4385179 0.184997 0.06948566 0.4322834 0.1761836 0.06600004 0.4297024 0.1761836 0.07104754 0.4332494 0.2172863 0.09366238 0.4449992 0.1761836 0.1016708 0.4479393 0.190978 0.08626288 0.4417096 0.2046162 0.1127864 0.4507129 0.1761836 0.1245433 0.453102 0.189561 0.1341063 0.454141 0.1761836 0.1458359 0.4550685 0.197587 0.1612681 0.4550544 0.2175351 0.1658742 0.4552573 0.1961013 0.1823418 0.4534963 0.2174885 0.1947498 0.4525725 0.1761836 0.1875975 0.4536158 0.1941421 0.2050227 0.4506579 0.1963939 0.1995946 0.4512146 0.2176515 0.2150251 0.4477266 0.2176676 0.2110114 0.4491836 0.1761836 0.2222564 0.4457405 0.1915405 0.2319764 0.4414508 0.2175108 0.232526 0.4415583 0.1761836 0.2409468 0.4373885 0.1911855 0.2512622 0.4301042 0.2176148 0.2505872 0.4308829 0.1761836 0.2585054 0.4245836 0.191033 0.2696242 0.4116402 0.2173364 0.2652901 0.4173816 0.1761836 0.2711129 0.4104172 0.1879689 0.278892 0.3982615 0.1928237 0.2822149 0.3906202 0.2173164 0.2766712 0.4017824 0.1761836 0.2853462 0.3820676 0.1939928 0.2893757 0.3644587 0.1761836 0.2890203 0.3663819 0.196683 0.2904325 0.3507093 0.1864139 0.2746291 0.3494966 0.1989423 0.2690754 0.3492556 0.1761836 0.2577482 0.3486623 0.1866276 0.2374891 0.3478231 0.1943367 0.2189462 0.354996 0.1761836 0.2198229 0.3511504 0.1761836 0.2211857 0.3473176 0.19111 0.2074964 0.3793071 0.1761836 0.2118186 0.3733898 0.1852327 0.2044879 0.3827856 0.19334 0.1974514 0.3888356 0.2176839 0.1948034 0.3896129 0.1905635 0.1801689 0.3956646 0.216539 0.1685646 0.3968141 0.1921896 0.1540167 0.3980803 0.2173562 0.142591 0.3965752 0.1924856 0.1276688 0.3948608 0.2171155 0.1311938 0.3941793 0.1867124 0.1243553 0.3925494 0.1761836 0.1278759 0.3936628 0.1761836 0.1177846 0.3898774 0.1761836 0.1209915 0.3912876 0.1761836 0.1182194 0.3900709 0.1877251 0.1074593 0.383486 0.1761836 0.1091048 0.3847561 0.1761836 0.1065542 0.382862 0.1834765 0.1033127 0.379289 0.1761836 0.1045632 0.3807524 0.1761836 0.09896028 0.3721024 0.189997 0.1078075 0.3845957 0.2169651 0.09902387 0.372896 0.217825 0.09826034 0.3574708 0.2055383 0.09640002 0.3645125 0.2173908 0.09927272 0.3539398 0.2175573 0.1106578 0.3404387 0.1761836 0.1055248 0.3438485 0.1865855 0.1234703 0.3335413 0.1857925 0.1206398 0.3357224 0.2050507 0.1067379 0.3413022 0.2173355 0.1298211 0.3304979 0.2175316 0.1354363 0.3294695 0.206093 0.1572415 0.3224763 0.2172654 0.133647 0.3299019 0.1761836 0.1460572 0.3259749 0.1950557 0.1644374 0.3210034 0.1967696 0.1775666 0.3176816 0.2172011 0.172769 0.3189619 0.1761836 0.1846581 0.3160823 0.1954663 0.1956488 0.3125124 0.2175587 0.2142604 0.3076186 0.1761836 0.2081364 0.3095372 0.1761836 0.2074778 0.3098472 0.1900159 0.2155982 0.3065712 0.2175751 0.2277063 0.3030455 0.1964043 0.2351081 0.2998996 0.2174597 0.2439488 0.2961919 0.1904375 0.2655898 0.2826086 0.1761836 0.2623828 0.2850915 0.1761836 0.2601847 0.2867681 0.1913269 0.2551451 0.2900452 0.2174836 0.2726284 0.2760922 0.2176215 0.2763002 0.2721976 0.2033324 0.2796919 0.2684714 0.1761836 0.2771292 0.2715285 0.1761836 0.2727693 0.2764021 0.1841094 0.2923083 0.247776 0.1761836 0.2905731 0.2515138 0.1761836 0.2854579 0.2607121 0.186725 0.2996686 0.220892 0.1897773 0.298734 0.1839829 0.1896912 0.3004454 0.2023134 0.189918 0.2997989 0.1932113 0.2177174 0.3001786 0.1943811 0.1761836 0.2907678 0.1598301 0.1761836 0.2926304 0.1639921 0.1761836 0.2935303 0.1657086 0.1884064 0.2827793 0.1450753 0.1891312 0.2874939 0.1543151 0.2175384 0.2673428 0.1275446 0.1896142 0.2621826 0.1234193 0.1761836 0.2657873 0.126405 0.1761836 0.2387929 0.1093338 0.1887507 0.2417225 0.1108436 0.1761836 0.2461395 0.113045 0.1761836 0.2274691 0.1052364 0.1761836 0.2203656 0.1030011 0.1912763 0.2116346 0.1010057 0.1761836 0.2017574 0.09912544 0.1970713 0.2301688 0.1065079 0.2170906 0.1942121 0.09811103 0.1761836 0.1831102 0.09699505 0.1972398 0.1752015 0.09655237 0.1761836 0.1616389 0.09621423 0.1966641 0.1685301 0.09663838 0.2176464 0.1483522 0.09695976 0.2173209 0.151704 0.09643477 0.1761836 0.1373373 0.09732156 0.1912543 0.1240472 0.09912353 0.1761836 0.1153462 0.1006902 0.1931905 0.126023 0.09923583 0.2176344 0.1043803 0.1038441 0.2174888 0.1074159 0.1027086 0.1761836 0.09522831 0.106482 0.1906588 0.07528543 0.1157096 0.1915265 0.08479863 0.111423 0.2173806 0.06821191 0.1213117 0.2177786 0.05782163 0.1288568 0.1963413 0.06619334 0.1220679 0.1761836 0.05533027 0.1314101 0.1761836 0.04474049 0.1434626 0.191769 0.05568969 0.1314052 0.2176316 0.04692459 0.1409914 0.2175142 0.04157543 0.1479588 0.1761836 0.03415954 0.1603311 0.1918042 0.03715687 0.1554864 0.2175564 0.03084546 0.1674567 0.1761836 0.02591061 0.1799175 0.1916163 0.0283671 0.1742551 0.2177665 0.01968419 0.2065073 0.1761836 0.02124422 0.1980417 0.1761836 0.02107316 0.1993569 0.196793 -0.5182376 -0.1787957 0.1946946 -0.5181222 -0.1792481 0.2172424 -0.5182413 -0.1591625 0.201062 -0.5182474 -0.23866 0.1976678 -0.5181041 -0.2213557 0.2177363 -0.5182452 -0.2184125 0.1943547 -0.5562321 -0.1396283 0.2046016 -0.5737382 -0.13933 0.1966171 -0.5567665 -0.1396427 0.1883502 -0.5738925 -0.1079149 0.1761837 -0.5738621 -0.1190931 0.1974512 -0.5732064 -0.1080138 0.2008449 -0.5717326 -0.1393281 0.2176182 -0.5738289 -0.1266005 0.2175614 -0.5226551 -0.1079109 0.1971442 -0.5154578 -0.1081438 0.2176513 -0.5018659 -0.1079135 0.1979258 -0.4248545 -0.1237782 0.1761837 -0.4248672 -0.1212695 0.198956 -0.4249841 -0.1393607 0.1933164 -0.425368 -0.1081829 0.2170959 -0.4253261 -0.1243724 0.2179957 -0.4401218 -0.1393973 0.21779 -0.4583804 -0.1395419 0.2178396 -0.4499513 -0.1396018 0.206514 -0.4803811 -0.2014397 0.2054666 -0.4805582 -0.2107003 0.2178545 -0.4803844 -0.218903 0.1991733 0.2499858 -0.1291406 0.1936152 0.2501265 -0.1299002 0.2174192 0.2502675 -0.1084859 0.2010676 0.2506932 -0.2190397 0.2179548 0.2501914 -0.199994 0.2176666 0.2499952 -0.2086155 0.1992496 0.3890342 -0.1237782 0.1761837 0.3890149 -0.123746 0.2026275 0.3882707 -0.1394619 0.1928114 0.388332 -0.108218 0.2174246 0.3882405 -0.1237331 0.217967 0.3123012 -0.1396424 0.1930454 0.3223476 -0.1396473 0.2029181 0.3029291 -0.1396256 0.2025873 0.365718 -0.1396396 0.2021594 0.3501907 -0.1396119 0.209322 0.3408516 -0.1396392 0.1986314 0.2878429 -0.1590169 0.1988936 0.2882694 -0.1808584 0.1993403 0.2878468 -0.1700027 0.1881025 0.3117812 -0.1812224 0.2065769 0.3382604 -0.1813535 0.2175962 0.3347947 -0.1812188 0.1971671 0.381998 -0.197018 0.1761837 0.3820108 -0.1974292 0.202848 0.3813182 -0.2126157 0.1946237 0.3812916 -0.1815578 0.2175324 0.3810381 -0.1994442 0.2179954 0.3587334 -0.2128136 0.2050698 0.3349061 -0.2128172 0.197109 0.2878615 -0.2292098 0.1974677 0.2874734 -0.2397803 0.2177717 0.2878637 -0.2494882 0.1963219 0.3926162 -0.2796606 0.1761837 0.3925706 -0.2783395 0.2022904 0.3922122 -0.2952104 0.1974202 0.3915024 -0.2642595 0.2172014 0.2815706 -0.2954579 0.190088 0.2855821 -0.2954494 0.2056334 0.2653716 -0.2954424 0.1966119 0.4251099 -0.2070453 0.19102 0.4251154 -0.2278585 0.1990233 0.4251071 -0.2119896 0.2061802 0.4435322 -0.1079149 0.1761837 0.4433069 -0.1079202 0.2009528 0.4618519 -0.1080415 0.1974033 0.4256978 -0.1088134 0.2171669 0.4441914 -0.1080318 0.2178853 0.4906992 -0.1548176 0.193233 0.4911897 -0.1561433 0.2176712 0.5015091 -0.1724598 0.1985082 0.5387032 -0.186287 0.1952117 0.5388634 -0.1758155 0.2177475 0.5387284 -0.165104 0.1974619 0.5563021 -0.1079149 0.1761837 0.5568006 -0.107923 0.2012964 0.5735892 -0.1080524 0.1937114 0.5391564 -0.1081205 0.2166191 0.5532309 -0.1081617 0.2179875 0.5739015 -0.2615775 0.197323 0.5733959 -0.2752868 0.2177202 0.5739141 -0.2819731 0.1969195 0.5078544 -0.250106 0.2006255 0.5021642 -0.2402858 0.217871 0.4971852 -0.2328391 0.1954662 0.4602837 -0.2765725 0.1908793 0.4602873 -0.2730665 0.2073659 0.460049 -0.2950007 0.200513 0.4602823 -0.2137874 0.206389 0.4601535 -0.2370658 0.217743 0.4602909 -0.2327571 0.1954652 0.4427874 -0.2953913 0.2173977 0.4255489 -0.294606 0.2178854 0.4253315 -0.2947832 0.2021937 0.4598096 -0.2937481 0.2177118 -0.4124937 -0.189893 0.1893162 -0.4095832 -0.1710578 0.1761837 -0.4104288 -0.1743311 0.1910858 -0.4076976 -0.1635449 0.1854087 -0.3997597 -0.1459384 0.1983828 -0.3973055 -0.142119 0.217051 -0.3896651 -0.1318629 0.1914885 -0.3865919 -0.1290483 0.2173804 -0.3868593 -0.1290233 0.1761837 -0.3808742 -0.1231335 0.1821729 -0.3742798 -0.118468 0.1761837 -0.3722816 -0.116921 0.1869764 -0.3570328 -0.1100292 0.1761837 -0.3618466 -0.1117077 0.1891648 -0.3512982 -0.1082316 0.193093 -0.3697707 -0.1160773 0.216845 -0.3386387 -0.1056937 0.1916822 -0.3510904 -0.1082897 0.2171959 -0.3309998 -0.1052768 0.217431 -0.3211697 -0.1047602 0.2020079 -0.3080759 -0.1057447 0.2175425 -0.3158485 -0.1048688 0.1761837 -0.3246267 -0.1045072 0.1829118 -0.3030673 -0.105968 0.1902324 -0.2897539 -0.1096065 0.2172461 -0.2816903 -0.1121873 0.1894584 -0.2730456 -0.1172206 0.2175373 -0.2500249 -0.1367964 0.1904761 -0.2564113 -0.1301271 0.2170832 -0.245475 -0.1440038 0.2168223 -0.2456741 -0.1433681 0.1761837 -0.2410393 -0.1516208 0.1907416 -0.231524 -0.1874612 0.1910074 -0.2332018 -0.1779923 0.2172156 -0.2312979 -0.1991047 0.2173352 -0.2309437 -0.2094616 0.1896219 -0.2322135 -0.2198818 0.2177527 -0.2361725 -0.2396681 0.1761837 -0.2336184 -0.2300155 0.1909494 -0.2384251 -0.2462188 0.1927744 -0.2402632 -0.2503779 0.1761837 -0.2441701 -0.2581616 0.1927691 -0.2364892 -0.2393551 0.2173913 -0.2447897 -0.2586799 0.2173079 -0.251636 -0.2686448 0.1922604 -0.2564209 -0.2734522 0.2172814 -0.2556035 -0.2730722 0.1761837 -0.2621247 -0.2792966 0.1909458 -0.2678847 -0.2835185 0.1761837 -0.2759906 -0.2885263 0.1908231 -0.2680838 -0.2834795 0.2174957 -0.284401 -0.2920631 0.2174103 -0.2819373 -0.2912397 0.1761837 -0.2929967 -0.2952623 0.1896758 -0.3040595 -0.2971763 0.2174891 -0.3134921 -0.2984325 0.1908196 -0.3400098 -0.2973024 0.1761837 -0.3340811 -0.2980556 0.1761837 -0.3346107 -0.2982447 0.1894215 -0.3457356 -0.296248 0.1761837 -0.3536798 -0.2941904 0.1904548 -0.3616958 -0.2912769 0.1761837 -0.3565786 -0.2932352 0.1761837 -0.3689149 -0.2880804 0.1909825 -0.3842531 -0.2772555 0.1925418 -0.4074915 -0.2406293 0.191219 -0.4122447 -0.2161617 0.1761837 -0.4113745 -0.2237622 0.1960432 -0.4128406 -0.2067877 0.1964889 -0.3183079 -0.2661958 0.1761837 -0.3287419 -0.2660678 0.1808141 -0.3201097 -0.2666007 0.1925595 -0.3117282 -0.2654268 0.1761837 -0.3042036 -0.2634094 0.1910156 -0.2917516 -0.2566783 0.1761837 -0.2971494 -0.260432 0.1818132 -0.2906044 -0.2560647 0.1909334 -0.2801724 -0.2442359 0.1906585 -0.274288 -0.2314685 0.1761837 -0.2748454 -0.2335795 0.1857586 -0.2731662 -0.2276995 0.1761837 -0.2717973 -0.221421 0.1919634 -0.2714403 -0.2195847 0.1761837 -0.2704166 -0.2101339 0.1872577 -0.2700595 -0.2010478 0.1761837 -0.270074 -0.1957985 0.1937074 -0.2705319 -0.1895194 0.1812692 -0.2741767 -0.1710774 0.1761837 -0.2722316 -0.178127 0.1907937 -0.276963 -0.1640244 0.1906492 -0.2842597 -0.1529462 0.1761837 -0.2810308 -0.1570219 0.1825439 -0.2859772 -0.1506156 0.1908512 -0.3082205 -0.1385848 0.1761837 -0.3051161 -0.1394296 0.1761837 -0.3006868 -0.141051 0.1854856 -0.3164137 -0.1368842 0.2041999 -0.3331845 -0.1381476 0.1930196 -0.3320646 -0.1379413 0.1761837 -0.3287316 -0.1374644 0.1761837 -0.3174176 -0.1367458 0.1825191 -0.3498051 -0.1448087 0.1761837 -0.3471171 -0.1431872 0.1761837 -0.3438523 -0.1415908 0.1854938 -0.3567169 -0.1499572 0.189882 -0.3594824 -0.1532021 0.1761837 -0.3572243 -0.1508175 0.1761837 -0.3707177 -0.1714953 0.2173514 -0.367837 -0.1655451 0.201555 -0.3741968 -0.1919133 0.2175851 -0.372251 -0.1821619 0.1902223 -0.3734714 -0.1919882 0.1761837 -0.3738905 -0.2027144 0.1929353 -0.3738207 -0.2156879 0.2174272 -0.3724177 -0.2197089 0.1761837 -0.3734363 -0.2117075 0.1817806 -0.3720108 -0.2226545 0.1922982 -0.3679865 -0.2378686 0.2172442 -0.3572026 -0.2527203 0.2036691 -0.3581525 -0.2516967 0.2176744 -0.3460143 -0.2609182 0.2174481 -0.1356779 -0.1869006 0.189759 -0.1301082 -0.1609385 0.1761837 -0.1324573 -0.1680137 0.1884337 -0.1260398 -0.1509722 0.1884998 -0.1169407 -0.1367351 0.2162191 -0.1255967 -0.1503982 0.1761837 -0.1220591 -0.1438308 0.1802083 -0.11945 -0.1401601 0.1761837 -0.1207883 -0.142138 0.1761837 -0.108551 -0.1273065 0.1761837 -0.1162371 -0.1352854 0.1842734 -0.1061285 -0.1248793 0.1876538 -0.1030063 -0.1229721 0.2172693 -0.09562349 -0.1169683 0.1894814 -0.08416485 -0.1114764 0.2171068 -0.06864595 -0.106868 0.1761837 -0.0742262 -0.1080585 0.1892315 -0.06203669 -0.1057096 0.1930162 -0.005940496 -0.1120192 0.1929221 -0.01893693 -0.1080803 0.2172904 0.004273712 -0.1173907 0.2173497 0.01680797 -0.1266267 0.1761837 0.01454764 -0.1246698 0.195527 0.02304595 -0.1329094 0.1879597 0.02407622 -0.1341548 0.2172877 0.02780991 -0.1388179 0.1761837 0.02441489 -0.1345054 0.1761837 0.03181934 -0.1445047 0.1929953 0.03772211 -0.1569023 0.2174111 0.04190659 -0.1693971 0.1933618 0.04320985 -0.1770496 0.2175105 0.04330909 -0.1756609 0.1761837 0.04467839 -0.183885 0.1936062 0.04529309 -0.1975281 0.2173166 0.04508042 -0.1883267 0.1761837 0.0455771 -0.1961328 0.1933506 0.04567086 -0.2019432 0.1761837 0.04555177 -0.2090415 0.1930986 0.0450865 -0.2154508 0.1761837 0.04445779 -0.2213979 0.1936885 0.04432284 -0.2208905 0.2175645 0.04248428 -0.2319872 0.1957904 0.03877204 -0.243555 0.2173309 0.03632062 -0.2503779 0.1761837 0.03851211 -0.2451396 0.1761837 0.03938543 -0.2428214 0.1927845 0.03106117 -0.260155 0.1761837 0.03439217 -0.2545492 0.1932753 0.02823215 -0.2644134 0.1940566 0.027565 -0.2651578 0.2174671 0.02463287 -0.2689996 0.1761837 0.02014589 -0.2738932 0.1954245 0.01298457 -0.2800649 0.2170721 -0.002911627 -0.2898541 0.2176449 0.005998969 -0.2855588 0.1931236 -0.010504 -0.2933281 0.1907165 -0.0246942 -0.2968471 0.2171402 -0.04148322 -0.2986379 0.1923808 -0.05898743 -0.2980929 0.1912485 -0.07602012 -0.2945656 0.1906742 -0.08511179 -0.2912769 0.1761837 -0.09009218 -0.2890748 0.1923701 -0.09473758 -0.2864565 0.1761837 -0.1009956 -0.2825379 0.1874117 -0.1152071 -0.2691503 0.1761837 -0.1098116 -0.2750221 0.1932004 -0.1194255 -0.2638004 0.1912702 -0.1244112 -0.2556382 0.1761837 -0.1273194 -0.2496796 0.1939578 -0.1290863 -0.2454946 0.1761837 -0.1268948 -0.25068 0.1761837 -0.1356607 -0.2161617 0.1761837 -0.1349302 -0.2224825 0.1761837 -0.1346645 -0.2242326 0.1907975 -0.1324939 -0.2348263 0.2019988 -0.1362487 -0.2060155 0.1892587 -0.03199982 -0.2647538 0.1761837 -0.03808486 -0.2661359 0.181636 -0.02893626 -0.2640575 0.1918048 -0.01773071 -0.2585049 0.1761837 -0.02039074 -0.2601392 0.1761837 -0.02169644 -0.2608866 0.182376 -0.0157895 -0.2572361 0.1927365 0.005747735 -0.2152389 0.1761837 0.005143642 -0.2195847 0.1761837 0.004361093 -0.223829 0.1826032 0.005211174 -0.2193444 0.1951002 0.006553053 -0.2033231 0.1913362 0.006440341 -0.1961849 0.1761837 0.005907773 -0.1879869 0.1908262 -2.81601e-4 -0.1642584 0.1761837 7.14431e-5 -0.1647005 0.1927315 -0.006982564 -0.1533858 0.1885909 -0.0111581 -0.1490134 0.1822961 -0.01896822 -0.143469 0.1947836 -0.01466798 -0.1464695 0.1761837 -0.02852225 -0.1392164 0.1863076 -0.04276674 -0.1372281 0.1890643 -0.04515916 -0.1370829 0.1761837 -0.05206394 -0.137427 0.1814132 -0.07053315 -0.1431872 0.1761837 -0.06086981 -0.1389603 0.1889615 -0.07312613 -0.1447299 0.1872707 -0.07827478 -0.1486238 0.1761837 -0.07580173 -0.1466209 0.1761837 -0.08300614 -0.1528986 0.1921489 -0.08289843 -0.1532021 0.1761837 -0.08700841 -0.1585531 0.1823916 -0.08874833 -0.1614546 0.1761837 -0.09251135 -0.1690521 0.192155 -0.0960465 -0.1790472 0.2172135 -0.09654623 -0.2148176 0.1906979 -0.09764915 -0.2005052 0.2175887 -0.09646117 -0.2187666 0.2175433 -0.09687834 -0.2109975 0.1761837 -0.09721297 -0.2020819 0.1861581 -0.09505021 -0.223792 0.1761837 -0.09583365 -0.2197089 0.1761837 -0.09421354 -0.2273758 0.1927384 -0.09135222 -0.2384529 0.2172043 -0.09296095 -0.2314133 0.1761837 -0.09062772 -0.2372362 0.1873725 -0.08251464 -0.2499169 0.1761837 -0.07921993 -0.2534012 0.1931033 -0.0802043 -0.2523393 0.1761837 -0.08542549 -0.2463825 0.1919506 -0.07879441 -0.2539028 0.2176884 -0.07287412 -0.2582935 0.1937773 -0.07530212 -0.2566026 0.1761837 -0.07780015 -0.2545678 0.1761837 -0.06437128 -0.2628038 0.1761837 -0.06600385 -0.2619798 0.1885285 -0.060723 -0.2641286 0.1816006 -0.05518764 -0.2654199 0.1761837 -0.05578422 -0.2654767 0.1940186 -0.06506556 -0.263492 0.216992 -0.04455512 -0.2660503 0.1892739 0.07521307 -0.2802021 0.1962376 0.07522261 -0.2521803 0.1761837 0.07522386 -0.2600492 0.1977293 0.0752179 -0.2418447 0.198127 0.07522261 -0.2377538 0.1761837 0.07521623 -0.2224846 0.1936724 0.07522261 -0.2089007 0.1761837 0.07521909 -0.1998574 0.1955245 0.07529699 -0.2097188 0.2085013 0.07530003 -0.191377 0.2176033 0.07522821 -0.1801982 0.1961069 0.07566767 -0.1664609 0.2178173 0.07521474 -0.1586735 0.1975814 0.07530915 -0.1475112 0.2175256 0.07522583 -0.1358765 0.1963575 0.07572621 -0.1286292 0.2176141 0.07522261 -0.1223416 0.1761837 0.07526856 -0.1097124 0.1939873 0.09392005 -0.1079149 0.1761837 0.08924567 -0.1079149 0.1761837 0.08610963 -0.1078282 0.191952 0.1022034 -0.1079369 0.1968191 0.1266405 -0.1079149 0.1761837 0.1219662 -0.1079149 0.1761837 0.120229 -0.1079116 0.1970332 0.1412096 -0.1079517 0.1964157 0.1648275 -0.1085465 0.1883211 0.1881807 -0.1132093 0.1761837 0.1793916 -0.110092 0.179969 0.1847379 -0.1115174 0.1908205 0.2008253 -0.1213574 0.1761837 0.1988731 -0.1197041 0.1761837 0.1970816 -0.1183524 0.1908577 0.2063097 -0.1270257 0.1761837 0.203009 -0.1231511 0.1875782 0.2092864 -0.1306598 0.1906334 0.2111021 -0.133678 0.1761837 0.2096222 -0.1313654 0.1761837 0.2147697 -0.1412062 0.1761837 0.2136759 -0.1385984 0.1761837 0.2149469 -0.1412633 0.1906698 0.2178581 -0.1526215 0.1761837 0.2169451 -0.1472669 0.1816949 0.2185966 -0.1570385 0.1916813 0.2186303 -0.1589195 0.1761837 0.2190307 -0.1638626 0.1819794 0.2178424 -0.1792972 0.1906464 0.2179604 -0.1780825 0.1761837 0.2182942 -0.1757184 0.1761837 0.2170702 -0.1826152 0.1761837 0.2160204 -0.1866028 0.1930903 0.2126191 -0.1946513 0.1761837 0.214208 -0.1916527 0.1875053 0.2107681 -0.1982878 0.189923 0.1937456 -0.2153818 0.1906696 0.1748965 -0.2224256 0.1761837 0.1785479 -0.2217835 0.1862624 0.1667039 -0.2235686 0.1970181 0.1648256 -0.2236974 0.1761837 0.1675591 -0.2234271 0.1761837 0.1483387 -0.2247291 0.1868315 0.1293215 -0.2247081 0.1976912 0.1244854 -0.2247148 0.1761837 0.1134143 -0.2249125 0.1824069 0.1130898 -0.2301567 0.1761837 0.1131012 -0.2438383 0.1939925 0.113148 -0.2248582 0.2029596 0.1126953 -0.2357714 0.2177833 0.112689 -0.2548682 0.2174758 0.1130898 -0.2464825 0.1761837 0.1131931 -0.2597762 0.190139 0.1123164 -0.2737501 0.2178071 0.1130898 -0.284576 0.1761837 0.1130898 -0.2791341 0.1761837 0.1131567 -0.2791487 0.1908547 0.1072641 -0.2954599 0.1761837 0.1101769 -0.2954599 0.1761837 0.1129767 -0.2946269 0.1860581 0.09561264 -0.2954599 0.1761837 0.09852552 -0.2954599 0.1761837 0.1019218 -0.29559 0.1894086 0.08799952 -0.2954482 0.1983321 0.1130898 -0.1519228 0.1761837 0.1134899 -0.1403528 0.1931925 0.1131507 -0.1616699 0.1894818 0.1129361 -0.1565065 0.2171766 0.1121699 -0.1763942 0.2174709 0.1130898 -0.1887667 0.1761837 0.1131528 -0.1798443 0.1875588 0.1131833 -0.1925206 0.1853048 0.1135274 -0.1933845 0.2169007 0.1178724 -0.1928603 0.1761837 0.1213973 -0.1927962 0.1907033 0.1367609 -0.1928678 0.1970513 0.12949 -0.1930886 0.2172523 0.1500986 -0.1933435 0.2164359 0.1594761 -0.1911192 0.1761837 0.1577002 -0.19145 0.1761837 0.1541376 -0.1917923 0.1803577 0.1659936 -0.1889338 0.1761837 0.1648915 -0.1894455 0.1761837 0.1639754 -0.1898786 0.186913 0.1588746 -0.1913392 0.1912481 0.1697179 -0.1878775 0.2172248 0.17178 -0.1850369 0.1761837 0.1708141 -0.1856977 0.1866042 0.1768828 -0.1790766 0.1894045 0.1741418 -0.1825571 0.1761837 0.1780733 -0.176196 0.1793942 0.1798759 -0.1746922 0.2171519 0.1789426 -0.1733627 0.1761837 0.1797866 -0.1672682 0.1882953 0.1793776 -0.1562054 0.2168793 0.1795489 -0.1615902 0.1761837 0.1799486 -0.1643649 0.1800578 0.1788446 -0.1581863 0.186536 0.1785883 -0.1574388 0.1761837 0.17757 -0.1551789 0.1812602 0.1749908 -0.1506137 0.1893043 0.1712996 -0.1459842 0.2172518 0.1664538 -0.1435188 0.1761837 0.1707453 -0.146111 0.1792457 0.1658303 -0.1429794 0.1889268 0.1613911 -0.1415506 0.1761837 0.1533605 -0.1402561 0.1895827 0.1586324 -0.1400898 0.2172242 0.1401416 -0.1392067 0.2172697 0.1426839 -0.1397626 0.1761837 0.145104 -0.1398308 0.1761837 0.1490895 -0.1399876 0.1862882 0.13309 -0.1397168 0.1867248 0.1249468 -0.1392701 0.2166928 0.6371154 0.2764482 0.1971481 0.6371154 0.2969547 0.1905014 0.3600628 0.3168406 0.2179818 0.3777325 0.3121321 0.2181019 0.3769498 0.334169 0.218091 0.3597479 0.3543037 0.203517 0.3599506 0.3427478 0.2176606 0.3597382 0.2975729 0.1761836 0.3597389 0.2967943 0.1918877 0.3597396 0.3204107 0.187774 0.6369189 0.21306 0.2176355 0.6368165 0.1920625 0.2180132 0.2084347 0.2611994 0.2181053 0.191085 0.2752166 0.2181031 0.1985772 0.2640877 0.2181047 0.1147612 0.3099465 0.2181028 0.1345252 0.2939926 0.2181064 0.1231073 0.3102874 0.2180965 0.2141613 0.2691309 0.2181036 0.1915972 0.284561 0.2181037 0.2182186 0.2617002 0.2181032 0.1299446 0.2893029 0.2181007 0.6016005 0.3861693 0.2181037 0.5963994 0.3664069 0.2181149 0.615249 0.3765143 0.2180939 0.3937724 0.3266375 0.2181034 0.2228275 0.2653444 0.2181037 0.1993901 0.2823346 0.2181036 -0.6023147 0.3684053 0.2181001 -0.5834798 0.3596181 0.2181201 0.1074532 0.309823 0.2181034 0.1008349 0.302977 0.2181151 0.1181038 0.2941356 0.2181112 0.2351743 0.2608819 0.2181041 0.2235831 0.2706586 0.2181041 0.2499746 -0.2016874 0.1761837 0.2499741 -0.2214269 0.1901295 0.2499182 -0.2271828 0.2045239 0.5738925 -0.1782443 0.1761837 0.5738974 -0.1662674 0.196505 0.5739111 -0.188245 0.1971133 0.4251103 -0.2251305 0.1761837 0.1139541 0.2830231 0.2181128 0.2499746 -0.1782443 0.1761837 0.2499666 -0.1890584 0.1967594 0.2499823 -0.1685323 0.1977793 0.4251108 -0.1836749 0.1897846 0.4251103 -0.2016874 0.1761837 0.5736871 -0.1994388 0.217872 0.5736714 -0.2249534 0.2176991 0.5738885 -0.2428093 0.2032255 0.5736389 -0.2498195 0.2177374 0.4255038 -0.2003692 0.218 0.4432421 -0.1859792 0.2181357 0.4253881 -0.1776439 0.2179552 0.4250908 -0.1466135 0.2018253 0.4251003 -0.1692433 0.2029131 0.4253529 -0.1558987 0.2179364 0.262216 -0.1922263 0.2180995 0.2739919 -0.1836096 0.2181031 0.2504591 -0.1792454 0.2177264 0.2501457 -0.1545213 0.2178679 0.235765 0.2702351 0.2181065 0.3597418 0.1866692 0.2053455 0.3597256 0.166121 0.1981742 0.3604197 0.1736589 0.2178485 0.3601264 0.1955704 0.2179844 0.3597382 0.3843124 0.1761836 0.3597398 0.3534142 0.187727 0.3597383 0.1881085 0.190333 0.3597382 0.1891484 0.1761836 0.3597382 0.1674636 0.1761836 0.3597422 0.3393126 0.1968445 0.6371248 0.3613817 0.2060684 0.6371055 0.3845481 0.2000883 0.6363846 0.3771952 0.2178527 0.636579 0.3562947 0.218029 0.6371153 0.1674636 0.1761836 0.6371153 0.1891484 0.1761836 0.6371153 0.2108333 0.1761836 0.6371152 0.3630209 0.1889543 0.6371153 0.3626275 0.1761836 0.6371153 0.3843124 0.1761836 0.3795043 0.2045957 0.2181125 0.3600036 0.2167238 0.217736 0.6248505 0.3411713 0.2180668 0.6369985 0.3388152 0.2172675 0.3597382 0.3626275 0.1761836 0.6371153 0.3409426 0.1761836 0.1125548 0.1450215 0.2182241 0.4287946 0.1972509 0.2179796 0.4004007 0.1971353 0.2181069 0.4146077 0.1826633 0.2181063 0.601187 0.1797566 0.2181036 0.5914238 0.1605795 0.2180833 0.6162728 0.1606891 0.2181015 -0.4803759 -0.2175507 0.1761837 -0.4803761 -0.1992712 0.1915165 -0.4992342 -0.2170437 0.2181022 -0.4955019 -0.1972172 0.2181009 -0.5170313 -0.198679 0.2179739 0.4297925 0.1782616 0.1761836 0.429792 0.1966595 0.1913191 0.567061 0.1782616 0.1761836 0.5670668 0.1589307 0.196322 0.2439134 0.1472032 0.2180954 0.2514948 0.1663933 0.2181053 0.2304716 0.1596089 0.2180931 -0.518222 -0.1987025 0.2047761 -0.500401 -0.2385531 0.2181451 -0.4807649 -0.2338394 0.2177057 -0.4804109 -0.2547621 0.2048771 -0.4811546 -0.2559076 0.2179521 -0.4803903 -0.2369681 0.1945321 -0.5180032 -0.1079149 0.1761837 0.3800396 0.3946512 0.2181101 0.397318 0.3830071 0.218102 0.403811 0.3998602 0.2181169 0.3850977 0.4143874 0.2181403 0.5676736 0.3629789 0.2176928 0.5842853 0.3775814 0.2180914 0.5669314 0.1949971 0.2063611 0.5679537 0.2058102 0.2179571 0.5670607 0.196389 0.1919541 0.4297935 0.1586863 0.2004672 0.4297925 0.1592984 0.1761836 0.415514 0.1623167 0.2181077 0.3987556 0.1749156 0.2181036 0.4003178 0.1551474 0.2181037 0.2628247 0.1520636 0.218153 0.4980942 -0.2343094 0.1761837 0.5075451 -0.2495971 0.1761837 0.4997592 0.2793605 0.2181103 0.5173406 0.2658312 0.2181675 0.5191708 0.2811726 0.2181029 -0.481374 -0.1079149 0.1899057 -0.4993734 -0.1079149 0.1761837 -0.4905346 -0.1086032 0.2179269 -0.4909352 -0.1280112 0.2181032 -0.4604181 -0.1079089 0.1974611 -0.4794282 -0.1078664 0.2048401 -0.4698179 -0.1081081 0.2179136 0.321226 -0.2954596 0.1927369 0.3391255 -0.2954599 0.1761837 0.3378117 -0.2954543 0.200455 0.5099277 -0.1861919 0.1761837 0.500333 -0.1705365 0.1761837 0.5181113 -0.2007368 0.2180608 0.5098169 -0.1861476 0.2171564 0.4984464 -0.1912581 0.2181066 0.5200162 -0.2026774 0.2057222 0.312977 -0.107928 0.1972643 0.2945524 -0.107919 0.1969657 0.3059261 -0.1082995 0.2178102 0.4860864 -0.2148916 0.1972009 0.4886434 -0.2190219 0.1761837 0.510979 -0.2223295 0.2181597 0.4773335 -0.2007463 0.2001851 0.4801202 -0.2045305 0.2179617 0.4812682 0.3128085 0.1761836 0.4984267 0.2541143 0.1761836 0.5155853 0.2541143 0.1761836 0.5670857 0.3809027 0.2013599 0.567061 0.3810877 0.1761836 0.5670489 0.364726 0.1906591 0.3023078 -0.2954618 0.1971733 0.3034651 -0.2954599 0.1761837 0.3195831 -0.279539 0.2181012 0.3007189 -0.278586 0.2181134 0.3030496 -0.2952069 0.21777 0.2886312 -0.2951042 0.2180292 0.1739894 0.2737032 0.2181131 0.1875858 0.2689119 0.2180988 0.1800787 0.2804262 0.2181034 0.09905564 0.1651155 0.2180763 0.09341293 0.1475922 0.2181041 -0.5858147 0.32754 0.2180451 -0.5997905 0.3415987 0.2181031 -0.6048496 0.3181732 0.2181053 0.3335978 -0.1079171 0.1977512 0.3195043 -0.1079149 0.1761837 0.2995955 -0.1245982 0.2181072 0.3190786 -0.1244651 0.2181025 0.3543288 -0.1078996 0.1952862 0.3463774 -0.1080824 0.2177034 0.3651545 -0.1080074 0.2173787 0.4956403 0.2543956 0.2178948 0.4829006 0.2710461 0.2180966 0.4635264 0.254016 0.1952826 0.4817776 0.254118 0.2003365 0.4728665 0.2546142 0.2177969 0.5162685 0.2965376 0.2181379 0.532302 0.3127982 0.2037425 0.5165114 0.312663 0.2176774 0.53825 0.3120608 0.2179688 0.5127902 0.3128093 0.1969692 0.4984267 0.3128085 0.1761836 0.4812682 0.2541143 0.1761836 0.5673525 0.3838123 0.2179408 0.5858256 0.3955145 0.2180773 0.5670272 0.415109 0.197377 0.5676537 0.4005655 0.2176802 0.5673332 0.4209758 0.2178924 0.429272 0.336214 0.217853 0.4292302 0.3607708 0.2178154 0.4298319 0.3475992 0.1943711 0.4298107 0.3706058 0.1965309 0.4297925 0.3810877 0.1761836 0.4297913 0.3921439 0.1975474 0.2050297 0.4093634 0.2181055 0.1848164 0.4131247 0.2182497 -0.597922 0.3930011 0.2181029 -0.6177798 0.3871396 0.2181165 0.5563238 -0.1652898 0.2181048 0.5736352 -0.1543875 0.2177621 0.5568135 -0.1461776 0.2181116 0.460291 -0.2343094 0.1761837 0.4602907 -0.2142441 0.1899952 0.4429346 -0.2326381 0.2181016 0.4595146 -0.2177271 0.2179164 0.442663 -0.2093952 0.2181485 0.08519113 0.174167 0.2180746 0.5387119 -0.1548811 0.1761837 0.5387119 -0.1705365 0.1761837 0.4601317 -0.2575458 0.2175645 0.07938235 0.1544531 0.2181048 0.08386719 0.134122 0.2180804 0.2736346 0.2563772 0.2181754 0.262929 0.2687069 0.218102 0.2623574 0.2537406 0.2181009 0.06587141 0.309368 0.2181074 0.0763722 0.2931394 0.2181501 0.08410757 0.3044396 0.2181033 0.2352216 0.1269822 0.2181795 0.2233258 0.403455 0.2181017 0.2189342 0.4255752 0.2180808 0.1615875 0.2763335 0.2181038 0.1624382 0.2890418 0.2181069 0.1474596 0.2893001 0.2181068 0.1607923 0.3064646 0.2181488 0.1446588 0.3125235 0.2181155 0.1465184 0.3028826 0.2181038 0.1726396 0.2936073 0.2180989 0.2347434 0.4197795 0.2180852 0.0816099 0.4147728 0.2181013 0.06237816 0.4112812 0.2181598 0.08365923 0.342773 0.21814 0.101637 0.3241341 0.2180805 0.09890156 0.3377285 0.2178748 0.1550122 0.2758389 0.2180966 0.1733047 0.2602689 0.2182258 0.2551301 0.2225474 0.2181042 0.2430872 0.2400336 0.2181065 0.06508421 0.1651745 0.2181032 0.06896096 0.143459 0.2180877 0.1851233 0.2524387 0.2180364 0.1632071 0.2606664 0.2178611 0.1716243 0.2547776 0.217998 0.1442331 0.2745146 0.2180612 0.256933 0.2339497 0.218104 0.3505467 -0.1396412 0.187545 0.3689303 -0.139624 0.1915949 0.340821 -0.2795224 0.2181102 0.3375913 -0.2640087 0.2178125 0.3253452 -0.2952516 0.2174264 0.09956151 -0.1599036 0.218039 0.08987206 -0.1807623 0.2180559 -0.5997998 0.2972046 0.218104 -0.5849859 0.3058928 0.2181373 0.236766 0.4009603 0.2181043 0.2573117 0.2373028 0.2181036 0.2359653 0.2529403 0.2181036 0.3651362 -0.116797 0.2180895 0.3264255 -0.1080976 0.2177815 0.3538458 -0.2638553 0.1971084 0.3402289 -0.2638612 0.1761837 0.3312971 -0.2638605 0.193774 0.3705395 -0.2768529 0.2180838 0.3517388 -0.2707207 0.2180733 0.3761165 -0.2638568 0.1969633 0.3632692 -0.2639063 0.2176572 0.2430796 0.2509679 0.2181037 0.07093566 0.3383914 0.2181044 0.08517408 0.3266047 0.2181057 0.4017274 0.2797335 0.2181036 0.3863415 0.2902147 0.218104 0.3912691 0.2662099 0.2181038 0.410313 0.2978753 0.2181047 0.6200713 0.3963637 0.2180948 0.6368108 0.4046671 0.2176588 0.6367607 0.4260416 0.217931 0.3607138 0.3800736 0.2179962 0.3845877 0.3725743 0.2181027 0.3349199 -0.2128173 0.1761837 0.3577559 -0.2128183 0.1882717 0.3349199 -0.1812187 0.1761837 0.3111259 -0.1812158 0.1892008 0.1803444 0.2973067 0.2181027 -0.5790088 0.4014338 0.2181029 0.3271179 -0.1396425 0.1870626 0.3114084 -0.139402 0.2178415 0.1307227 0.2741391 0.2180444 0.3587369 -0.1907155 0.218096 0.2605413 0.2377899 0.2181037 0.4999891 -0.2075246 0.2180928 0.08052563 0.3187102 0.2181036 0.1675236 0.4237475 0.218101 0.167077 0.4102879 0.2181094 0.1761224 0.3085241 0.2180637 0.1923746 0.2978163 0.2180232 0.08743566 -0.1444343 0.2180874 0.573895 -0.2284904 0.1954199 0.2499591 -0.1468449 0.2025147 0.2501785 -0.2428969 0.2178965 0.2499631 -0.239906 0.1994824 0.2500182 -0.2565785 0.2048404 0.2499719 -0.1480156 0.1888024 0.2499746 -0.1548011 0.1761837 0.4251292 -0.2596549 0.2031064 0.4253773 -0.2720344 0.2176064 0.4254893 -0.2459575 0.2176484 0.4251084 -0.1589015 0.1884211 0.4251092 -0.1326783 0.1878261 0.4251103 -0.1782443 0.1761837 0.5738791 -0.1442465 0.1967481 0.5738925 -0.1548011 0.1761837 0.5738925 -0.131358 0.1761837 0.5738914 -0.2422159 0.1890564 0.5738925 -0.2485736 0.1761837 0.5738925 -0.2251305 0.1761837 0.2499638 -0.2568659 0.1897248 0.2499746 -0.2485736 0.1761837 0.2499746 -0.2720168 0.1761837 0.3948296 0.2200792 0.2181034 0.4142034 0.2159737 0.2180887 0.3761581 0.2490541 0.2181031 0.3935447 0.2429932 0.2181029 0.6018448 0.2457898 0.2181043 0.6193142 0.2499565 0.2181038 0.5841141 0.2384725 0.2181035 0.5846033 0.216379 0.2181061 0.6011574 0.2230955 0.2181033 -0.6074135 0.4108521 0.2181054 0.3577559 -0.1812177 0.1882717 0.3114826 -0.2128186 0.188631 0.3088866 -0.2125757 0.2180253 0.3115149 -0.2128165 0.2055449 0.3585947 -0.1812962 0.2179659 0.3589268 -0.1812216 0.2050223 0.2499746 -0.131358 0.1761837 0.4423395 -0.1450394 0.2181048 0.4255777 -0.1348115 0.2178493 0.4251103 -0.1548011 0.1761837 0.5736992 -0.1778287 0.2176979 0.2616932 -0.1427105 0.2181583 0.2667618 -0.1618093 0.2181181 0.2499747 -0.2379447 0.1862125 0.4251103 -0.2485736 0.1761837 0.4251171 -0.2429749 0.1929125 0.5582187 -0.2357085 0.2181127 0.5567593 -0.2593367 0.2181184 0.4253353 -0.2218065 0.2177957 0.2695076 -0.2309966 0.2181012 0.5738925 -0.2720168 0.1761837 0.1508214 0.4192927 0.2181336 0.04874181 0.1738207 0.2180978 0.05481427 0.1525366 0.2180987 0.359751 0.1431546 0.1992544 0.3597357 0.1240044 0.1886095 0.3597472 0.1239061 0.204994 0.6371066 0.1434144 0.2018751 0.6367315 0.1476178 0.2178621 0.6372002 0.1244331 0.2071501 0.6371128 0.1237118 0.1907737 0.6371142 0.4062556 0.1932147 0.6371153 0.4059973 0.1761836 0.6371153 0.4276822 0.1761836 0.6371281 0.4270251 0.2010615 0.3597539 0.4106398 0.2031399 0.3600628 0.4294092 0.2175902 0.3597545 0.4292649 0.1939772 -0.6238171 0.4095347 0.2181499 0.2690441 -0.2536932 0.2181017 0.2573437 0.1865186 0.2181028 0.2739074 0.1714351 0.2180306 0.2447054 0.3909032 0.2181069 0.2494252 0.4071162 0.2181531 -0.5847503 0.2678235 0.218115 -0.5854662 0.2475755 0.218105 0.2049812 0.2939887 0.2180215 -0.6202278 0.3281155 0.2181141 -0.6167437 0.3490021 0.2181092 -0.5837071 0.2882519 0.2180994 0.359722 0.3200626 0.203517 0.3597611 0.297047 0.2078573 0.3608745 0.294325 0.2180236 0.3597382 0.3409426 0.1761836 0.637117 0.3407406 0.1962113 0.6371154 0.320011 0.1868039 0.6371153 0.3192577 0.1761836 0.3596497 0.2312266 0.1992193 0.3601933 0.2379527 0.2180151 0.3597382 0.2325182 0.1761836 0.6371136 0.211086 0.1964504 0.637116 0.2315704 0.1871451 0.6371171 0.2327671 0.2029725 0.6371153 0.2325182 0.1761836 0.6371153 0.2542031 0.1761836 0.6371157 0.2554626 0.1905897 0.6371131 0.2553476 0.2062183 0.6367451 0.2582194 0.2179597 0.6366733 0.2393242 0.218005 0.3599665 0.1474642 0.2175992 0.3597396 0.1472789 0.1857351 0.3597382 0.1240938 0.1761836 0.6371209 0.1479042 0.1880205 0.6371153 0.1457787 0.1761836 0.3597375 0.4047113 0.1877006 0.3597382 0.4059973 0.1761836 0.3600884 0.4021246 0.2178534 0.06688511 0.3218272 0.2181044 0.6112288 0.3267341 0.2181202 0.6371153 0.2975729 0.1761836 0.6199924 0.2059873 0.2180997 0.6189682 0.2289268 0.218123 0.3764366 0.2271401 0.2181203 0.3804364 0.1595842 0.2180964 0.6206965 0.1394242 0.2180979 0.6371153 0.1240938 0.1761836 0.3597382 0.1457787 0.1761836 0.3597382 0.4276822 0.1761836 0.266017 0.2380501 0.2181035 0.250563 0.2537768 0.2181039 0.1518555 0.1324868 0.2181066 0.4294439 0.2293093 0.2177351 0.411324 0.2371366 0.2181096 0.4290218 0.1027129 0.2176538 0.4077701 0.1196376 0.2180861 0.4138461 0.1391889 0.2180966 0.4295611 0.1492608 0.2178845 0.6205385 0.308489 0.2181075 0.6014914 0.3087308 0.2181034 0.6358723 0.2940469 0.2180649 0.3957594 0.3091243 0.2181036 0.5848909 0.1944857 0.2180953 0.6027759 0.2009238 0.2181036 0.3756416 0.1387416 0.2180899 0.3942103 0.1386716 0.2181056 0.582657 0.1416845 0.2180938 0.5672209 0.1450549 0.2178748 0.5680086 0.1246916 0.2179922 0.6116904 0.1220253 0.2181029 0.5918549 0.1222974 0.2181078 0.6026908 0.1404435 0.2181029 0.6350879 0.1230076 0.2179685 0.07938975 0.3563073 0.2180649 0.255482 0.3854324 0.2181329 0.3772518 0.449367 0.1761836 0.3711831 0.4492776 0.1977446 0.3947653 0.1024089 0.1761836 0.4120821 0.1024135 0.1892803 0.6020882 0.449367 0.1761836 0.5841397 0.4493593 0.1927297 0.6192076 0.1024087 0.1972596 0.6020882 0.1024089 0.1761836 0.6368241 0.1028611 0.194462 0.6196017 0.1024089 0.1761836 -0.5182444 -0.2567794 0.1994941 -0.5182479 -0.2753831 0.1900646 -0.5183615 -0.2769509 0.2075126 -0.5181074 -0.2624794 0.2179037 -0.4803882 -0.2789478 0.197346 -0.4803763 -0.2578606 0.1877014 -0.4803759 -0.2565053 0.1761837 -0.4803759 -0.237028 0.1761837 -0.5182431 -0.2565053 0.1761837 -0.4803764 -0.1772631 0.1890163 -0.4803759 -0.1785961 0.1761837 -0.4803759 -0.1591188 0.1761837 -0.4803736 -0.1589087 0.2000804 -0.4803712 -0.1815924 0.20606 -0.4804813 -0.1635221 0.2176029 -0.4816697 -0.1788366 0.2180563 -0.5182431 -0.1591188 0.1761837 -0.5182431 -0.1785961 0.1761837 -0.5182422 -0.1984629 0.1881832 -0.4942091 -0.2758528 0.21811 -0.5051321 -0.2573906 0.2181124 -0.504374 -0.1789847 0.2180886 -0.4949773 -0.1601433 0.2181359 -0.5177041 -0.1600912 0.2179246 0.2783678 0.1892008 0.2181085 -0.5997346 0.2771979 0.2181038 0.4297924 0.2177652 0.1873592 0.4297925 0.216188 0.1761836 0.4297925 0.2351512 0.1761836 0.429795 0.2383784 0.1969987 0.567061 0.2351512 0.1761836 0.567061 0.216188 0.1761836 0.567061 0.1972248 0.1761836 0.4297959 0.216356 0.2032369 0.4295694 0.2118272 0.2179315 0.4297863 0.1378545 0.2052375 0.4297926 0.1409085 0.1890091 0.4297925 0.1403353 0.1761836 0.5670613 0.1394628 0.1894141 0.567061 0.1403353 0.1761836 0.567061 0.1213721 0.1761836 0.5670442 0.121817 0.2007009 0.5670555 0.1376076 0.2046601 0.2126446 0.1193951 0.2180726 0.2214308 0.1393006 0.2181073 0.1995942 0.1359606 0.2181016 -0.5180814 -0.2452982 0.2176452 -0.4803759 -0.2759826 0.1761837 -0.4805825 -0.1944086 0.2178031 -0.4803759 -0.1980734 0.1761837 0.1561217 0.1116153 0.2180854 0.1382068 0.1169238 0.2181119 0.2599149 0.2055348 0.2181054 -0.539997 -0.1078881 0.2000107 -0.5548018 -0.1079136 0.1933236 -0.533189 -0.1081931 0.2179066 -0.536633 -0.1079149 0.1761837 -0.4411662 -0.1079221 0.1998555 -0.4434842 -0.1079149 0.1761837 -0.4621139 -0.1079149 0.1761837 -0.6196154 0.3056761 0.2181057 0.4044342 0.3668048 0.2181026 0.4108794 0.416245 0.2181072 0.4293413 0.401776 0.2179151 0.4287325 0.4280443 0.2179495 0.3836005 0.4339916 0.218047 0.4049438 0.4310479 0.218104 0.5858683 0.4144956 0.2181005 0.5837435 0.347533 0.2181014 0.5885254 0.326867 0.2181041 0.6032517 0.3448689 0.218103 0.4811907 -0.1392749 0.2012619 0.4717649 -0.1239224 0.1928718 0.4710066 -0.1233679 0.217534 0.4806782 -0.1390531 0.2180184 0.4811435 -0.1392257 0.1761837 0.5123138 -0.1900784 0.1947929 0.5294105 -0.2180455 0.1947667 0.5216209 -0.2052687 0.1892802 0.5195224 -0.2018473 0.1761837 -0.6004803 0.2566835 0.2181038 0.4297925 0.1972248 0.1761836 0.567061 0.1592984 0.1761836 0.4297925 0.1213721 0.1761836 0.2655977 0.3949959 0.2181359 0.4791926 -0.2037343 0.1761837 0.5178884 -0.2663751 0.2048495 0.5277581 -0.2822725 0.1968956 0.5247549 -0.2767155 0.2178556 0.5171668 -0.2651586 0.1891591 0.5169959 -0.2648847 0.1761837 0.5264467 -0.2801723 0.1761837 0.4696918 -0.1883596 0.1923812 0.5371042 0.2745743 0.2181162 0.5396041 0.2545629 0.2176997 0.5583493 0.2709663 0.2181222 0.5519079 0.2920444 0.2181002 0.5321524 0.2919781 0.2181061 0.4652584 0.273863 0.2180975 0.4807934 0.2894568 0.218107 0.4623567 0.2951076 0.2181144 0.4761795 0.3122919 0.2178453 -0.5346107 -0.1218979 0.2181243 -0.4475854 -0.1082525 0.2177996 -0.467819 -0.1232565 0.2181017 0.3560299 -0.2954681 0.1975039 0.374632 -0.2954668 0.1924647 0.3478803 -0.2952399 0.2177993 0.3569557 -0.2954599 0.1761837 0.2678048 -0.2954599 0.1761837 0.2856349 -0.2954599 0.1761837 0.4380055 -0.1652178 0.2180998 0.4608125 -0.1415045 0.2181141 0.447077 -0.1241681 0.2181563 0.4814682 -0.1771026 0.2180843 0.4717168 -0.1582719 0.2181026 0.5291171 -0.2175027 0.1761837 0.5294333 -0.2182442 0.2174692 0.4095549 0.2582099 0.2181033 0.4176604 0.2792146 0.2181036 -0.4141202 0.3716542 0.2181021 -0.4191941 0.389681 0.2181005 -0.436376 0.3802492 0.2181454 -0.4259648 0.3617091 0.2181199 -0.4065968 0.3527055 0.2181059 -0.4150519 0.2970392 0.2181081 -0.4153891 0.3139821 0.2181035 -0.4310885 0.3054528 0.2181593 -0.4087331 0.3309662 0.2181029 -0.4264078 0.3422393 0.218077 -0.4288285 0.323807 0.218084 0.374778 -0.1079259 0.19777 0.3716517 -0.1079149 0.1761837 0.3542692 -0.1079149 0.1761837 0.3368868 -0.1079149 0.1761837 0.2743602 -0.1078663 0.1980777 0.267357 -0.1079149 0.1761837 0.260646 -0.1079113 0.1876104 0.286515 -0.1080672 0.2178272 -0.6019349 0.1666471 0.2181034 -0.5876097 0.1566664 0.2181311 -0.5841586 0.1778184 0.2180916 -0.2782074 0.2632896 0.2181031 -0.2774989 0.2852151 0.2181038 0.2958024 0.1743105 0.2175123 0.531808 0.3128085 0.1877189 0.5505464 0.3128099 0.1906033 0.5327439 0.3128085 0.1761836 0.5155853 0.3128085 0.1761836 0.5336248 0.2540947 0.1978615 0.5517801 0.2541103 0.20029 0.5327439 0.2541143 0.1761836 0.5499024 0.2541143 0.1761836 0.4623268 0.3128475 0.1979347 0.4641096 0.3128085 0.1761836 0.446951 0.3128085 0.1761836 0.4445092 0.3128072 0.2005246 0.444784 0.254053 0.2000703 0.446951 0.2541143 0.1761836 0.4641096 0.2541143 0.1761836 -0.4349334 0.2828196 0.2181059 0.5587978 -0.2951492 0.2176434 0.5487111 -0.2779411 0.2180969 0.5670335 0.3974464 0.1907508 0.4297921 0.41356 0.1900932 0.4297925 0.4152274 0.1761836 0.4297925 0.4322972 0.1761836 0.4298005 0.4319714 0.200761 0.5669898 0.3458157 0.197027 0.567061 0.3469481 0.1761836 0.567061 0.3298783 0.1761836 0.5670428 0.3282832 0.2001384 0.567061 0.4152274 0.1761836 0.567061 0.3981575 0.1761836 0.4298419 0.4133989 0.205319 0.4297925 0.3469481 0.1761836 0.4297925 0.3640179 0.1761836 0.2831344 -0.2812255 0.218096 0.2737941 -0.2952365 0.2177907 -0.282571 0.164204 0.2181163 -0.2636163 0.1642075 0.2181107 -0.2728085 0.1789103 0.218106 -0.2564931 0.1822444 0.2181188 -0.6019439 0.2132131 0.2181035 -0.5840956 0.2034341 0.2180871 -0.5856194 0.2264025 0.2180977 -0.2787911 0.3398017 0.2181046 -0.2787161 0.3185047 0.2181031 -0.2734447 0.1980694 0.2180991 -0.2914847 0.3005663 0.2181121 -0.2511462 0.1505108 0.2180994 -0.07654052 0.4100578 0.2181042 -0.06955015 0.4264078 0.2181039 -0.08805978 0.4275574 0.2180979 -0.07319062 0.3933277 0.2181029 -0.09126585 0.4031438 0.2181029 -0.2518345 0.2002452 0.2179717 -0.2433196 0.1662531 0.2181188 -0.07269054 0.3736057 0.218104 -0.08892041 0.2556183 0.2181131 -0.07227915 0.2517541 0.2181038 -0.07372522 0.2752442 0.2181041 -0.6006423 0.1924879 0.2181037 -0.0730682 0.2993158 0.2181035 -0.08814173 0.1603936 0.2180997 -0.08198016 0.1786844 0.2180985 -0.06935048 0.3182381 0.218104 -0.07309699 0.3345214 0.2181035 -0.4324489 0.4013784 0.2181071 -0.1013081 0.1753644 0.2180705 -0.6015641 0.1417873 0.2180982 -0.08843606 0.3158916 0.2181046 -0.2787818 0.2420379 0.2181026 -0.09054845 0.3384462 0.2181064 -0.07214933 0.3530209 0.2181033 -0.09040296 0.2924267 0.2180963 -0.09059584 0.3612546 0.2180926 -0.09056597 0.3811067 0.2180983 0.07854223 0.3741578 0.2180972 0.09120422 0.3949636 0.2180972 0.07052451 0.3945114 0.2181045 -0.2964296 0.2761209 0.218105 -0.6028917 0.2380774 0.2181037 -0.2967071 0.3253648 0.2181101 -0.06996339 0.2318803 0.2181044 -0.2790545 0.3626586 0.2181037 -0.296262 0.3503227 0.2181013 -0.2787286 0.3815373 0.2181028 -0.2971645 0.3723112 0.2181077 0.4145566 0.4486075 0.2180275 0.4125638 0.4493733 0.2059922 0.3854524 0.1203302 0.2180966 0.4114074 0.4493673 0.1891254 0.3947653 0.449367 0.1761836 0.3772518 0.1024089 0.1761836 0.5828249 0.4345133 0.2181459 0.6173766 0.4487022 0.2180024 0.5833485 0.1027123 0.217312 0.5849675 0.1024124 0.1925687 -0.08778154 0.2345332 0.2181055 -0.4531038 0.3997864 0.218118 -0.2960109 0.2523813 0.2181079 0.1752927 0.4352062 0.2181251 -0.07641655 0.1980556 0.2181006 -0.07395642 0.2158826 0.2181035 -0.09196138 0.2126121 0.2180998 -0.09561729 0.1932657 0.2180491 -0.2784771 0.2185749 0.2181026 -0.2956823 0.2287712 0.2181036 -0.2934542 0.2065716 0.2181152 -0.5460678 -0.1396415 0.1761837 -0.5348286 -0.1396746 0.1964824 -0.4645568 -0.1396177 0.1962417 -0.4526152 -0.1396415 0.1761837 -0.4400852 -0.1396661 0.1947862 0.2847394 -0.1079149 0.1761837 0.5499024 0.3128085 0.1761836 0.4509397 0.2548817 0.2179671 -0.5790082 0.1388688 0.2180232 -0.2827493 0.4116913 0.2181027 -0.3005541 0.4267518 0.2181594 0.567061 0.3640179 0.1761836 0.5676177 0.3383482 0.2177984 0.4297925 0.3298783 0.1761836 0.4297925 0.3981575 0.1761836 0.567061 0.4322972 0.1761836 -0.4536861 0.2836822 0.2180875 -0.1079784 0.156884 0.2181358 -0.1186462 0.1501441 0.2180831 -0.4487633 0.2965918 0.2180463 0.1362466 0.4134295 0.2181096 -0.5821773 0.3417646 0.2180917 -0.6213669 0.3648926 0.2181208 0.2878417 -0.2383393 0.1761837 0.5387182 -0.2034791 0.2056439 0.5387335 -0.2128716 0.1924425 0.5389414 -0.1965578 0.2176936 0.5387119 -0.2018473 0.1761837 0.5387119 -0.1392257 0.1761837 0.5386371 -0.1458114 0.1972847 0.5386852 -0.1260951 0.1991667 -0.4702564 0.2766824 0.2181597 0.1196737 0.1212908 0.2181457 0.1006076 0.1270064 0.2181828 -0.2996527 0.4059457 0.218109 0.4535931 -0.1591487 0.2181071 0.2771849 0.2404457 0.218123 0.5735009 -0.1333315 0.2175502 0.5556561 -0.1248151 0.2180947 0.5392262 -0.1360953 0.2179162 0.4602954 -0.2530764 0.1979309 0.460291 -0.2648847 0.1761837 0.4602694 -0.1944308 0.1982854 0.460291 -0.2037343 0.1761837 0.460291 -0.1884467 0.1761837 0.6237666 0.2728746 0.2180973 0.373284 0.2730236 0.2181009 0.3603811 0.257584 0.218001 -0.2041344 0.139145 0.2181311 -0.223578 0.1391234 0.218109 -0.1297472 0.1387245 0.2181456 -0.4467699 -0.1267831 0.2181054 0.193137 0.4309932 0.2181167 0.460045 -0.1982285 0.2176821 0.07176011 0.180121 0.2181034 0.08250147 0.1895365 0.2181537 0.0964697 0.2879924 0.2181404 0.6237185 0.4335408 0.218105 0.5561891 -0.1881392 0.2181693 0.5390208 -0.1215875 0.2179484 0.5387119 -0.1235703 0.1761837 0.08073014 0.2069692 0.2178691 -0.1857678 0.136779 0.2180586 -0.4859717 0.2701057 0.2181253 0.460291 -0.2190219 0.1761837 0.460291 -0.2801723 0.1761837 0.231927 0.3844714 0.2181025 0.2167085 0.3878445 0.2180887 -0.1462094 0.138842 0.2181188 -0.1650824 0.13475 0.2181056 0.09775364 0.412223 0.2180804 -0.4741023 0.4069166 0.2181026 0.2498524 0.2693749 0.2181297 0.2361752 0.2828587 0.2181165 -0.1793418 0.1162841 0.2181325 -0.5048642 0.2719876 0.2180958 -0.4940864 0.4092311 0.2181208 -0.5255257 0.2727138 0.2181408 -0.5556406 0.4258636 0.2181065 -0.5716212 0.4171717 0.2181046 -0.561117 0.4066595 0.2180439 -0.5179569 0.4123874 0.2181503 0.2878417 -0.1604301 0.1761837 0.28808 -0.1400995 0.1928313 -0.5477162 0.2737104 0.2180812 -0.5667319 0.2717965 0.2181513 0.4467096 0.2789109 0.2181037 0.07606101 0.2040541 0.2181077 0.2070155 0.4327183 0.2180775 0.2238233 0.2499348 0.2181109 0.2043269 0.251933 0.21811 -0.4990726 -0.2954534 0.2012115 -0.4993095 -0.2954599 0.1761837 -0.4808872 -0.2953187 0.1937211 0.249835 -0.2750862 0.1997799 0.2499746 -0.1079149 0.1761837 0.4251341 -0.1254629 0.2033405 0.5739187 -0.1227259 0.1966842 0.3076498 -0.2638615 0.1908521 0.3140354 -0.2638612 0.1761837 0.2878417 -0.2638612 0.1761837 0.2881376 -0.2637432 0.1977775 0.3023052 -0.2638617 0.2062333 0.320805 -0.2638633 0.2055925 0.3115461 -0.2640427 0.2179596 0.1359273 0.3031543 0.2181056 0.2296916 0.2530307 0.2181032 0.4319155 0.2693459 0.2181057 0.425367 -0.1084879 0.1934828 0.4251103 -0.1079149 0.1761837 0.05751091 0.1845275 0.218109 -0.5457708 -0.1393758 0.2179275 -0.4803353 -0.1402373 0.2178126 0.1923082 0.2514547 0.2181212 0.1132816 0.3234443 0.2180115 0.129339 0.3154541 0.2182094 0.1433464 0.3197017 0.2181035 0.3878416 -0.1392515 0.2172163 0.3611552 -0.1395816 0.2179764 0.363736 -0.1396415 0.1761837 0.3736815 -0.139642 0.1836785 0.3025423 -0.139643 0.1867253 0.3131399 -0.1396415 0.1761837 0.460291 -0.2954599 0.1761837 0.4427205 -0.2954713 0.1931488 0.4427006 -0.2954599 0.1761837 0.5389261 -0.1083222 0.1914921 0.5387119 -0.1079149 0.1761837 0.3577025 -0.2857728 0.2180503 0.1008945 -0.1968937 0.2180194 0.05333644 0.3944197 0.2181041 0.131425 0.132763 0.2180953 -0.588873 0.4142869 0.2181021 0.09540349 0.3232175 0.218104 0.06113815 0.3585711 0.218079 -0.5738925 -0.1237782 0.1761837 -0.5738925 -0.1396415 0.1761837 -0.4248545 -0.1079149 0.1761837 -0.4254829 -0.1080269 0.1937817 0.3889365 -0.1082423 0.194055 0.3890342 -0.1079149 0.1761837 0.3925227 -0.2641596 0.1939271 0.3926162 -0.2638612 0.1761837 0.3813171 -0.1814215 0.1946704 0.381998 -0.1812187 0.1761837 0.412635 0.3193104 0.2181021 0.5840882 0.2651563 0.2181044 0.6367529 0.4487214 0.2174877 0.2885255 -0.2129915 0.1971012 0.3113808 -0.2128173 0.1761837 0.2885726 -0.1812584 0.2178647 0.2878417 -0.1812187 0.1761837 0.3113808 -0.1812187 0.1761837 0.3815001 -0.212574 0.2170345 0.3622524 -0.2125106 0.2179741 0.381998 -0.2128173 0.1761837 0.3584589 -0.2128173 0.1761837 0.3584589 -0.1812187 0.1761837 0.2879685 -0.2638413 0.2179268 0.3599539 0.1026925 0.1934226 0.3611677 0.1224514 0.2180259 0.6371153 0.1024089 0.1761836 0.3597382 0.449367 0.1761836 0.3599589 0.4488011 0.1997213 -0.4803759 -0.2954599 0.1761837 -0.5182431 -0.2759826 0.1761837 -0.5177258 -0.2952046 0.1951831 -0.4802502 -0.1399667 0.1938936 -0.6371154 0.129098 0.1761836 -0.6371154 0.1024089 0.1761836 0.2054219 0.2830249 0.2180927 0.2504425 -0.108969 0.217924 0.4696186 -0.1880764 0.2170901 0.5669149 0.2539217 0.2178086 0.5674776 0.2276564 0.2177932 0.4297925 0.1024089 0.1761836 0.5673582 0.1026272 0.1973588 -0.5552628 -0.1079149 0.1761837 0.5387119 -0.2331581 0.1761837 0.5380063 -0.2301025 0.2029822 0.4715487 -0.1235703 0.1761837 0.4619541 -0.1079149 0.1761837 -0.4807749 -0.2948792 0.2174625 -0.5020615 -0.2950196 0.217987 0.4251366 -0.2771851 0.1943967 0.4251103 -0.2954599 0.1761837 0.4251103 -0.2720168 0.1761837 0.5738925 -0.2016874 0.1761837 0.4251023 -0.1903977 0.2043322 0.2500736 -0.2942891 0.1935189 0.4251103 -0.131358 0.1761837 0.5733016 -0.1088715 0.2172513 0.5739074 -0.2106275 0.1971496 0.2499746 -0.2251305 0.1761837 0.6190552 0.3616507 0.2181191 0.618623 0.1841657 0.2181033 0.3804243 0.1846364 0.2181008 0.460291 -0.1731591 0.1761837 0.4609596 -0.1753906 0.1971616 0.4697418 -0.1884467 0.1761837 0.5358974 -0.2954599 0.1761837 0.5367875 -0.2955448 0.1944985 0.3747859 -0.2954599 0.1761837 0.3926162 -0.2954599 0.1761837 0.2878417 -0.2128173 0.1761837 0.4251106 -0.2592526 0.1872605 0.567061 0.3128085 0.1761836 0.5668382 0.3132089 0.1948215 0.567061 0.2541143 0.1761836 0.5667401 0.2540143 0.1935696 0.43018 0.2540224 0.1939672 0.2436562 0.2150157 0.2182927 0.2218631 0.2800523 0.2181079 0.567061 0.449367 0.1761836 0.4297925 0.3128085 0.1761836 0.4298827 0.3257645 0.1960654 0.4300633 0.3129599 0.1938132 0.3598059 0.2746201 0.2176919 0.3597382 0.275888 0.1761836 0.6371153 0.275888 0.1761836 0.6370557 0.2752572 0.2176413 0.636762 0.1028093 0.2172111 0.3597377 0.2121153 0.1875244 0.3597559 0.2069543 0.2023907 -0.1076848 0.4346022 0.1761836 -0.1074811 0.448603 0.1919561 -0.1076848 0.449367 0.1761836 -0.1076848 0.2574277 0.1761836 -0.1076848 0.2721922 0.1761836 -0.1076848 0.2869568 0.1761836 -0.1076848 0.3164859 0.1761836 -0.1076848 0.3607795 0.1761836 -0.1076848 0.4050731 0.1761836 0.5387119 -0.2175027 0.1761837 -0.2442433 0.2614511 0.1761836 -0.2442433 0.434912 0.1761836 -0.2442433 0.4204569 0.1761836 -0.2442433 0.3915468 0.1761836 -0.2442433 0.3770917 0.1761836 -0.2442433 0.3481816 0.1761836 -0.2442433 0.3048164 0.1761836 -0.2442433 0.2903614 0.1761836 -0.2442433 0.449367 0.1761836 -0.2442433 0.4060018 0.1761836 -0.2442433 0.3337265 0.1761836 0.07522261 -0.1079149 0.1761837 0.07522261 -0.2954599 0.1761837 0.07541102 -0.2952325 0.1867749 0.07522261 -0.2666069 0.1761837 0.07522261 -0.2233272 0.1761837 0.07522261 -0.1944742 0.1761837 0.07522261 -0.1656212 0.1761837 0.07522261 -0.1800477 0.1761837 0.07522261 -0.1511946 0.1761837 0.07522261 -0.1367681 0.1761837 0.07522261 -0.2810333 0.1761837 -0.3142976 0.4351302 0.1761836 -0.3142976 0.449367 0.1761836 -0.3142976 0.3781839 0.1761836 -0.3142976 0.3924204 0.1761836 -0.3142976 0.4208936 0.1761836 -0.3142976 0.3212375 0.1761836 -0.3142976 0.3354741 0.1761836 -0.3142976 0.3639472 0.1761836 -0.3142976 0.406657 0.1761836 -0.3142976 0.2642911 0.1761836 -0.3142976 0.2785277 0.1761836 -0.03763049 0.3932944 0.1761836 -0.03763049 0.3232036 0.1761836 -0.03763049 0.449367 0.1761836 -0.03763049 0.4353489 0.1761836 -0.03763049 0.3792762 0.1761836 -0.03763049 0.3652581 0.1761836 -0.03763049 0.3512399 0.1761836 -0.03763049 0.3091855 0.1761836 -0.03763049 0.2951673 0.1761836 -0.03763049 0.2811492 0.1761836 0.3597382 0.3192577 0.1761836 0.3597382 0.2542031 0.1761836 0.3597382 0.1024089 0.1761836 0.3597382 0.2108333 0.1761836 0.6353498 0.1731416 0.2180313 0.3736451 0.3568532 0.2180991 -0.5670611 0.1124766 0.1761836 -0.5670611 0.1628145 0.1761836 -0.5670611 0.1527469 0.1761836 -0.5670611 0.1326118 0.1761836 -0.5670611 0.1225442 0.1761836 -0.5670611 0.172882 0.1761836 -0.5670611 0.2332874 0.1761836 -0.5670611 0.2232198 0.1761836 -0.5670611 0.2131523 0.1761836 -0.5670611 0.2030847 0.1761836 -0.5670611 0.1930172 0.1761836 0.1616455 0.09625548 0.1761836 0.1576221 0.4552838 0.1761836 0.1674796 0.4551143 0.1761836 0.1515372 0.4552124 0.1761836 0.1421237 0.09697252 0.1761836 -0.5246972 0.449367 0.1761836 -0.5151295 0.4493362 0.1761836 0.1769534 0.4546059 0.1761836 -0.03766411 0.2577358 0.1761836 0.1329048 0.0978688 0.1761836 0.1860435 0.4537587 0.1761836 -0.5060884 0.4492438 0.1761836 0.01848483 0.2146483 0.1881089 0.01846021 0.2153005 0.1761836 -0.314257 0.2555021 0.1761836 0.1420019 0.254351 0.1761836 0.133535 0.256537 0.1761836 0.1155509 0.1007368 0.1761836 -0.6198202 0.449367 0.1761836 -0.6284678 0.449367 0.1761836 -0.6111727 0.449367 0.1761836 -0.6025252 0.449367 0.1761836 -0.5938776 0.449367 0.1761836 -0.5852301 0.449367 0.1761836 -0.5765825 0.449367 0.1761836 -0.5679349 0.449367 0.1761836 -0.5592874 0.449367 0.1761836 -0.5506399 0.449367 0.1761836 -0.5419923 0.449367 0.1761836 -0.5333448 0.449367 0.1761836 -0.03793299 0.2402474 0.1761836 -0.497574 0.4490898 0.1761836 0.2030725 0.4510475 0.1761836 -0.3141351 0.2470492 0.1761836 0.1254658 0.2587987 0.1761836 0.02314037 0.189904 0.1761836 0.02537268 0.1820939 0.1761836 0.09964221 0.1050389 0.1761836 0.1177943 0.2611359 0.1761836 -0.489586 0.4488741 0.1761836 0.1804754 0.3170993 0.1761836 0.02794098 0.1746115 0.1761836 0.09222978 0.1077277 0.1761836 0.2185667 0.4469807 0.1761836 0.1651282 0.3208131 0.1761836 -0.3136478 0.2311517 0.1761836 0.08517873 0.110775 0.1761836 -0.03847074 0.2244956 0.1761836 0.1105206 0.2635489 0.1761836 0.1878654 0.3152256 0.1761836 0.2257382 0.4444389 0.1761836 -0.5670611 0.3906729 0.1761836 -0.5670611 0.3830994 0.1761836 -0.5670611 0.375526 0.1761836 -0.5670611 0.3679525 0.1761836 -0.5670611 0.3528056 0.1761836 -0.5670611 0.3452321 0.1761836 -0.5670611 0.3376587 0.1761836 -0.5670611 0.3300852 0.1761836 -0.5670611 0.3225118 0.1761836 -0.5670611 0.3149383 0.1761836 -0.5670611 0.3073649 0.1761836 -0.5670611 0.2997914 0.1761836 0.03408604 0.1606297 0.1761836 0.07848894 0.1141808 0.1761836 -0.1718224 0.09649217 0.1761836 -0.1793271 0.0965594 0.1761836 -0.4821246 0.4485968 0.1761836 -0.3132823 0.2237071 0.1761836 0.1579357 0.3226533 0.1761836 0.1511914 0.3244823 0.1761836 0.03766268 0.1541304 0.1761836 0.07216048 0.1179451 0.1761836 0.1949389 0.3133407 0.1761836 0.2901894 0.3574441 0.1761836 0.2906306 0.3502023 0.1761836 -0.03884047 0.2172709 0.1761836 0.04582428 0.1421148 0.1761836 -0.1865491 0.09676104 0.1761836 -0.5141983 0.2333168 0.1761836 -0.5213838 0.2332874 0.1761836 0.0605874 0.1265493 0.1761836 0.05040925 0.1365986 0.1761836 0.2389301 0.4383388 0.1761836 0.2016959 0.3114445 0.1761836 0.2449505 0.4347803 0.1761836 -0.4751898 0.4482579 0.1761836 0.04552328 -0.1950161 0.1761837 -0.2310606 -0.1950161 0.1761837 -0.2309131 -0.2019432 0.1761837 -0.5017584 0.2335299 0.1935282 -0.5072788 0.233405 0.1761836 0.2881896 0.3712465 0.1761836 0.04552477 -0.2088136 0.1761837 -0.2310591 -0.2088136 0.1761837 0.1685117 0.09632974 0.1761836 -0.03927743 0.2104802 0.1761836 -0.3123077 0.2098262 0.1761836 -0.136099 -0.2096138 0.1761837 -0.1362451 -0.2028388 0.1761837 -0.412683 -0.2096138 0.1761837 -0.4128291 -0.2028388 0.1761837 0.2558401 0.4266467 0.1761836 0.2866309 0.3778074 0.1761836 -0.2315035 -0.1883267 0.1761837 -0.244228 0.2547557 0.1761836 0.2607514 0.4221276 0.1761836 -0.2001443 0.09756773 0.1761836 -0.5006254 0.233552 0.1761836 -0.488117 0.2340226 0.1761836 -0.2314974 -0.2154508 0.1761837 0.2846998 0.3841415 0.1761836 0.2823961 0.3902487 0.1761836 0.1448951 0.3263 0.1761836 0.1817148 0.09692347 0.1761836 0.05822771 0.2931481 0.1761836 0.04434239 -0.1818749 0.1761837 -0.2322415 -0.1818749 0.1761837 0.2694563 0.4124087 0.1761836 -0.3116985 0.2033899 0.1761836 0.2797199 0.396129 0.1761836 0.04435598 -0.2218549 0.1761837 -0.2322279 -0.2218549 0.1761837 0.2732501 0.407209 0.1761836 0.2200679 0.3056889 0.1761836 -0.2065176 0.09817272 0.1761836 -0.4942382 0.2337579 0.1761836 -0.03978157 0.2041237 0.1761836 0.1547288 0.2511581 0.1761836 -0.4115142 -0.2224825 0.1761837 0.1880517 0.09744304 0.1761836 -0.05136561 -0.2985075 0.1761837 -0.04503118 -0.2986581 0.1761837 -0.3216152 -0.2986581 0.1761837 -0.3279496 -0.2985075 0.1761837 -0.2441818 0.2484328 0.1761836 -0.2332748 -0.1756609 0.1761837 -0.2349545 -0.1678172 0.1907924 0.08540278 0.2739567 0.1761836 -0.3713351 0.3426289 0.1761836 -0.371454 0.3489097 0.1761836 -0.04554295 -0.1047167 0.1761837 -0.0333777 -0.1050972 0.1907748 -0.03926455 -0.1048688 0.1761837 -0.04998421 -0.1046562 0.1908738 -0.3221269 -0.1047167 0.1761837 0.03100371 0.3584858 0.1761836 -0.03877252 -0.2985068 0.1761837 -0.02614188 -0.2972974 0.1927908 -0.3153565 -0.2985068 0.1761837 0.04333329 -0.2280258 0.1761837 -0.2332506 -0.2280258 0.1761837 -0.1655793 0.0965538 0.1761836 0.04990929 0.3025532 0.1761836 -0.5287206 0.2922182 0.1761836 -0.5240933 0.2921906 0.1895713 -0.5225111 0.2922503 0.1761836 -0.534619 0.2922182 0.1761836 -0.5360369 0.2923532 0.1871563 -0.107703 0.2512309 0.1761836 -0.1339075 -0.2285761 0.1761837 -0.1316943 -0.2380475 0.1850543 -0.4104915 -0.2285761 0.1761837 -0.4091767 -0.2344427 0.1761837 -0.05749714 -0.2980556 0.1761837 -0.3110081 0.1972897 0.1761836 0.03175991 0.3461117 0.1761836 -0.212608 0.09891211 0.1761836 0.04198062 -0.1696845 0.1761837 -0.2346034 -0.1696845 0.1761837 0.139047 0.3281065 0.1761836 -0.3718112 0.3550085 0.1761836 -0.03318297 -0.1053253 0.1761837 -0.3097669 -0.1053253 0.1761837 0.04631721 0.3074785 0.1761836 0.04201841 -0.2339636 0.1761837 -0.2345654 -0.2339636 0.1761837 -0.03271061 -0.2980526 0.1761837 -0.3092946 -0.2980526 0.1761837 -0.1595211 0.09673863 0.1761836 0.2001961 0.09892749 0.1761836 0.03270518 0.3401473 0.1761836 -0.1325926 -0.2344427 0.1761837 0.04310327 0.3125522 0.1761836 0.1605335 0.2496792 0.1761836 0.08011764 0.2767478 0.1761836 -0.06342583 -0.2973024 0.1761837 0.04035687 -0.1639459 0.1761837 0.03775852 -0.1566737 0.1933208 -0.236227 -0.1639459 0.1761837 0.1455897 0.4549981 0.1761836 -0.2441047 0.2424825 0.1761836 -0.04035294 0.1982014 0.1761836 0.0402674 0.3177743 0.1761836 -0.02729821 -0.1060861 0.1761837 -0.3038821 -0.1060861 0.1761837 0.04041135 -0.2396681 0.1761837 0.03573006 0.328664 0.1761836 -0.02684551 -0.2972956 0.1761837 -0.3034295 -0.2972956 0.1761837 0.03780972 0.3231449 0.1761836 -0.4628997 0.4473953 0.1761836 0.2060036 0.09989237 0.1761836 -0.5166266 0.292347 0.1761836 -0.2184155 0.09978598 0.1761836 -0.4822618 0.234346 0.1761836 -0.1309856 -0.2400822 0.1761837 -0.4075696 -0.2400822 0.1761837 0.0384379 -0.1584449 0.1761837 -0.238146 -0.1584449 0.1761837 0.2255589 0.3037479 0.1761836 -0.06915163 -0.296248 0.1761837 0.1397794 0.454641 0.1761836 -0.3102365 0.1915256 0.1761836 -0.2380718 -0.2451396 0.1761837 -0.01856881 -0.1078435 0.1930811 -0.02161026 -0.1071512 0.1761837 -0.2981942 -0.1071512 0.1761837 -0.2977612 -0.2962358 0.1761837 -0.02117729 -0.2962358 0.1761837 -0.4056703 -0.2454946 0.1761837 0.03622376 -0.1531816 0.1761837 0.03371435 -0.148156 0.1761837 -0.2403602 -0.1531816 0.1761837 -0.1479593 0.09747809 0.1761836 -0.07467454 -0.2948923 0.1761837 -0.3512585 -0.2948923 0.1761837 -0.5275414 0.3906589 0.1761836 -0.5332173 0.3906729 0.1761836 0.07523018 0.2796144 0.1761836 -0.01611912 -0.1085205 0.1761837 -0.292703 -0.1085205 0.1761837 -0.3743109 0.3722126 0.1761836 -0.1078487 0.2396691 0.1761836 -0.01570582 -0.2948732 0.1761837 -0.2922898 -0.2948732 0.1761837 -0.4034789 -0.25068 0.1761837 -0.3992043 -0.2592728 0.1951124 -0.2428696 -0.148156 0.1761837 -0.2239401 0.1007943 0.1761836 -0.4766728 0.2347284 0.1761836 -0.4713498 0.2351695 0.1761836 0.2170892 0.1022675 0.1761836 0.03383702 -0.2553831 0.1761837 -0.2427469 -0.2553831 0.1761837 -0.2439969 0.2369046 0.1761836 0.1285705 0.4534983 0.1761836 -0.07999461 -0.2932352 0.1761837 -0.511067 0.292508 0.1761836 -0.2874087 -0.1101942 0.1761837 -0.01082479 -0.1101942 0.1761837 0.03090977 -0.1433681 0.1761837 -0.4009952 -0.2556382 0.1761837 -0.1424556 0.09803265 0.1761836 -0.01043117 -0.2932079 0.1761837 -0.2870151 -0.2932079 0.1761837 0.2307335 0.3017957 0.1761836 -0.04099148 0.1927132 0.1761836 -0.2455227 -0.260155 0.1761837 -0.248774 -0.1388179 0.1761837 0.02072459 -0.1304306 0.1761837 -0.2558593 -0.1304306 0.1761837 -0.2521691 -0.1345054 0.1761837 -0.2642884 -0.1226107 0.1892908 -0.3093836 0.1860976 0.1761836 -0.3936619 -0.2669168 0.1814132 -0.3982193 -0.2603693 0.1761837 -0.1216353 -0.2603693 0.1761837 0.02799308 -0.2646939 0.1761837 -0.2485908 -0.2646939 0.1761837 0.02098041 -0.2730722 0.1761837 -0.251951 -0.2689996 0.1761837 -0.005727291 -0.1121722 0.1761837 -0.2823112 -0.1121722 0.1761837 0.2223674 0.1036777 0.1761836 -0.2597759 -0.1266267 0.1761837 0.1231719 0.4527127 0.1761836 -0.3881386 -0.2732002 0.1761837 -0.3917911 -0.2691503 0.1761837 -0.1115546 -0.2732002 0.1761837 -0.1185673 -0.2648733 0.1761837 -0.3951513 -0.2648733 0.1761837 -0.005353331 -0.2912397 0.1761837 -4.72359e-4 -0.2889688 0.1761837 0.1130898 -0.2247148 0.1761837 0.1130898 -0.2519245 0.1761837 0.1130898 -0.2355986 0.1761837 0.1130898 -0.2410405 0.1761837 0.1130898 -0.2573664 0.1761837 0.1130898 -0.2628083 0.1761837 0.1130898 -0.2682502 0.1761837 0.1130898 -0.2736922 0.1761837 0.1130898 -0.290018 0.1761837 0.1130898 -0.2954599 0.1761837 -0.3842387 -0.2769662 0.1761837 0.01461386 -0.2793269 0.1836835 0.01708352 -0.2768571 0.1761837 -0.2595004 -0.2768571 0.1761837 -0.1076547 -0.2769662 0.1761837 -0.3756203 0.3775832 0.1761836 -0.3771678 0.3827717 0.1761836 -0.3666101 -0.2890173 0.1761837 -0.09002614 -0.2890173 0.1761837 -8.26608e-4 -0.1144545 0.1761837 -0.2774106 -0.1144545 0.1761837 0.01269453 -0.1231272 0.1761837 0.005425751 -0.1178553 0.1932917 -0.2638894 -0.1231272 0.1761837 0.2475202 0.348309 0.1761836 0.252909 0.3485456 0.1761836 0.2852418 0.3499656 0.1761836 0.279853 0.349729 0.1761836 0.2744642 0.3494923 0.1761836 0.2636866 0.349019 0.1761836 0.2582978 0.3487823 0.1761836 0.2421314 0.3480723 0.1761836 0.2367426 0.3478356 0.1761836 0.2313538 0.347599 0.1761836 0.225965 0.3473623 0.1761836 0.2205763 0.3471257 0.1761836 -0.3089088 0.449367 0.1761836 -0.30352 0.449367 0.1761836 -0.2927424 0.449367 0.1761836 -0.2873536 0.449367 0.1761836 -0.2819648 0.449367 0.1761836 -0.2765761 0.449367 0.1761836 -0.2604097 0.449367 0.1761836 -0.2496321 0.449367 0.1761836 -0.102296 0.449367 0.1761836 -0.09690725 0.449367 0.1761836 -0.09151846 0.449367 0.1761836 -0.08612966 0.449367 0.1761836 -0.07535207 0.449367 0.1761836 -0.05918568 0.449367 0.1761836 -0.05379688 0.449367 0.1761836 -0.04840809 0.449367 0.1761836 -0.04301929 0.449367 0.1761836 -0.5724499 0.1024089 0.1761836 -0.5832275 0.1024089 0.1761836 -0.5778387 0.1024089 0.1761836 -0.5886163 0.1024089 0.1761836 -0.5993939 0.1024089 0.1761836 -0.6047827 0.1024089 0.1761836 -0.6101714 0.1024089 0.1761836 -0.6155602 0.1024089 0.1761836 -0.6263378 0.1024089 0.1761836 -0.6317266 0.1024089 0.1761836 -0.2770563 -0.2889688 0.1761837 -0.4575445 0.4468715 0.1761836 -0.5221652 0.3906169 0.1761836 0.01298975 -0.2803393 0.1761837 -0.2635942 -0.2803393 0.1761837 -0.1035518 -0.2804309 0.1761837 -0.3801358 -0.2804309 0.1761837 0.003877222 -0.1170411 0.1761837 -0.2727067 -0.1170411 0.1761837 0.07074046 0.2825567 0.1761836 -0.1079761 0.2343041 0.1761836 0.008384287 -0.1199319 0.1761837 -0.2681996 -0.1199319 0.1761837 -0.2291819 0.101937 0.1761836 -0.3713215 -0.2864565 0.1761837 -0.1371369 0.09871041 0.1761836 0.004211783 -0.2863951 0.1761837 -0.2723721 -0.2863951 0.1761837 -0.09924614 -0.2835943 0.1761837 -0.3758301 -0.2835943 0.1761837 0.1179106 0.4517841 0.1761836 0.008699178 -0.2835185 0.1761837 0.08764201 0.2167555 0.1761836 0.03418964 0.2168297 0.1761836 0.03943276 0.2173395 0.1761836 0.0761348 0.2209078 0.1761836 0.08137798 0.2214176 0.1761836 0.02894651 0.21632 0.1761836 0.02370333 0.2158102 0.1761836 0.04467594 0.2178493 0.1761836 0.04991906 0.218359 0.1761836 0.06040537 0.2193785 0.1761836 0.06564855 0.2198883 0.1761836 0.07089167 0.2203981 0.1761836 0.1286951 0.331686 0.1761836 0.2355915 0.2998324 0.1761836 -0.5058322 0.2927335 0.1761836 0.1710254 0.2469568 0.1761836 0.2323944 0.1069434 0.1761836 -0.2438582 0.2316993 0.1761836 -0.3084495 0.1810057 0.1761836 0.1359892 -0.1079149 0.1761837 0.1411609 -0.1079316 0.1761837 -0.3832386 0.3972449 0.1761836 0.1077996 0.4494987 0.1761836 -0.2341408 0.1032142 0.1761836 -0.3857384 0.4017053 0.1761836 0.1623555 0.155423 0.1761836 0.1674628 0.155507 0.1761836 -0.04169732 0.1876591 0.1761836 0.2371432 0.108799 0.1761836 0.08881139 0.2117995 0.1761836 -0.4662929 0.2356694 0.1761836 -0.5170887 0.3905469 0.1761836 -0.391452 0.4100798 0.1761836 -0.3946043 0.4140121 0.1761836 0.1029499 0.4481417 0.1761836 -0.1270539 0.1004357 0.1761836 0.3004881 0.2084651 0.1761836 0.3005707 0.203467 0.1761836 0.2401331 0.2978578 0.1761836 -0.3978715 0.417726 0.1761836 -0.4023154 0.4224137 0.1934422 0.09823757 0.4466418 0.1761836 0.2538244 0.1175663 0.1937247 0.006438076 -0.2059704 0.1761837 0.006524384 -0.2010478 0.1761837 -0.2701458 -0.2059704 0.1761837 0.09012919 0.207059 0.1761836 -0.5009224 0.2930234 0.1761836 0.1723712 0.155759 0.1761836 0.146048 -0.1079816 0.1761837 -0.2388167 0.1046258 0.1761836 -0.09714174 -0.196677 0.1761837 -0.09722656 -0.2015595 0.1761837 -0.0968874 -0.1919882 0.1761837 -0.09641045 -0.1872298 0.1922937 -0.3737257 -0.196677 0.1761837 -0.3738105 -0.2015595 0.1761837 0.3002402 0.2133371 0.1761836 -0.1222897 0.1014832 0.1761836 0.2503939 0.1154034 0.1761836 -0.4527159 0.4462861 0.1761836 -0.4012535 0.4212214 0.1761836 -0.2701435 -0.1961849 0.1761837 -0.3074342 0.1762499 0.1761836 0.1757126 0.2457132 0.1761836 0.1241914 0.333459 0.1761836 0.1575171 0.1555182 0.1761836 -0.2434885 0.2224062 0.1761836 -0.2436888 0.2268665 0.1761836 -0.4615021 0.2362282 0.1761836 -0.1083402 0.224406 0.1761836 -0.09713947 -0.2063694 0.1761837 -0.3737235 -0.2063694 0.1761837 0.2544859 0.1179185 0.1761836 -0.4047504 0.4244984 0.1761836 0.08922451 0.4432136 0.1761836 -0.5123119 0.3904488 0.1761836 0.2998271 0.2180832 0.1761836 0.2584155 0.1205905 0.1761836 -0.3719527 0.3284245 0.1761836 0.006179213 -0.2107008 0.1761837 -0.2704047 -0.2107008 0.1761837 -0.408362 0.427557 0.1761836 0.1770808 0.1561792 0.1761836 -0.1177104 0.102654 0.1761836 0.2840039 0.1476129 0.1761836 0.2813739 0.1436861 0.1761836 -0.4413894 0.4441603 0.1761836 0.2864546 0.1516405 0.1761836 0.1528327 0.1558039 0.1761836 0.2785815 0.1399162 0.1761836 -0.4120885 0.430397 0.1761836 -0.04247033 0.1830391 0.1761836 0.006188273 -0.1915159 0.1761837 -0.2703956 -0.1915159 0.1761837 0.07989698 -0.1079149 0.1761837 0.08457136 -0.1079149 0.1761837 0.09859442 -0.1079149 0.1761837 0.1032688 -0.1079149 0.1761837 0.1079431 -0.1079149 0.1761837 0.1126174 -0.1079149 0.1761837 0.1172918 -0.1079149 0.1761837 0.1313149 -0.1079149 0.1761837 -0.4324436 0.4413203 0.1761836 0.08496862 0.4412908 0.1761836 0.2443581 0.295872 0.1761836 0.2756265 0.1363031 0.1761836 0.2692295 0.1295475 0.1761836 -0.2432098 0.1061719 0.1761836 0.2992487 0.2227031 0.1761836 0.2887092 0.1557129 0.1761836 0.2725092 0.1328469 0.1761836 -0.4281429 0.4395725 0.1761836 -0.3734623 -0.2109975 0.1761837 -0.4198861 0.4354217 0.1761836 -0.372433 0.3239305 0.1761836 -0.4239571 0.4376063 0.1761836 0.1569121 0.3972996 0.1761836 0.15597 0.397294 0.18653 0.1522935 0.3972254 0.1761836 0.1506504 -0.1080648 0.1761837 0.0932101 0.1982252 0.1761836 -0.4924032 0.293865 0.186825 -0.4963375 0.2933777 0.1761836 0.08086681 0.4392364 0.1761836 -0.1133159 0.1039479 0.1761836 -0.1059085 0.1063284 0.1895139 -0.4569774 0.2368458 0.1761836 0.3004727 0.1989017 0.1761836 -0.2708362 -0.2152389 0.1761837 0.1454169 0.1567459 0.1895432 0.1483023 0.1562801 0.1761836 0.2985051 0.227197 0.1761836 0.2975962 0.2315649 0.1761836 0.1815916 0.1567674 0.1761836 -0.1085769 0.2198728 0.1761836 0.2942969 0.168199 0.1761836 -0.0964635 -0.1874933 0.1761837 -0.3730475 -0.1874933 0.1761837 0.07691901 0.4370504 0.1761836 0.2996885 0.1899054 0.1761836 -0.1739524 0.1563696 0.1761836 -0.1694514 0.1564411 0.1761836 0.2957673 0.1724506 0.1761836 0.005768179 -0.1870406 0.1761837 -0.2708157 -0.1870406 0.1761837 0.2990022 0.1854745 0.1761836 0.2970417 0.1767471 0.1761836 -0.5078348 0.3903228 0.1761836 0.29812 0.1810884 0.1761836 -0.373027 -0.215444 0.1761837 -0.09644305 -0.215444 0.1761837 0.1478318 0.3970028 0.1761836 0.1613752 0.3972297 0.1761836 0.1656619 0.3970196 0.1761836 0.0949732 0.1941318 0.1761836 0.0731253 0.4347327 0.1761836 -0.1091063 0.1053652 0.1761836 -0.2473201 0.1078523 0.1761836 0.143926 0.1569466 0.1761836 0.1201358 0.3352207 0.1761836 -0.3730506 0.319557 0.1761836 0.2482666 0.2938749 0.1761836 0.1859034 0.1575236 0.1761836 0.2965221 0.2358067 0.1761836 -0.1360422 -0.1942395 0.1761837 -0.1361944 -0.1984846 0.1761837 -0.4127783 -0.1984846 0.1761837 -0.4484138 0.4456391 0.1761836 -0.09587001 -0.1831921 0.1761837 -0.09468394 -0.1767084 0.1817096 -0.372454 -0.1831921 0.1761837 -0.1651242 0.1566553 0.1761836 0.09688478 0.190254 0.1761836 0.005180001 -0.1827591 0.1761837 -0.2714039 -0.1827591 0.1761837 0.1435269 0.3966316 0.1761836 -0.3738054 0.315304 0.1761836 0.1549682 -0.1081814 0.1761837 -0.4527187 0.2375222 0.1761836 -0.1050814 0.1069056 0.1761836 0.1397038 0.1578037 0.1761836 -0.1783945 0.1564453 0.1761836 0.2952827 0.2399226 0.1761836 0.06266844 0.4269898 0.1761836 -0.4920774 0.2937964 0.1761836 -0.2511894 0.1096757 0.1761836 -0.04331058 0.1788533 0.1761836 -0.10885 0.215617 0.1761836 0.05949091 0.4241456 0.1761836 0.04591387 0.4079498 0.1761836 0.04832118 0.4114522 0.1761836 -0.4126262 -0.1942395 0.1761837 0.05646741 0.4211697 0.1761836 0.251989 0.2918513 0.1761836 0.2938781 0.2439123 0.1761836 0.05359798 0.4180622 0.1761836 0.004366993 -0.2237382 0.1761837 -0.2722169 -0.2237382 0.1761837 -0.1012107 0.1085861 0.1761836 0.1900165 0.1584479 0.1761836 0.09894478 0.1865919 0.1761836 0.1356356 0.1588512 0.1761836 -0.2549327 0.1115774 0.1761836 0.04370826 0.4043969 0.1761836 0.2555824 0.2897129 0.1761836 0.1393789 0.3961121 0.1761836 -0.5036574 0.3901687 0.1761836 -0.09510701 -0.1790847 0.1761837 -0.371691 -0.1790847 0.1761837 -0.3707584 -0.1751711 0.1761837 -0.3663806 -0.1624448 0.1824051 -0.1609706 0.1570125 0.1761836 -0.3716342 -0.223792 0.1761837 0.003810942 -0.176193 0.1879356 0.004423737 -0.1786714 0.1761837 -0.2721601 -0.1786714 0.1761837 -0.1357886 -0.1901034 0.1761837 -0.4123727 -0.1901034 0.1761837 -0.09746319 0.1103507 0.1761836 -0.3768934 0.3032674 0.1761836 0.259047 0.2874596 0.1761836 0.1697721 0.3966695 0.1761836 -0.2585499 0.1135576 0.1761836 0.1317214 0.1600891 0.1761836 -0.2432575 0.2183184 0.1761836 0.1130898 -0.1396415 0.1761837 0.1130898 -0.1437353 0.1761837 0.116926 -0.139344 0.1799637 0.1130898 -0.1478291 0.1761837 0.1130898 -0.1560166 0.1761837 0.1130898 -0.1601104 0.1761837 0.1130898 -0.1682979 0.1761837 0.1130898 -0.1642041 0.1761837 0.1130898 -0.1723917 0.1761837 0.1130898 -0.1764854 0.1761837 0.1130898 -0.1805792 0.1761837 0.1130898 -0.184673 0.1761837 0.1130898 -0.1928603 0.1761837 0.1011533 0.1831455 0.1761836 0.2886728 0.2551254 0.1761836 0.00341773 -0.2276995 0.1761837 -0.08960902 0.1143687 0.1893778 -0.09383893 0.1121992 0.1761836 0.1939306 0.1595402 0.1761836 -0.3799065 0.293946 0.1819851 -0.4487261 0.2382574 0.1761836 0.03109192 0.3625428 0.1761836 -0.2620412 0.1156162 0.1761836 0.2866072 0.258611 0.1761836 0.1353877 0.3954441 0.1761836 0.03815001 0.3934863 0.1761836 -0.1354336 -0.1860762 0.1761837 -0.4120176 -0.1860762 0.1761837 -0.190847 0.1575796 0.1761836 0.2844309 0.2620127 0.1761836 0.1590014 -0.1083313 0.1761837 0.2686679 0.2800108 0.1761836 -0.09417438 -0.1751711 0.1761837 0.1279613 0.1615176 0.1761836 -0.0940926 -0.2276934 0.1761837 -0.3706766 -0.2276934 0.1761837 0.2821258 0.2652994 0.1761836 0.03665018 0.3897654 0.1761836 -0.1569906 0.1575124 0.1761836 0.1165283 0.3369712 0.1761836 0.2716171 0.2772982 0.1761836 0.003499507 -0.1747775 0.1761837 -0.2730844 -0.1747775 0.1761837 0.1035102 0.1799148 0.1761836 -0.09033787 0.1141318 0.1761836 0.03241533 0.3744617 0.1761836 0.2744376 0.2744708 0.1761836 -0.3781971 0.2994961 0.1761836 -0.2654064 0.1177533 0.1761836 0.03320932 0.3783506 0.1761836 -0.04528796 0.1711062 0.1761836 -0.4845319 0.2948271 0.1761836 -0.4881422 0.2942795 0.1761836 0.1737058 0.3961794 0.1761836 0.1243553 0.1631364 0.1761836 -0.1349771 -0.1821581 0.1761837 -0.4115611 -0.1821581 0.1761837 0.217104 0.3613251 0.1883866 -0.08696007 0.1161484 0.1761836 0.001558542 -0.2341582 0.1894447 0.002295911 -0.2314685 0.1761837 -0.3796381 0.2958452 0.1761836 -0.2686455 0.1199687 0.1761836 0.1976459 0.1608005 0.1761836 0.1315534 0.3946276 0.1761836 0.1060155 0.1768997 0.1761836 -0.1947065 0.1582602 0.1761836 -0.04644894 0.1673755 0.1761836 -0.3669692 -0.2377564 0.186128 -0.3695449 -0.2314133 0.1761837 0.1416643 -0.2246989 0.1761837 0.1377802 -0.2247148 0.1761837 -0.4997797 0.3899867 0.1761836 -0.09307223 -0.1714513 0.1761837 -0.3696562 -0.1714513 0.1761837 -0.3812164 0.2923148 0.1761836 -0.2717587 0.1222626 0.1761836 0.002407193 -0.1710774 0.1761837 0.1086692 0.1741003 0.1761836 0.1176053 0.1669456 0.1761836 -0.04772472 0.16374 0.1761836 -0.1344192 -0.178349 0.1761837 -0.4110032 -0.178349 0.1761837 -0.4446383 0.4449305 0.1761836 0.1144614 0.1691358 0.1761836 0.1114715 0.1715165 0.1761836 -0.3829319 0.2889049 0.1761836 -0.2747458 0.1246349 0.1761836 0.1789794 0.395213 0.1871846 0.1774632 0.3955492 0.1761836 -0.1984204 0.159092 0.1761836 -0.2755824 -0.2350453 0.1761837 0.001001477 -0.2350453 0.1761837 -0.001995503 -0.241311 0.1815708 -0.05171352 0.1538346 0.1815155 -0.0491153 0.1601998 0.1761836 0.2179463 0.3586622 0.1761836 0.2011623 0.162229 0.1761836 -0.09165513 -0.2349514 0.1761837 -0.3682391 -0.2349514 0.1761837 -0.07756614 0.1227023 0.1761836 -0.2776068 0.1270856 0.1761836 -0.3847538 0.2856097 0.1761836 -0.05062073 0.1567547 0.1761836 -0.1337599 -0.1746489 0.1761837 -0.4103439 -0.1746489 0.1761837 0.16275 -0.1085145 0.1761837 -0.09180051 -0.1679253 0.1761837 -0.3683845 -0.1679253 0.1761837 0.1454045 -0.2246512 0.1761837 0.001146793 -0.167571 0.1761837 -0.2754371 -0.167571 0.1761837 -0.2429956 0.2146031 0.1761836 -0.07468128 0.125055 0.1761836 -0.05224102 0.153405 0.1761836 0.1875391 0.2424531 0.1761836 -0.3866514 0.2824237 0.1761836 -0.2019886 0.1600751 0.1761836 -4.65546e-4 -0.2384297 0.1761837 -0.2770495 -0.2384297 0.1761837 -0.2829508 0.1322224 0.1761836 -0.05397611 0.1501504 0.1761836 -0.07191967 0.1274917 0.1761836 0.2044799 0.1638254 0.1761836 -0.1329991 -0.1710578 0.1761837 -0.09017527 -0.2383078 0.1761837 -0.3667593 -0.2383078 0.1761837 0.2168232 0.3621492 0.1761836 0.181044 0.3947789 0.1761836 -0.05582606 0.1469911 0.1761836 -0.2854337 0.1349083 0.1761836 -0.3886246 0.279347 0.1761836 -0.06928128 0.1300125 0.1761836 -0.05779087 0.143927 0.1761836 -0.2877906 0.1376727 0.1761836 -0.09035921 -0.1645931 0.1761837 -0.3669432 -0.1645931 0.1761837 -0.05987048 0.1409581 0.1761836 -0.2916735 0.142526 0.1896795 -0.2900243 0.1405225 0.1761836 -0.06676614 0.1326172 0.1761836 -0.06206494 0.1380844 0.1761836 -0.0643742 0.135306 0.1761836 -0.2768656 -0.1642584 0.1761837 0.113369 0.3387106 0.1761836 -0.3906733 0.2763795 0.1761836 0.149001 -0.2245717 0.1761837 -0.002105116 -0.2416219 0.1761837 -0.2786891 -0.2416219 0.1761837 -0.132137 -0.1675757 0.1761837 -0.4087209 -0.1675757 0.1761837 0.2075986 0.1655899 0.1761836 -0.1460925 0.1598693 0.1761836 -0.08852124 -0.2414826 0.1761837 -0.3632771 -0.2444757 0.1761837 -0.3651052 -0.2414826 0.1761837 -0.2921375 0.143392 0.1761836 -0.3927978 0.2735213 0.1761836 -0.04870712 -0.1371783 0.1761837 -0.3217431 -0.1370829 0.1761837 -0.3252911 -0.1371783 0.1761837 -0.04161268 -0.1371768 0.1761837 -0.3181967 -0.1371768 0.1761837 0.2155768 0.3654571 0.1761836 -0.3653323 -0.1614546 0.1761837 0.1844484 0.3938686 0.1761836 0.1873979 0.3928763 0.1868056 -0.3949978 0.2707723 0.1761836 -0.2086882 0.162495 0.1761836 -0.5284111 0.2332874 0.1761836 -0.5248975 0.2332874 0.1761836 -0.5319247 0.2332874 0.1761836 -0.5354384 0.2332874 0.1761836 -0.5635474 0.2332874 0.1761836 -0.5389521 0.2332874 0.1761836 -0.5424657 0.2332874 0.1761836 -0.5459793 0.2332874 0.1761836 -0.551158 0.2333011 0.1857702 -0.5494929 0.2332874 0.1761836 -0.5530065 0.2332874 0.1761836 -0.5565202 0.2332874 0.1761836 -0.5600337 0.2332874 0.1761836 -0.2941303 0.1462811 0.1761836 -0.1311733 -0.1642026 0.1761837 -0.4077573 -0.1642026 0.1761837 -0.08669316 -0.2444757 0.1761837 -0.3575217 -0.2524619 0.181943 -0.003917336 -0.2446218 0.1761837 -0.005902171 -0.2474294 0.1761837 -0.005940914 -0.2475661 0.1906077 -0.2805013 -0.2446218 0.1761837 -0.278462 -0.1611397 0.1761837 -0.001878023 -0.1611397 0.1761837 0.1147344 0.3883188 0.1761836 0.2105185 0.1675225 0.1761836 -0.04903411 -0.1047606 0.1761837 -0.3256181 -0.1047606 0.1761837 0.1662139 -0.108731 0.1761837 -0.2960026 0.1491897 0.1761836 -0.1428072 0.1609406 0.1761836 0.1524536 -0.2244604 0.1761837 -0.3996248 0.2656019 0.1761836 -0.05214762 -0.1374644 0.1761837 -0.08469092 -0.2472871 0.1761837 -0.3612749 -0.2472871 0.1761837 -0.03817677 -0.1374585 0.1761837 -0.03163647 -0.1385848 0.1761837 -0.3147608 -0.1374585 0.1761837 -0.1098877 0.2045131 0.1761836 -0.2118195 0.1639319 0.1761836 -0.3635519 -0.15851 0.1761837 -0.08696794 -0.15851 0.1761837 -0.2824861 -0.2474294 0.1761837 -0.3251798 -0.2661951 0.1761837 -0.3217431 -0.2662919 0.1761837 -0.04859584 -0.2661951 0.1761837 -0.04515916 -0.2662919 0.1761837 -0.05193865 -0.2659044 0.1761837 -0.04172396 -0.2661958 0.1761837 -0.4066922 -0.1609385 0.1761837 -0.3290457 -0.1048923 0.1761837 -0.05246174 -0.1048923 0.1761837 -0.4020517 0.2631806 0.1761836 0.1118412 0.3866117 0.1761836 -0.003642559 -0.1582148 0.1761837 -0.2802265 -0.1582148 0.1761837 0.2142072 0.3685855 0.1761836 -0.3590986 -0.2499169 0.1761837 -0.2977545 0.152118 0.1761836 -0.4045542 0.2608685 0.1761836 0.2157953 0.1718722 0.1761836 0.2188233 -0.1622162 0.1761837 0.2188876 -0.1656112 0.1761837 0.1876764 0.3928183 0.1761836 -0.4071323 0.2586657 0.1761836 -0.008059561 -0.2500448 0.1761837 -0.2846435 -0.2500448 0.1761837 -0.2148053 0.16552 0.1761836 -0.4125156 0.2545877 0.1761836 -0.08501797 -0.1557591 0.1761837 -0.3616019 -0.1557591 0.1761837 -0.05582576 -0.1051118 0.1761837 -0.3324097 -0.1051118 0.1761837 -0.299386 0.1550658 0.1761836 -0.05548059 -0.1379413 0.1761837 -0.1289417 -0.1577833 0.1761837 -0.4055257 -0.1577833 0.1761837 -0.03485137 -0.1379277 0.1761837 -0.3114354 -0.1379277 0.1761837 0.1338144 -0.1928603 0.1761837 0.1371709 -0.1928429 0.1761837 -0.2427029 0.2112603 0.1761836 -0.3285226 -0.2659044 0.1761837 -0.03838568 -0.2659074 0.1761837 -0.3149697 -0.2659074 0.1761837 -0.3567883 -0.2523393 0.1761837 -0.00557512 -0.1554836 0.1761837 -0.2821591 -0.1554836 0.1761837 -0.4812465 0.2954391 0.1761836 -0.1396955 0.1621547 0.1761836 0.1907362 0.2415232 0.1761836 -0.24164 0.203467 0.1761836 -0.05912619 -0.1054192 0.1761837 -0.3357102 -0.1054192 0.1761837 0.1557623 -0.2243173 0.1761837 -0.286916 -0.2524483 0.1761837 -0.01033198 -0.2524483 0.1761837 0.2127144 0.3715348 0.1761836 -0.1276738 -0.1547372 0.1761837 -0.404228 -0.1546624 0.1927 -0.4042578 -0.1547372 0.1761837 -0.4152507 0.2527433 0.1761836 -0.3022876 0.1610204 0.1761836 -0.007675766 -0.1529462 0.1761837 -0.0587061 -0.1386089 0.1761837 -0.33529 -0.1386089 0.1761837 -0.4929232 0.3895385 0.1761836 -0.3317716 -0.2654199 0.1761837 -0.08064037 -0.1508175 0.1761837 -0.3543841 -0.2545678 0.1761837 -0.03514432 -0.2654268 0.1761837 0.1907279 0.391628 0.1761836 0.1936029 0.3902976 0.1761836 -0.3035579 0.1640271 0.1761836 -0.06236302 -0.1058143 0.1761837 -0.338947 -0.1058143 0.1761837 -0.2228519 0.1712015 0.1761836 -0.01270133 -0.2546594 0.1761837 -0.2892853 -0.2546594 0.1761837 -0.3047076 0.1670534 0.1761836 -0.1367574 0.1635118 0.1761836 -0.06182408 -0.1394674 0.1761837 -0.3384081 -0.1394674 0.1761837 -0.00989598 -0.1505995 0.1761837 -0.28648 -0.1505995 0.1761837 -0.3349267 -0.2647417 0.1761837 -0.05834269 -0.2647417 0.1761837 -0.3548588 -0.1486238 0.1761837 -0.3518861 -0.2566026 0.1761837 -0.02853208 -0.1394296 0.1761837 -0.3085837 -0.2647538 0.1761837 0.2183086 -0.1557213 0.1761837 -0.2389092 0.1940772 0.1761836 -0.06553632 -0.1062973 0.1761837 -0.3421203 -0.1062973 0.1761837 0.2110983 0.3743048 0.1761836 -0.3066458 0.1731648 0.1761836 -0.2252187 0.1733511 0.1761836 0.2202934 0.1765384 0.1761836 0.1693932 -0.1089808 0.1761837 -0.06483459 -0.1405165 0.1761837 -0.3414186 -0.1405165 0.1761837 -0.01516759 -0.2566783 0.1761837 -0.06140393 -0.2638696 0.1761837 -0.3379879 -0.2638696 0.1761837 -0.3403226 -0.2631988 0.1913876 -0.3523857 -0.1466209 0.1761837 0.1461722 -0.1925029 0.1860834 0.1403517 -0.1927906 0.1761837 -0.07271021 -0.2584435 0.1761837 -0.3492942 -0.2584435 0.1761837 -0.0122267 -0.1484407 0.1761837 -0.2888107 -0.1484407 0.1761837 -0.1103064 0.2013663 0.1761836 -0.2377076 0.1911433 0.1761836 0.1589272 -0.2241424 0.1761837 -0.02895218 -0.2638886 0.1761837 -0.3055362 -0.2638886 0.1761837 -0.0255382 -0.1404621 0.1761837 -0.3021222 -0.1404621 0.1761837 -0.4235061 0.2477985 0.1761836 -0.3452299 -0.106868 0.1761837 -0.2274397 0.1755988 0.1761836 -0.06773763 -0.1417565 0.1761837 -0.3443216 -0.1417565 0.1761837 -0.0732212 -0.1448087 0.1761837 -0.3409553 -0.2628038 0.1761837 -0.07002443 -0.2600907 0.1761837 -0.3466084 -0.2600907 0.1761837 -0.2943147 -0.2585049 0.1761837 -0.133993 0.1650116 0.1761836 -0.2363604 0.1883075 0.1761836 -0.291252 -0.1464695 0.1761837 -0.06724482 -0.2615442 0.1761837 -0.3438288 -0.2615442 0.1761837 -0.3025854 -0.2628311 0.1761837 -0.02600151 -0.2628311 0.1761837 -0.2295151 0.1779445 0.1761836 -0.02265489 -0.1416823 0.1761837 -0.2992389 -0.1416823 0.1761837 -0.4262747 0.2463462 0.1761836 -0.2969747 -0.2601392 0.1761837 0.2093589 0.3768956 0.1761836 -0.2348675 0.1855698 0.1761836 -0.348276 -0.1075266 0.1761837 -0.07169204 -0.1075266 0.1761837 -0.0231477 -0.2615813 0.1761837 -0.2997316 -0.2615813 0.1761837 -0.2314449 0.1803882 0.1761836 -0.2938038 -0.1446861 0.1761837 -0.01721978 -0.1446861 0.1761837 -0.01988208 -0.1430903 0.1761837 -0.2964661 -0.1430903 0.1761837 -0.2332291 0.1829299 0.1761836 0.2222357 0.1789555 0.1761836 -0.4290518 0.244992 0.1761836 -0.07467454 -0.108273 0.1761837 -0.3512585 -0.108273 0.1761837 0.1963015 0.3888272 0.1761836 0.1344518 -0.1396491 0.1761837 0.1313837 -0.1396415 0.1761837 -0.1314022 0.1666543 0.1761836 0.2172791 -0.14962 0.1761837 -0.4318372 0.2437359 0.1761836 -0.478286 0.2961154 0.1761836 -0.0775935 -0.1091072 0.1761837 -0.0804488 -0.1100292 0.1761837 -0.08593034 -0.1119763 0.1934086 -0.3541774 -0.1091072 0.1761837 0.1433569 -0.1927036 0.1761837 -0.1289851 0.1684398 0.1761836 -0.4374332 0.2415176 0.1761836 0.1988236 0.3872166 0.1761836 0.2011693 0.3854661 0.1761836 -0.4899445 0.3892725 0.1761836 0.2165713 -0.146717 0.1761837 -0.2420251 0.2056923 0.1761836 -0.2423794 0.2082901 0.1761836 0.2055106 0.3815394 0.1761836 -0.4402438 0.2405555 0.1761836 -0.3598245 -0.111039 0.1761837 -0.08324056 -0.111039 0.1761837 -0.1267262 0.1703654 0.1761836 0.1935609 0.2406718 0.1761836 -0.5582132 0.2922182 0.1761836 -0.5497396 0.2922635 0.1886891 -0.5552639 0.2922182 0.1761836 -0.5523147 0.2922182 0.1761836 -0.5493654 0.2922182 0.1761836 -0.5464161 0.2922182 0.1761836 -0.5434669 0.2922182 0.1761836 -0.5405176 0.2922182 0.1761836 -0.5375683 0.2922182 0.1761836 -0.5316697 0.2922182 0.1761836 -0.5641118 0.2922182 0.1761836 -0.5611625 0.2922182 0.1761836 -0.4430629 0.2396914 0.1761836 0.2034016 0.3835924 0.1761836 -0.08596873 -0.1121367 0.1761837 -0.3625527 -0.1121367 0.1761837 -0.4458903 0.2389254 0.1761836 0.2157348 -0.1439124 0.1761837 0.2304142 0.200309 0.1761836 0.1043512 -0.2954599 0.1761837 0.09269976 -0.2954599 0.1761837 0.1014384 -0.2954599 0.1761837 0.08978694 -0.2954599 0.1761837 0.08687406 -0.2954599 0.1761837 0.08104836 -0.2954599 0.1761837 0.07813549 -0.2954599 0.1761837 0.08396118 -0.2954599 0.1761837 0.1722879 -0.1092639 0.1761837 0.2268362 0.1865429 0.1761836 0.1373578 -0.1396718 0.1761837 -0.1107615 0.1984969 0.1761836 -0.1125763 0.1912626 0.1865722 -0.1217467 0.1751807 0.1905815 -0.1246102 0.1723554 0.1761836 0.1619483 -0.2239358 0.1761837 0.2301075 0.1974438 0.1761836 0.2007954 0.2382071 0.1761836 0.1980926 0.2392041 0.1761836 -0.4435194 0.3416822 0.1761836 0.2279607 0.1891841 0.1761836 0.2295963 0.1946345 0.1761836 0.2288808 0.1918813 0.1761836 -0.122637 0.1744098 0.1761836 0.1083948 0.3421556 0.1761836 0.1461865 -0.1925817 0.1761837 -0.4437827 0.3473511 0.1761836 -0.1208067 0.1765286 0.1761836 0.2124533 -0.136089 0.1761837 0.2033694 0.2371819 0.1761836 -0.1171917 0.1816829 0.1870806 -0.1191192 0.1787118 0.1761836 -0.1113063 0.1957983 0.1761836 0.1401019 -0.1397097 0.1761837 0.2080136 -0.1291513 0.1761837 -0.4441118 0.3500679 0.1761836 -0.1175745 0.1809595 0.1761836 -0.1119939 0.1931641 0.1761836 -0.1161727 0.1832716 0.1761836 -0.1128243 0.1905944 0.1761836 -0.1145942 0.1864263 0.1810518 -0.4872655 0.3889784 0.1761836 -0.1149137 0.1856481 0.1761836 -0.1137976 0.188089 0.1761836 -0.4445725 0.3527063 0.1761836 0.2045436 -0.1250181 0.1761837 0.2058145 0.2361288 0.1761836 0.1488405 -0.1924249 0.1761837 -0.48022 0.3877782 0.1761836 -0.4828066 0.3883062 0.1761836 0.174898 -0.1095803 0.1761837 0.2027155 -0.1231287 0.1761837 -0.4484653 0.3645883 0.1905689 -0.4451649 0.3552662 0.1761836 0.2188506 -0.1682357 0.1761837 0.1701487 -0.2231251 0.1761837 -0.5358207 0.3906729 0.1761836 -0.538424 0.3906729 0.1761836 -0.5410274 0.3906729 0.1761836 -0.5527039 0.3905037 0.1847103 -0.5488376 0.3906729 0.1761836 -0.5540443 0.3906729 0.1761836 -0.5566477 0.3906729 0.1761836 -0.5618544 0.3906729 0.1761836 -0.5644578 0.3906729 0.1761836 -0.5514409 0.3906729 0.1761836 -0.559251 0.3906729 0.1761836 -0.4777035 0.3871411 0.1761836 -0.4458889 0.3577477 0.1761836 0.196013 0.2398988 0.1761836 0.2189622 -0.1699661 0.1873388 0.2187393 -0.170795 0.1761837 -0.4752569 0.3863946 0.1761836 0.2081308 0.2350476 0.1761836 -0.4467446 0.3601509 0.1761836 0.1810204 -0.1107293 0.1761837 0.1834693 -0.1114379 0.1761837 -0.4529974 0.37099 0.1761836 -0.4546429 0.3729226 0.1761836 -0.4563892 0.3747614 0.1761836 0.1968588 -0.118169 0.1761837 0.1858561 -0.1122645 0.1761837 -0.4477319 0.3624756 0.1761836 -0.4514836 0.368979 0.1761836 0.1947824 -0.1167519 0.1761837 -0.4488508 0.3647218 0.1761836 -0.4582055 0.3764909 0.1761836 -0.4501013 0.3668897 0.1761836 0.1926439 -0.115453 0.1761837 0.2185539 -0.1732892 0.1761837 0.1904433 -0.1142721 0.1761837 -0.4600919 0.3781112 0.1761836 0.1513188 -0.1922335 0.1761837 -0.4683375 0.3834999 0.1761836 -0.4661711 0.3823166 0.1761836 0.1725945 -0.2227913 0.1761837 -0.4640746 0.381024 0.1761836 0.2103182 0.2339385 0.1761836 -0.4733398 0.2976616 0.1761836 -0.1102753 -0.1290233 0.1761837 -0.3851349 -0.1273065 0.1761837 -0.3885248 -0.1307924 0.1761837 -0.1119407 -0.1307924 0.1761837 -0.1135516 -0.1325963 0.1761837 -0.3901357 -0.1325963 0.1761837 -0.1266624 -0.1525503 0.1761837 -0.4032464 -0.1525503 0.1761837 -0.1151079 -0.134435 0.1761837 -0.391692 -0.134435 0.1761837 -0.1068023 -0.1256593 0.1761837 -0.3833863 -0.1256593 0.1761837 -0.4021806 -0.1503982 0.1761837 -0.1166098 -0.1363086 0.1761837 -0.3958347 -0.1398205 0.1939986 -0.4848862 0.3886563 0.1761836 -0.1244763 -0.1482809 0.1761837 -0.4010603 -0.1482809 0.1761837 -0.1180571 -0.1382169 0.1761837 -0.3931939 -0.1363086 0.1761837 -0.3946412 -0.1382169 0.1761837 -0.1233015 -0.1461985 0.1761837 -0.3998855 -0.1461985 0.1761837 -0.396034 -0.1401601 0.1761837 -0.1220721 -0.1441509 0.1761837 -0.3986561 -0.1441509 0.1761837 -0.3973723 -0.142138 0.1761837 -0.1050295 -0.1240818 0.1761837 -0.3816134 -0.1240818 0.1761837 0.2123768 0.2328014 0.1761836 0.1772234 -0.10993 0.1761837 -0.1032324 -0.1225739 0.1761837 -0.3798164 -0.1225739 0.1761837 -0.443567 0.339338 0.1761836 0.2175524 -0.1803814 0.1761837 -0.1014111 -0.1211356 0.1761837 -0.3779951 -0.1211356 0.1761837 0.1536216 -0.1920071 0.1761837 -0.09956562 -0.119767 0.1761837 -0.3761496 -0.119767 0.1761837 -0.471228 0.2985354 0.1761836 -0.09769582 -0.118468 0.1761837 -0.4439479 0.3347838 0.1761836 0.1473621 -0.139914 0.1761837 -0.09580188 -0.1172387 0.1761837 -0.3723859 -0.1172387 0.1761837 0.2143067 0.2316362 0.1761836 -0.469189 0.2994821 0.1761836 -0.09388369 -0.116079 0.1761837 -0.3704677 -0.116079 0.1761837 0.2165138 -0.184784 0.1761837 -0.4442812 0.332574 0.1761836 -0.09194129 -0.1149889 0.1761837 -0.3685253 -0.1149889 0.1761837 -0.3665586 -0.1139685 0.1761837 -0.08997464 -0.1139685 0.1761837 -0.4447097 0.3304089 0.1761836 -0.08798378 -0.1130177 0.1761837 -0.3645678 -0.1130177 0.1761837 0.2158832 -0.1868877 0.1761837 0.1770547 -0.2220282 0.1761837 -0.4653294 0.301594 0.1761836 -0.4458525 0.3262133 0.1761836 -0.4515662 0.3147018 0.1761836 -0.4538901 0.3112934 0.180406 -0.4503759 0.3165084 0.1761836 -0.4635089 0.3027591 0.1761836 0.2161076 0.2304431 0.1761836 0.2151784 -0.1889262 0.1761837 -0.4465667 0.3241826 0.1761836 -0.4492807 0.3183597 0.1761836 -0.4482808 0.3202559 0.1761836 0.1557487 -0.1917459 0.1761837 -0.4528042 0.3129541 0.1761836 -0.4541149 0.3112792 0.1761836 0.2143995 -0.1908997 0.1761837 -0.4584842 0.3066915 0.1761836 -0.4554985 0.3096771 0.1761836 -0.456955 0.3081479 0.1761836 0.1494582 -0.1400125 0.1761837 0.2135464 -0.192808 0.1761837 0.1059454 0.3821514 0.1761836 0.1792643 -0.1103131 0.1761837 0.2177796 0.2292219 0.1761836 0.1068543 0.3435238 0.1761836 0.09804707 0.3652623 0.1761836 0.09771889 0.3600507 0.1821374 0.09798127 0.3632192 0.1761836 0.2116343 -0.1964325 0.1761837 0.2106086 -0.1981546 0.1761837 0.1054371 0.344934 0.1761836 0.09824454 0.3672412 0.1761836 0.209542 -0.1998177 0.1761837 0.2084345 -0.2014217 0.1761837 0.1041431 0.3463862 0.1761836 0.09857368 0.3691555 0.1761836 0.1513922 -0.140126 0.1761837 0.2060053 -0.2047598 0.1871482 0.2072862 -0.2029667 0.1761837 0.1021937 0.3777611 0.1761836 0.09903436 0.3710055 0.1761836 0.206097 -0.2044526 0.1761837 0.1301832 -0.2247148 0.1761837 0.1282839 -0.2247148 0.1761837 0.1225861 -0.2247148 0.1761837 0.1149891 -0.2247148 0.1761837 0.135881 -0.2247148 0.1761837 0.1339817 -0.2247148 0.1761837 0.1320825 -0.2247148 0.1761837 0.1263847 -0.2247148 0.1761837 0.1206869 -0.2247148 0.1761837 0.1187877 -0.2247148 0.1761837 0.1168884 -0.2247148 0.1761837 0.1029723 0.3478804 0.1761836 0.1012064 0.3761689 0.1761836 0.2048669 -0.2058796 0.1761837 0.09962677 0.372791 0.1761836 0.1003508 0.3745121 0.1761836 0.0980429 0.3613468 0.1761836 0.230473 0.2051013 0.1761836 0.202149 -0.2088165 0.1857026 0.2035959 -0.2072474 0.1761837 0.1019248 0.3494167 0.1761836 0.2022841 -0.2085562 0.1761837 0.2009314 -0.209806 0.1761837 0.09822773 0.3595165 0.1761836 0.1995378 -0.2109968 0.1761837 0.2220229 0.2253904 0.1761836 0.1010006 0.350995 0.1761836 0.1998493 -0.211029 0.1877803 0.1981033 -0.2121285 0.1761837 0.1966279 -0.2132011 0.1761837 0.09853583 0.3577281 0.1761836 0.1001995 0.3526152 0.1761836 0.09896719 0.3559818 0.1761836 0.09952175 0.3542775 0.1761836 0.2298218 0.2104452 0.1761836 0.1951495 -0.2141981 0.1761837 0.1531643 -0.1402547 0.1761837 0.2231796 0.2240573 0.1761836 0.2294311 0.2121369 0.1761836 0.1936666 -0.215142 0.1761837 0.2289535 0.2137838 0.1761836 0.1921791 -0.2160329 0.1761837 0.224265 0.222724 0.1761836 0.1862774 -0.2191798 0.1836879 0.1906871 -0.2168709 0.1761837 0.2252635 0.221346 0.1761836 0.2283892 0.2153859 0.1761836 0.1891905 -0.2176559 0.1761837 0.2261751 0.2199233 0.1761836 0.227738 0.2169432 0.1761836 0.2269999 0.2184556 0.1761836 0.1876894 -0.2183879 0.1761837 0.1861838 -0.2190669 0.1761837 0.1610763 -0.1907536 0.1761837 0.1846736 -0.2196929 0.1761837 0.1831589 -0.2202659 0.1761837 0.1547744 -0.1403985 0.1761837 0.1816396 -0.220786 0.1761837 0.1290318 -0.1928603 0.1761837 0.130626 -0.1928603 0.1761837 0.114684 -0.1928603 0.1761837 0.1162782 -0.1928603 0.1761837 0.1194666 -0.1928603 0.1761837 0.1210608 -0.1928603 0.1761837 0.122655 -0.1928603 0.1761837 0.1242492 -0.1928603 0.1761837 0.1258434 -0.1928603 0.1761837 0.1274376 -0.1928603 0.1761837 0.1322202 -0.1928603 0.1761837 0.1801158 -0.221253 0.1761837 0.1785875 -0.2216671 0.1761837 0.1798691 -0.1661229 0.1761837 0.1798335 -0.1645696 0.1761837 0.1797268 -0.1630587 0.1761837 0.1625009 -0.1903532 0.1761837 0.1562225 -0.1405575 0.1761837 0.1792998 -0.160164 0.1761837 0.1600309 -0.1412062 0.1761837 0.1586328 -0.1409208 0.1761837 0.1789796 -0.1587802 0.1761837 0.1173115 -0.1396415 0.1761837 0.1159043 -0.1396415 0.1761837 0.1144971 -0.1396415 0.1761837 0.1299765 -0.1396415 0.1761837 0.1285693 -0.1396415 0.1761837 0.127162 -0.1396415 0.1761837 0.1257548 -0.1396415 0.1761837 0.1243476 -0.1396415 0.1761837 0.1229404 -0.1396415 0.1761837 0.1215332 -0.1396415 0.1761837 0.120126 -0.1396415 0.1761837 0.1187188 -0.1396415 0.1761837 0.1627136 -0.1419541 0.1761837 0.1781257 -0.1561399 0.1761837 0.1747459 -0.1502808 0.1761837 0.1738564 -0.1492363 0.1761837 0.1729124 -0.1482424 0.1761837 0.1639982 -0.1424166 0.1761837 0.1775921 -0.1548833 0.1761837 0.1755641 -0.1513679 0.1761837 0.1769872 -0.1536691 0.1761837 0.1719306 -0.1473075 0.1761837 0.1763113 -0.1524973 0.1761837 0.1652449 -0.1429381 0.1761837 0.170911 -0.1464316 0.1761837 0.1698535 -0.1456148 0.1761837 0.1676249 -0.1441584 0.1761837 0.1687581 -0.1448571 0.1761837 0.1637499 -0.1899179 0.1761837 0.1575086 -0.1407316 0.1761837 0.1798433 -0.1673901 0.1761837 0.1797661 -0.1686331 0.1761837 0.1796374 -0.1698518 0.1761837 0.1676637 -0.1879528 0.1864043 0.1794573 -0.1710463 0.1761837 0.1670565 -0.1883828 0.1761837 0.1792256 -0.1722166 0.1761837 0.1680799 -0.1877923 0.1761837 0.178608 -0.1744845 0.1761837 0.1755195 -0.1807069 0.1761837 0.1761629 -0.1797304 0.1761837 0.1690639 -0.1871625 0.1761837 0.1782219 -0.1755822 0.1761837 0.1767549 -0.1787297 0.1761837 0.1777844 -0.1766555 0.1761837 0.1772954 -0.1777048 0.1761837 0.1748503 -0.1816517 0.1761837 0.1700087 -0.1864933 0.1761837 0.170914 -0.1857848 0.1761837 0.1733939 -0.183423 0.1761837 0.1726066 -0.1842496 0.1761837 0.1083676 0.4017756 0.2181858 -0.5466063 0.2920111 0.2024956 -0.0428406 -0.1050488 0.2173594 0.3601934 0.4486491 0.2175866 0.4295039 0.4490011 0.2171291 0.4294918 0.4490296 0.1943367 0.5526767 0.3128314 0.2053358 0.5672358 0.1031475 0.2173703 0.4297812 0.2537442 0.2178132 -0.5184565 -0.1401312 0.1933584 -0.5182431 -0.2954599 0.1761837 -0.4252771 -0.1392233 0.2170862 0.4609955 -0.1079599 0.2176764 0.5734622 -0.2953481 0.2011733 0.5515571 -0.29545 0.2055712 0.5580057 -0.2954633 0.1903405 0.5359914 -0.2950843 0.2176207 0.4607877 -0.1754707 0.2179168 -0.3804765 -0.1234293 0.202117 0.4116458 0.1029689 0.2179884 0.5838358 0.17493 0.2180806 0.220987 0.2925297 0.2181132 0.3664225 -0.2638612 0.1761837 0.4297925 0.449367 0.1761836 0.4122789 0.449367 0.1761836 0.4122789 0.1024089 0.1761836 0.6371153 0.449367 0.1761836 0.5845746 0.449367 0.1761836 0.5676404 0.4488084 0.217916 0.567061 0.1024089 0.1761836 0.5845746 0.1024089 0.1761836 -0.4804724 -0.2723474 0.2174987 -0.5182431 -0.237028 0.1761837 -0.5182431 -0.2175507 0.1761837 -0.5182431 -0.1980734 0.1761837 -0.5175626 -0.2950546 0.2169004 -0.5166677 -0.2771623 0.2180644 -0.4807437 -0.1079149 0.1761837 -0.2383188 -0.1586525 0.217745 0.4297154 0.3802082 0.2175088 0.4158703 0.3827401 0.2181032 0.4907382 -0.1548811 0.1761837 0.5014834 -0.1729835 0.2179561 0.554895 -0.2954599 0.1761837 0.4915367 -0.2233778 0.2177823 0.4975982 0.301034 0.2180957 0.3212953 -0.2954599 0.1761837 -0.09300917 0.2732935 0.2180848 0.3021219 -0.1079149 0.1761837 -0.2897476 0.3924324 0.2181248 0.5737351 -0.2947486 0.2174224 -0.2249287 0.1715729 0.2176007 0.5738925 -0.1079149 0.1761837 -0.5182431 -0.1396415 0.1761837 -0.4803759 -0.1396415 0.1761837 -0.4248545 -0.1396415 0.1761837 0.4297925 0.2541143 0.1761836 -0.06258428 -0.1061035 0.2164573 -0.2329527 0.1528378 0.2180874 0.5387119 -0.1861919 0.1761837 0.5391358 -0.1546143 0.2178602 0.460291 -0.2495971 0.1761837 0.138962 -0.2052066 0.217982 0.3890342 -0.1396415 0.1761837 0.2499746 -0.2954599 0.1761837 0.2878417 -0.1396415 0.1761837 -0.5408192 0.4095135 0.2181431 0.5738925 -0.2954599 0.1761837 0.3384379 -0.1396415 0.1761837 0.9518563 0.1117856 0.01445293 0.9443898 -0.006891846 0.01445293 0.9221079 -0.1236976 0.01445293 0.885362 -0.2367898 0.01445299 0.8347317 -0.3443847 0.01445299 0.7710155 -0.4447854 0.01445299 0.695218 -0.5364089 0.01445299 0.6085348 -0.6178098 0.01445299 0.5123329 -0.6877045 0.01445299 0.4081294 -0.7449909 0.01445299 0.2975679 -0.7887653 0.01445299 0.1823915 -0.8183376 0.01445299 0.06441706 -0.8332412 0.01445299 -0.05449485 -0.8332412 0.01445299 -0.1724693 -0.8183375 0.01445299 -0.2876455 -0.7887653 0.01445299 -0.3982073 -0.7449908 0.01445299 -0.5024107 -0.6877045 0.01445299 -0.5986127 -0.6178096 0.01445299 -0.6852957 -0.5364087 0.01445299 -0.7610931 -0.4447854 0.01445299 -0.8248094 -0.3443846 0.01445299 -0.8754397 -0.2367896 0.01445299 -0.9121856 -0.1236974 0.01445293 -0.9344674 -0.006891548 0.01445293 -0.9419339 0.1117857 0.01445293 -0.9344674 0.2304632 0.01445293 -0.9121854 0.347269 0.01445293 -0.8754395 0.4603612 0.01445293 -0.8248092 0.5679561 0.01445293 -0.761093 0.6683567 0.01445287 -0.6852955 0.7599801 0.01445287 -0.5986123 0.841381 0.01445287 -0.5024104 0.9112758 0.01445287 -0.3982069 0.9685621 0.01445287 -0.2876452 1.012337 0.01445287 -0.1724689 1.041909 0.01445287 -0.05449438 1.056812 0.01445287 0.06441724 1.056812 0.01445287 0.1823917 1.041909 0.01445287 0.297568 1.012336 0.01445287 0.4081297 0.968562 0.01445287 0.5123332 0.9112756 0.01445287 0.6085351 0.8413807 0.01445287 0.6952183 0.7599797 0.01445287 0.7710157 0.6683564 0.01445287 0.8347319 0.5679555 0.01445293 0.8853622 0.4603605 0.01445293 0.922108 0.3472684 0.01445293 0.9443898 0.2304629 0.01445293 0.9003986 0.1117856 0.1563096 0.8933377 -4.4246e-4 0.1563096 0.9658554 -0.009603559 0.05714529 0.9734926 0.1117856 0.05714529 0.8722667 -0.1109006 0.1563096 0.9430644 -0.1290783 0.05714529 0.8375178 -0.2178469 0.1563096 0.9054789 -0.2447546 0.05714529 0.7896389 -0.3195947 0.1563096 0.8536917 -0.354808 0.05714529 0.7293853 -0.4145393 0.1563096 0.7885196 -0.4575029 0.05714529 0.6577068 -0.5011835 0.1563096 0.7109901 -0.5512199 0.05714529 0.5757344 -0.5781608 0.1563096 0.6223263 -0.6344808 0.05714529 0.4847605 -0.6442572 0.1563096 0.5239262 -0.7059726 0.05714535 0.3862197 -0.6984304 0.1563096 0.4173417 -0.7645679 0.05714535 0.2816665 -0.739826 0.1563096 0.3042538 -0.8093426 0.05714535 0.1727493 -0.7677912 0.1563096 0.1864458 -0.8395906 0.05714535 0.06118601 -0.7818849 0.1563096 0.06577563 -0.8548347 0.05714535 -0.0512638 -0.7818849 0.1563096 -0.05585342 -0.8548347 0.05714535 -0.1628271 -0.7677912 0.1563096 -0.1765236 -0.8395905 0.05714535 -0.2717442 -0.7398259 0.1563096 -0.2943315 -0.8093425 0.05714535 -0.3762975 -0.6984304 0.1563096 -0.4074195 -0.7645679 0.05714535 -0.4748383 -0.6442571 0.1563096 -0.514004 -0.7059725 0.05714535 -0.5658122 -0.5781607 0.1563096 -0.6124041 -0.6344806 0.05714529 -0.6477845 -0.5011835 0.1563096 -0.7010678 -0.5512198 0.05714529 -0.7194629 -0.4145392 0.1563096 -0.7785972 -0.4575029 0.05714529 -0.7797165 -0.3195946 0.1563096 -0.8437694 -0.3548079 0.05714529 -0.8275954 -0.2178467 0.1563096 -0.8955566 -0.2447544 0.05714529 -0.8623444 -0.1109004 0.1563096 -0.9331421 -0.1290782 0.05714529 -0.8834154 -4.42222e-4 0.1563096 -0.955933 -0.009603321 0.05714529 -0.8904762 0.1117857 0.1563096 -0.9635702 0.1117857 0.05714529 -0.8834153 0.2240138 0.1563096 -0.955933 0.2331749 0.05714523 -0.8623443 0.334472 0.1563096 -0.933142 0.3526498 0.05714523 -0.8275953 0.4414183 0.1563095 -0.8955564 0.468326 0.05714523 -0.7797164 0.5431661 0.1563095 -0.8437692 0.5783794 0.05714523 -0.7194628 0.6381106 0.1563095 -0.7785971 0.6810742 0.05714523 -0.6477844 0.7247548 0.1563095 -0.7010677 0.7747911 0.05714523 -0.5658119 0.8017321 0.1563095 -0.6124038 0.858052 0.05714523 -0.4748379 0.8678285 0.1563095 -0.5140036 0.9295439 0.05714517 -0.3762972 0.9220017 0.1563095 -0.4074192 0.9881392 0.05714517 -0.2717438 0.9633972 0.1563095 -0.2943311 1.032914 0.05714517 -0.1628266 0.9913624 0.1563095 -0.176523 1.063162 0.05714517 -0.05126333 1.005456 0.1563095 -0.05585289 1.078406 0.05714517 0.06118619 1.005456 0.1563095 0.06577581 1.078406 0.05714517 0.1727495 0.9913623 0.1563095 0.186446 1.063162 0.05714517 0.2816666 0.9633971 0.1563095 0.3042539 1.032914 0.05714517 0.38622 0.9220016 0.1563095 0.417342 0.988139 0.05714517 0.4847607 0.8678283 0.1563095 0.5239264 0.9295436 0.05714523 0.5757346 0.8017318 0.1563095 0.6223266 0.8580517 0.05714523 0.6577071 0.7247544 0.1563095 0.7109904 0.7747907 0.05714523 0.7293854 0.6381102 0.1563095 0.7885198 0.6810738 0.05714523 0.7896391 0.5431655 0.1563095 0.8536919 0.5783788 0.05714523 0.8375179 0.4414177 0.1563095 0.9054791 0.4683254 0.05714523 0.8722668 0.3344714 0.1563096 0.9430645 0.352649 0.05714523 0.8933377 0.2240135 0.1563096 0.9658554 0.2331746 0.05714523 0.6662929 0.1117856 0.1994529 0.6610781 0.1946724 0.1994529 0.645516 0.2762517 0.1994529 0.619852 0.3552378 0.1994529 0.5844907 0.4303843 0.1994529 0.5399899 0.5005064 0.1994529 0.4870514 0.5644981 0.1994529 0.42651 0.6213504 0.1994529 0.3593205 0.6701664 0.1994529 0.2865426 0.7101764 0.1994529 0.209324 0.7407494 0.1994529 0.1288824 0.7614033 0.1994529 0.04648655 0.7718123 0.1994529 -0.03656381 0.7718124 0.1994529 -0.1189597 0.7614034 0.1994529 -0.1994012 0.7407495 0.1994529 -0.2766199 0.7101765 0.1994529 -0.3493978 0.6701666 0.1994529 -0.4165874 0.6213505 0.1994529 -0.4771288 0.5644984 0.1994529 -0.5300673 0.5005067 0.1994529 -0.574568 0.4303848 0.1994529 -0.6099293 0.3552382 0.1994529 -0.6355935 0.2762522 0.1994529 -0.6511557 0.1946725 0.1994529 -0.6563705 0.1117856 0.1994529 -0.6511557 0.02889895 0.1994529 -0.6355935 -0.05268073 0.1994529 -0.6099295 -0.1316667 0.1994529 -0.5745682 -0.2068133 0.199453 -0.5300673 -0.2769353 0.199453 -0.4771288 -0.3409271 0.199453 -0.4165875 -0.3977792 0.199453 -0.3493981 -0.4465952 0.199453 -0.2766202 -0.4866052 0.199453 -0.1994015 -0.5171782 0.199453 -0.11896 -0.5378321 0.199453 -0.03656417 -0.5482411 0.199453 0.04648643 -0.5482412 0.199453 0.1288824 -0.5378322 0.199453 0.2093239 -0.5171783 0.199453 0.2865424 -0.4866054 0.199453 0.3593204 -0.4465953 0.199453 0.4265099 -0.3977793 0.199453 0.4870512 -0.3409272 0.199453 0.5399897 -0.2769355 0.199453 0.5844905 -0.2068134 0.199453 0.6198518 -0.1316668 0.1994529 0.6455159 -0.0526809 0.1994529 0.6610781 0.02889871 0.1994529 0.8523088 0.004740715 0.1798842 0.8590435 0.1117856 0.1798842 0.8322109 -0.100616 0.1798842 0.7990669 -0.2026231 0.1798843 0.7533992 -0.2996717 0.1798843 0.6959283 -0.3902314 0.1798843 0.6275603 -0.4728741 0.1798843 0.5493736 -0.5462962 0.1798843 0.4626013 -0.60934 0.1798843 0.3686116 -0.6610113 0.1798843 0.2688871 -0.700495 0.1798843 0.1650002 -0.7271686 0.1798843 0.05858933 -0.7406114 0.1798843 -0.04866707 -0.7406114 0.1798843 -0.1550779 -0.7271686 0.1798843 -0.2589648 -0.700495 0.1798843 -0.3586894 -0.6610112 0.1798843 -0.4526791 -0.6093399 0.1798843 -0.5394515 -0.5462961 0.1798843 -0.6176379 -0.472874 0.1798843 -0.6860059 -0.3902314 0.1798843 -0.7434768 -0.2996716 0.1798843 -0.7891445 -0.2026229 0.1798843 -0.8222886 -0.1006158 0.1798842 -0.8423864 0.004740893 0.1798842 -0.8491211 0.1117857 0.1798842 -0.8423864 0.2188306 0.1798842 -0.8222885 0.3241874 0.1798842 -0.7891443 0.4261944 0.1798842 -0.7434767 0.5232431 0.1798842 -0.6860058 0.6138027 0.1798841 -0.6176379 0.6964453 0.1798841 -0.5394512 0.7698675 0.1798841 -0.4526787 0.8329113 0.1798841 -0.3586891 0.8845825 0.1798841 -0.2589644 0.9240663 0.1798841 -0.1550775 0.9507399 0.1798841 -0.04866665 0.9641826 0.1798841 0.05858945 0.9641826 0.1798841 0.1650003 0.9507398 0.1798841 0.2688872 0.9240661 0.1798841 0.3686119 0.8845824 0.1798841 0.4626016 0.8329111 0.1798841 0.5493739 0.7698672 0.1798841 0.6275606 0.6964449 0.1798841 0.6959285 0.6138024 0.1798841 0.7533994 0.5232426 0.1798842 0.799067 0.4261939 0.1798842 0.832211 0.3241868 0.1798842 0.8523088 0.2188304 0.1798842 0.8852634 0.2229935 0.16525 0.89226 0.1117856 0.16525 0.875306 0.2217356 0.1724694 0.8822234 0.1117856 0.1724694 0.864384 0.3324474 0.16525 0.8546627 0.3299514 0.1724694 0.8299509 0.4384217 0.16525 0.8206192 0.434727 0.1724694 0.7825073 0.5392448 0.16525 0.7737122 0.5344096 0.1724694 0.7228012 0.6333265 0.1652499 0.7146815 0.6274272 0.1724693 0.6517744 0.7191832 0.1652499 0.6444581 0.7123127 0.1724693 0.5705469 0.7954609 0.1652499 0.5641494 0.7877277 0.1724693 0.4803999 0.8609567 0.1652499 0.475022 0.8524826 0.1724693 0.3827548 0.9146376 0.1652499 0.3784814 0.9055563 0.1724693 0.2791517 0.9556569 0.1652499 0.2760502 0.9461116 0.1724693 0.1712245 0.983368 0.1652499 0.1693438 0.9735092 0.1724693 0.06067514 0.9973336 0.1652499 0.06004494 0.9873169 0.1724693 -0.05075234 0.9973336 0.1652499 -0.05012214 0.9873169 0.1724693 -0.1613016 0.983368 0.1652499 -0.159421 0.9735093 0.1724693 -0.2692289 0.955657 0.1652499 -0.2661274 0.9461117 0.1724693 -0.372832 0.9146377 0.1652499 -0.3685587 0.9055564 0.1724693 -0.4704771 0.8609569 0.1652499 -0.4650992 0.8524827 0.1724693 -0.5606242 0.7954612 0.1652499 -0.5542266 0.787728 0.1724693 -0.6418517 0.7191836 0.1652499 -0.6345354 0.7123131 0.1724693 -0.7128786 0.6333269 0.1652499 -0.7047588 0.6274276 0.1724693 -0.7725846 0.5392453 0.16525 -0.7637894 0.5344101 0.1724694 -0.8200283 0.4384223 0.16525 -0.8106966 0.4347276 0.1724694 -0.8544615 0.332448 0.16525 -0.8447402 0.329952 0.1724694 -0.8753409 0.2229937 0.16525 -0.8653835 0.2217358 0.1724694 -0.8823376 0.1117857 0.16525 -0.8723011 0.1117857 0.1724694 -0.875341 5.77815e-4 0.16525 -0.8653836 0.001835703 0.1724694 -0.8544616 -0.1088764 0.16525 -0.8447403 -0.1063804 0.1724694 -0.8200284 -0.2148507 0.16525 -0.8106967 -0.211156 0.1724694 -0.7725847 -0.3156738 0.16525 -0.7637895 -0.3108386 0.1724694 -0.7128787 -0.4097555 0.16525 -0.7047589 -0.4038562 0.1724694 -0.6418517 -0.4956123 0.16525 -0.6345354 -0.4887418 0.1724694 -0.5606245 -0.5718898 0.16525 -0.554227 -0.5641565 0.1724694 -0.4704774 -0.6373856 0.16525 -0.4650995 -0.6289114 0.1724694 -0.3728324 -0.6910664 0.16525 -0.368559 -0.6819851 0.1724694 -0.2692292 -0.7320857 0.16525 -0.2661278 -0.7225404 0.1724694 -0.1613021 -0.7597968 0.16525 -0.1594214 -0.749938 0.1724694 -0.05075275 -0.7737624 0.16525 -0.05012255 -0.7637457 0.1724694 0.06067502 -0.7737624 0.16525 0.06004482 -0.7637457 0.1724694 0.1712243 -0.7597968 0.16525 0.1693437 -0.749938 0.1724694 0.2791516 -0.7320858 0.16525 0.2760501 -0.7225404 0.1724694 0.3827546 -0.6910665 0.16525 0.3784812 -0.6819851 0.1724694 0.4803996 -0.6373856 0.16525 0.4750217 -0.6289114 0.1724694 0.5705467 -0.57189 0.16525 0.5641492 -0.5641567 0.1724694 0.6517741 -0.4956123 0.16525 0.6444578 -0.4887418 0.1724694 0.722801 -0.4097556 0.16525 0.7146813 -0.4038563 0.1724694 0.7825071 -0.3156739 0.16525 0.7737119 -0.3108388 0.1724694 0.8299508 -0.2148509 0.16525 0.8206191 -0.2111562 0.1724694 0.8643839 -0.1088767 0.16525 0.8546626 -0.1063807 0.1724694 0.8852634 5.77576e-4 0.16525 0.875306 0.001835465 0.1724694 0.8436891 -0.1035631 0.1774298 0.8640659 0.003255426 0.1774298 0.8100852 -0.2069855 0.1774298 0.7637839 -0.3053808 0.1774298 0.7055156 -0.397197 0.1774298 0.6361989 -0.4809863 0.1774298 0.5569275 -0.5554272 0.1774298 0.4689511 -0.6193457 0.1774298 0.3736574 -0.6717339 0.1774298 0.2725491 -0.7117655 0.1774298 0.1672207 -0.7388092 0.1774298 0.05933344 -0.7524386 0.1774298 -0.04941117 -0.7524386 0.1774298 -0.1572985 -0.7388092 0.1774298 -0.2626268 -0.7117655 0.1774298 -0.3637351 -0.6717339 0.1774298 -0.4590289 -0.6193456 0.1774298 -0.5470053 -0.555427 0.1774298 -0.6262766 -0.4809862 0.1774298 -0.6955932 -0.397197 0.1774298 -0.7538615 -0.3053807 0.1774298 -0.8001628 -0.2069854 0.1774298 -0.8337668 -0.1035629 0.1774298 -0.8541435 0.003255665 0.1774298 -0.8609716 0.1117857 0.1774297 -0.8541435 0.2203159 0.1774297 -0.8337667 0.3271345 0.1774297 -0.8001627 0.4305569 0.1774297 -0.7538614 0.5289521 0.1774297 -0.6955931 0.6207683 0.1774297 -0.6262766 0.7045575 0.1774297 -0.547005 0.7789984 0.1774297 -0.4590286 0.842917 0.1774297 -0.3637348 0.8953052 0.1774297 -0.2626265 0.9353368 0.1774297 -0.157298 0.9623805 0.1774297 -0.04941076 0.9760097 0.1774297 0.05933356 0.9760097 0.1774297 0.1672209 0.9623804 0.1774297 0.2725493 0.9353367 0.1774297 0.3736576 0.895305 0.1774297 0.4689514 0.8429168 0.1774297 0.5569277 0.7789981 0.1774297 0.6361992 0.7045572 0.1774297 0.7055158 0.620768 0.1774297 0.7637841 0.5289516 0.1774297 0.8100853 0.4305564 0.1774297 0.8436892 0.3271339 0.1774297 0.8640659 0.2203156 0.1774297 0.870894 0.1117856 0.1774297 0.9347181 0.3505061 0.01781237 0.9573063 0.2320946 0.01781237 0.9453236 0.3532291 0.02916079 0.9681694 0.2334669 0.02916079 0.8974671 0.4651532 0.01781237 0.9076477 0.4691839 0.02916073 0.8461407 0.5742275 0.01781237 0.8557358 0.5795025 0.02916073 0.7815484 0.6760088 0.01781237 0.7904067 0.6824448 0.02916073 0.7047088 0.7688919 0.01781237 0.7126907 0.7763873 0.02916073 0.6168338 0.8514121 0.01781237 0.6238132 0.8598489 0.02916073 0.5193092 0.922268 0.01781237 0.5251762 0.9315129 0.02916073 0.4136729 0.980342 0.01781237 0.418335 0.9902494 0.02916073 0.3015911 1.024718 0.01781231 0.3049747 1.035132 0.02916073 0.1848313 1.054697 0.01781231 0.186883 1.065453 0.02916073 0.06523472 1.069806 0.01781231 0.06592226 1.080734 0.02916073 -0.05531185 1.069806 0.01781231 -0.05599933 1.080734 0.02916073 -0.1749083 1.054697 0.01781231 -0.1769601 1.065453 0.02916073 -0.2916683 1.024718 0.01781231 -0.2950518 1.035132 0.02916073 -0.4037501 0.9803422 0.01781237 -0.4084122 0.9902496 0.02916073 -0.5093864 0.9222682 0.01781237 -0.5152534 0.9315131 0.02916073 -0.606911 0.8514124 0.01781237 -0.6138905 0.8598492 0.02916073 -0.6947861 0.7688923 0.01781237 -0.7027679 0.7763878 0.02916073 -0.7716257 0.6760092 0.01781237 -0.780484 0.6824451 0.02916073 -0.8362179 0.5742281 0.01781237 -0.845813 0.5795031 0.02916073 -0.8875444 0.4651538 0.01781237 -0.897725 0.4691846 0.02916073 -0.9247955 0.3505067 0.01781237 -0.935401 0.3532298 0.02916079 -0.9473838 0.2320948 0.01781237 -0.958247 0.2334672 0.02916079 -0.9549531 0.1117857 0.01781243 -0.9659026 0.1117857 0.02916079 -0.9473839 -0.008523285 0.01781243 -0.958247 -0.009895622 0.02916079 -0.9247956 -0.1269351 0.01781243 -0.9354012 -0.1296582 0.02916079 -0.8875446 -0.2415823 0.01781243 -0.8977252 -0.245613 0.02916079 -0.8362181 -0.3506565 0.01781243 -0.8458132 -0.3559315 0.02916079 -0.7716258 -0.4524378 0.01781243 -0.7804841 -0.4588738 0.02916085 -0.6947862 -0.5453209 0.01781243 -0.702768 -0.5528164 0.02916085 -0.6069114 -0.627841 0.01781249 -0.6138908 -0.6362777 0.02916085 -0.5093867 -0.6986969 0.01781249 -0.5152537 -0.7079418 0.02916085 -0.4037505 -0.7567708 0.01781249 -0.4084126 -0.7666782 0.02916085 -0.2916687 -0.8011472 0.01781249 -0.2950522 -0.8115608 0.02916085 -0.1749089 -0.831126 0.01781249 -0.1769606 -0.8418815 0.02916085 -0.05531233 -0.8462346 0.01781249 -0.05599987 -0.8571625 0.02916085 0.06523454 -0.8462346 0.01781249 0.06592208 -0.8571625 0.02916085 0.1848311 -0.831126 0.01781249 0.1868828 -0.8418816 0.02916085 0.301591 -0.8011472 0.01781249 0.3049746 -0.8115608 0.02916085 0.4136727 -0.7567709 0.01781249 0.4183348 -0.7666783 0.02916085 0.5193089 -0.6986969 0.01781249 0.5251759 -0.7079418 0.02916085 0.6168335 -0.6278412 0.01781249 0.623813 -0.6362779 0.02916085 0.7047085 -0.5453211 0.01781243 0.7126904 -0.5528165 0.02916085 0.7815482 -0.4524379 0.01781243 0.7904065 -0.4588738 0.02916085 0.8461405 -0.3506567 0.01781243 0.8557355 -0.3559316 0.02916079 0.8974669 -0.2415824 0.01781243 0.9076475 -0.2456132 0.02916079 0.934718 -0.1269354 0.01781243 0.9453235 -0.1296584 0.02916079 0.9573063 -0.008523523 0.01781243 0.9681694 -0.009895861 0.02916079 0.9648755 0.1117856 0.01781243 0.975825 0.1117856 0.02916079 0.9708193 -0.01023066 0.04468816 0.978496 0.1117856 0.0446881 0.9479106 -0.1303226 0.04468816 0.9101309 -0.2465965 0.04468816 0.8580762 -0.3572184 0.04468816 0.7925674 -0.4604438 0.04468816 0.7146374 -0.5546449 0.04468816 0.6255155 -0.638336 0.04468816 0.5266071 -0.710197 0.04468816 0.419472 -0.7690951 0.04468822 0.3057999 -0.814101 0.04468822 0.1873833 -0.8445053 0.04468822 0.0660898 -0.8598282 0.04468822 -0.0561676 -0.8598282 0.04468822 -0.1774611 -0.8445052 0.04468822 -0.2958776 -0.814101 0.04468822 -0.4095498 -0.769095 0.04468822 -0.5166849 -0.710197 0.04468816 -0.6155934 -0.6383358 0.04468816 -0.7047151 -0.5546448 0.04468816 -0.7826451 -0.4604437 0.04468816 -0.8481538 -0.3572183 0.04468816 -0.9002085 -0.2465963 0.04468816 -0.9379882 -0.1303224 0.04468816 -0.9608969 -0.01023036 0.04468816 -0.9685736 0.1117857 0.0446881 -0.9608969 0.233802 0.0446881 -0.9379881 0.353894 0.0446881 -0.9002084 0.4701679 0.0446881 -0.8481537 0.5807898 0.0446881 -0.7826449 0.6840151 0.0446881 -0.704715 0.7782161 0.0446881 -0.615593 0.8619072 0.0446881 -0.5166845 0.9337683 0.04468804 -0.4095495 0.9926663 0.04468804 -0.2958772 1.037672 0.04468804 -0.1774606 1.068076 0.04468804 -0.05616706 1.083399 0.04468804 0.06608998 1.083399 0.04468804 0.1873835 1.068076 0.04468804 0.3058001 1.037672 0.04468804 0.4194723 0.9926662 0.04468804 0.5266073 0.9337681 0.04468804 0.6255158 0.8619069 0.04468804 0.7146377 0.7782157 0.0446881 0.7925676 0.6840147 0.0446881 0.8580764 0.5807892 0.0446881 0.910131 0.4701672 0.0446881 0.9479107 0.3538933 0.0446881 0.9708193 0.2338017 0.0446881</float_array>
          <technique_common>
            <accessor source="#push_button_text_1_-mesh-positions-array" count="4533" stride="3">
              <param name="X" type="float"/>
              <param name="Y" type="float"/>
              <param name="Z" type="float"/>
            </accessor>
          </technique_common>
        </source>
        <source id="push_button_text_1_-mesh-normals">
          <float_array id="push_button_text_1_-mesh-normals-array" count="21369">1.50971e-4 -3.64114e-5 1 2.28169e-4 2.54209e-4 1 -0.007592976 0.01027637 0.9999185 0.01012837 0.02762925 0.999567 2.58107e-5 1.83052e-5 1 -0.00794059 0.005485832 0.9999535 -0.010948 0.03777658 0.9992263 -0.03239029 -0.02551162 0.9991497 -0.001437604 0.03938865 0.999223 0.03201431 -0.04400998 0.9985181 -0.002726674 0.03114533 0.9995112 -0.01552146 0.004280745 0.9998704 -0.01619386 -0.00705403 0.999844 -0.01578539 0.00953412 0.99983 -0.01618838 -0.003879368 0.9998615 -0.02329176 -7.58416e-4 0.9997285 -0.01796311 2.57277e-4 0.9998387 -0.003673136 0.03203588 0.99948 -0.01130396 0.02980858 0.9994918 -0.002384841 0.02758085 0.9996168 0.002593994 0.02644956 0.9996469 0.001200318 0.01956689 0.9998078 0.0265218 0.02908205 0.9992251 0.007239758 0.04291427 0.9990526 0.02600526 0.04154044 0.9987984 0.03218954 0.02424716 0.9991877 0.0289458 0.01136112 0.9995165 0.03249114 0.007223546 0.999446 0.03316026 0.009462416 0.9994053 0.01540875 -0.001757025 0.9998798 0.02875399 -0.003533363 0.9995803 0.03729164 -0.04123258 0.9984535 0.02070015 -0.02695041 0.9994225 0.01390117 -0.03962677 0.9991179 0.004260361 -0.03847253 0.9992506 0.01700145 -0.03566694 0.9992191 0.03119885 -0.03519552 0.9988934 0.002832233 -0.01472103 0.9998877 -0.002850711 -0.04343295 0.9990524 0.002618074 -0.04019206 0.9991886 -0.001370549 -0.0346809 0.9993976 -0.002791285 -0.008626103 0.9999589 -0.02750176 0.01463329 0.9995146 -0.01259559 5.75383e-5 0.9999207 -0.01984548 0.0111919 0.9997405 0.02863633 -0.02212268 0.9993451 0.04552429 0.01534259 0.9988455 -0.04983931 0.08022028 0.9955304 -0.02360713 0.02582257 0.9993878 0.04639536 0.01935124 0.9987358 0.03573578 0.01113122 0.9992994 0.0182172 0.004900813 0.9998221 0.02275842 -0.006003797 0.999723 0.01289737 0.002362191 0.9999141 0.02476108 2.87249e-4 0.9996933 0.01930546 4.14642e-4 0.9998136 0.01675611 -9.48488e-4 0.9998592 0.02231073 3.30321e-4 0.9997511 0.02277618 -5.67314e-4 0.9997404 0.02329033 1.25131e-4 0.9997287 -0.006964623 0.02992141 0.9995281 0.008816063 -0.002908289 0.9999569 0.01000219 0.00361216 0.9999436 0.02636891 1.46422e-4 0.9996523 0.01996958 -8.08445e-4 0.9998003 0.01991313 5.94628e-6 0.9998018 0.02333283 0.003377854 0.9997221 0.02595847 0.001332223 0.9996622 0.03627663 -0.01257693 0.9992626 0.02377784 -0.001889169 0.9997156 0.03980433 0.007864177 0.9991766 0.02806526 -0.00910443 0.9995647 0.03896582 -0.01595121 0.9991132 0.03892898 -0.01582425 0.9991168 0.02302914 -0.03624606 0.9990776 0.01461946 -0.03536003 0.9992678 0.01600581 -0.03358703 0.9993077 0.0189324 -0.03437358 0.9992298 0.0133084 -0.03125506 0.9994229 0.008497357 -0.03034538 0.9995034 -0.002803266 -0.01516968 0.9998811 -0.04631674 -0.0498842 0.9976806 -0.02111327 -0.04425501 0.9987972 -0.005824327 -0.04396218 0.9990162 -0.03663533 -0.03082066 0.9988533 0.1670826 -0.09261846 0.9815831 -0.07804316 0.0580725 0.9952573 -0.03230714 -0.02244693 0.9992259 -0.02301323 0.01533365 0.9996176 0.01550197 -0.03628915 0.9992212 -0.008134186 0.01817613 0.9998017 -0.01072609 0.01500594 0.99983 0.005958557 -0.04080271 0.9991495 0.002681672 0.008485436 0.9999605 0.002144813 -0.02851939 0.9995909 -0.9317586 -0.3630617 0.003496289 -0.02435839 -0.0299769 0.9992538 -0.006394803 -0.006878077 0.9999559 -0.005222737 -0.001287639 0.9999856 -0.02126157 0.02216529 0.9995282 -0.4360434 0.008136212 0.8998889 0.9345677 0.3542138 0.0334059 0.2558304 0.1494444 0.9551007 0.004716098 -0.01175761 0.9999198 -0.007126808 -0.02567958 0.9996449 0.01047325 0.004820942 0.9999336 -0.02000838 -0.07917743 0.9966598 0.006188213 -0.03943711 0.9992029 0.02813738 -0.0214082 0.9993748 -9.13934e-4 -0.0156126 0.9998778 -0.04306364 -0.009710311 0.9990252 -0.620345 0.7755989 -0.1166986 -0.0117641 0.06795442 0.9976192 -0.02757883 0.06672638 0.9973902 -0.01886272 0.04452651 0.9988301 0.00742042 0.01856595 0.9998001 -0.4553533 -0.6147596 0.6439908 -0.04390799 -0.006301701 0.9990158 0.008447349 0.005865514 0.9999471 0.007864832 0.002350807 0.9999664 9.85396e-4 -4.94099e-4 0.9999995 -0.01456344 0.006019771 0.9998759 -4.09508e-4 0.1781981 0.9839946 0.004198729 0.05107676 0.998686 -0.02390283 0.04094266 0.9988756 -0.04455476 0.03331804 0.9984512 -0.06332778 0.133961 0.9889611 -0.1549132 0.04200744 0.9870347 -0.1324682 -0.01268285 0.9911062 -0.02491289 -0.07849806 0.996603 5.80042e-4 0.001906514 0.9999981 -0.006825208 0.0191558 0.9997932 -0.02152329 -0.009011209 0.9997278 0.004506766 0.03026252 0.9995319 -0.005941271 -0.01346176 0.9998918 4.0908e-4 0.002900719 0.9999957 -0.004237353 -0.01048308 0.9999362 -0.002420186 0.01334911 0.999908 -0.008962571 -0.03108072 0.9994767 -0.0161035 -0.01263219 0.9997906 0.02350038 -0.00443679 0.999714 0.007544934 -0.01765722 0.9998157 0.004443466 -0.002477586 0.9999871 -0.01110547 -0.0057621 0.9999218 8.54199e-5 -5.20657e-4 1 -0.07891756 0.05877369 0.9951471 0.002847969 -0.04198497 0.9991143 -0.008159399 -0.05121135 0.9986546 -0.025186 0.06522148 0.997553 -0.006643295 -0.05157357 0.9986472 -0.03963232 0.03374242 0.9986445 -0.0162065 -0.03372639 0.9992998 -0.03428566 -0.03703612 0.9987257 -0.02184915 -0.04844576 0.9985868 -0.02111357 -0.01615047 0.9996467 -0.02704674 -0.01197975 0.9995624 -0.0276758 -0.01668113 0.9994778 -0.03109186 -0.01702928 0.9993715 -0.04309427 -0.006509006 0.9990499 -0.02783882 0.008558273 0.9995758 -0.0273416 0.005478024 0.9996112 -0.02730572 0.005514979 0.999612 -0.03449249 0.03382688 0.9988324 -0.01473969 0.03057509 0.9994238 -0.01537865 0.02975094 0.9994391 -0.0117129 0.02983444 0.9994863 -0.03664493 0.04605841 0.9982665 -0.02858066 0.007270216 0.9995651 -0.05894756 0.02022606 0.9980562 -0.0490036 -0.01303696 0.9987136 -0.02629268 0.008236527 0.9996204 -0.04030096 0.008633613 0.9991503 -0.03309476 -0.02173 0.999216 -0.03220689 -0.009910166 0.9994321 -0.03546732 -0.02847856 0.9989651 -0.03374826 -0.0367769 0.9987535 0.005940914 -0.04380154 0.9990227 -0.03701424 -0.09741228 0.9945557 0.06420004 -0.0970062 0.993211 -5.32479e-4 -0.02981233 0.9995554 -0.01448488 -0.04554754 0.9988572 0.02984946 -0.04970151 0.998318 0.03539913 -0.03138518 0.9988803 0.03046256 -0.03252243 0.9990067 -0.007929265 -0.0303356 0.9995084 -0.008366763 -0.03002983 0.9995141 -0.02592819 -0.03890269 0.9989066 -0.02741944 0.05322813 0.998206 -0.01384603 0.04465681 0.9989065 -0.02473282 -0.03931313 0.9989209 0.003836035 -0.04224103 0.9991002 -0.07195401 -0.001740396 0.9974065 -0.046642 -0.03880965 0.9981575 -0.02641576 -0.01189923 0.9995802 -0.03745657 0.01705271 0.9991528 -0.04534012 0.001993417 0.9989697 -0.03349542 -0.02272528 0.9991805 -0.02032285 0.01751065 0.9996402 -0.005020141 0.02121961 0.9997623 -0.02940428 0.06306028 0.9975765 -0.01954382 0.007852733 0.9997782 -0.05455613 -0.03059178 0.9980421 -0.03444021 0.02706289 0.9990403 -0.04636937 -0.01174688 0.9988553 -0.03964459 -8.95336e-4 0.9992135 -0.03543645 -0.02143293 0.9991422 -0.04130083 -0.01836955 0.9989779 -0.04164272 -0.03582733 0.9984901 -0.02960097 -0.04106003 0.9987182 -0.02854984 -0.04640609 0.9985146 -0.0181657 -0.04800933 0.9986818 -0.01325523 -0.05760407 0.9982516 -2.86061e-4 -0.05438846 0.9985198 8.07864e-4 -0.05557197 0.9984545 0.008497953 -0.05046778 0.9986896 0.04703557 -0.02531266 0.9985725 0.009956359 -0.02229124 0.999702 0.02207899 -0.00529319 0.9997422 0.02269184 0.05941677 0.9979754 0.1045681 -0.0305857 0.9940474 -0.04960924 -0.05571413 0.9972136 -0.01999729 -0.003371059 0.9997944 -0.01916825 -0.005182445 0.9998028 -0.01538199 0.003326237 0.9998762 -0.01445144 0.004491686 0.9998856 -0.0447067 0.0698378 0.9965562 0.01372247 0.01995164 0.9997068 0.0185858 0.05843907 0.998118 -0.002586185 0.01243633 0.9999194 0.03408551 -0.07093125 0.9968987 0.006465673 0.06445217 0.9978999 -0.008867323 0.0508086 0.998669 0.0351473 0.0400201 0.9985806 0.01271224 0.05003041 0.9986668 0.03311467 0.02715182 0.9990828 0.0331912 0.0153411 0.9993313 0.03201574 0.01610696 0.9993576 0.04356807 -0.01380592 0.9989551 0.05667328 -0.01180052 0.9983231 0.04181581 -0.0539481 0.9976679 0.0517919 -0.04420804 0.9976789 0.008035182 -0.0644657 0.9978876 0.01631581 -0.064372 0.9977927 0.00298953 -0.04123789 0.999145 -0.0100193 -0.009226381 0.9999073 -0.9999892 -0.0036453 0.002923965 -1 1.07056e-4 -2.42178e-4 -0.004327535 0.9999207 0.01183825 4.49609e-4 0.9999969 0.002501726 -0.9998176 0.01908522 8.54945e-4 0.02624177 0.9996557 2.73327e-4 0.009705424 0.999886 0.0115717 0.9998832 0.01496654 0.003104448 0.9997451 0.005614042 0.0218712 -0.003559172 -0.9997454 0.02227973 -0.9999994 -4.82423e-4 0.001068353 -0.9998473 -0.006695389 0.01614564 2.10093e-4 -0.9999994 0.001080453 0.999785 -0.01043599 0.01792389 0.9999859 -0.00153321 0.005090892 -0.00624901 -0.9998776 0.01434838 -0.003979563 -0.9998882 0.01442062 -0.9997331 -0.006146967 0.02227312 -1 -1.13266e-4 6.97289e-6 -1 2.26436e-5 5.62162e-6 -0.9999383 -4.76524e-5 0.01111614 -1 3.75686e-5 3.21026e-6 -0.9999508 -0.002323389 0.009648025 -0.9999994 9.35185e-4 6.04029e-4 -0.9999496 0.002539455 0.009717881 -0.9999983 0.001748144 6.11358e-4 -0.9999161 0.001447677 0.01288187 -1 8.5783e-5 1.06629e-6 -0.9999051 -4.44998e-4 0.01377654 -0.9999994 9.7225e-4 5.74874e-4 -0.999899 0.001121699 0.01416862 -0.9999983 0.001725673 6.45283e-4 -0.9998776 -0.006002545 0.01445651 -1 1.72289e-5 5.25099e-6 -0.9999138 -0.004569768 0.01230788 -1 5.13494e-5 2.29191e-6 -0.9999687 -0.002628862 0.007467806 -1 2.36354e-5 5.72058e-6 -0.9999663 0.003241658 0.007541954 -0.9983215 0.04854851 0.03158169 -0.9998255 0.009705364 0.01596647 -0.06356739 0.9965954 0.05250555 0.01084673 0.9998269 0.01511895 -0.003332018 0.999835 0.01786541 0.008828938 0.9997311 0.02144587 0.004598498 0.9996309 0.02677619 -0.001519918 0.9996521 0.02633476 0.006820797 0.9997976 0.0189296 0.0723825 0.9967046 0.03661811 0.06839245 0.9976568 0.001880943 0.04141551 0.9983745 0.03915566 0.1688792 0.9844965 0.04739695 0.2928199 0.9561673 -8.29203e-4 0.3069829 0.9498569 0.05944317 0.5282 0.8490839 0.007851421 0.5799016 0.8136404 0.04127347 0.8256083 0.5640656 0.01418757 0.8937469 0.4485663 0.002229869 0.9002326 0.4335106 0.04061985 0.9388918 0.3441131 0.008278489 0.9792866 0.1986207 0.03933966 0.9895989 0.1437875 -0.004385948 0.995302 0.09186977 0.03056138 0.9990568 -0.04342401 2.46906e-4 0.9976628 -0.0606777 0.03142064 0.9686336 -0.2484933 -2.76692e-4 0.9826557 -0.182462 0.03309613 0.9254842 -0.3719972 0.0713945 0.7508914 -0.6596907 0.03114777 0.6079402 -0.7937213 0.02038276 0.6642444 -0.746616 0.03666228 0.5138185 -0.8578166 -0.0118919 0.5026476 -0.8636408 0.03834176 0.3400424 -0.9404101 -3.78497e-4 0.2684828 -0.9619308 0.05105197 0.1882309 -0.9818866 0.02163207 0.04784989 -0.9981964 0.03625673 -6.82903e-4 -0.9997066 0.02421152 0.003702461 -0.9996089 0.02772003 -0.04660272 -0.9947144 0.09149652 0.9995571 0.007247984 0.02886682 0.9998827 0.004273295 0.01470834 0.9999366 0.002146065 0.01105427 1 -2.71348e-4 1.89445e-4 0.9999475 7.28209e-5 0.01025772 0.9999998 -5.94958e-4 -1.95273e-4 0.9997422 0.01657873 0.01552152 0.9999303 -0.007699847 0.008945524 0.9994717 -0.02298301 0.02298587 0.9958252 -0.07847505 0.04662346 0.003384113 -0.9996239 0.02721601 -2.66893e-4 -0.9999976 -0.002243399 0.02487272 -0.99958 0.01487362 -0.008824586 -0.9999605 -0.001051247 -0.0356267 -0.9992839 0.01275461 0.05253553 -0.997746 0.04174983 0.999691 0.004306375 0.02448356 0.9999365 -0.001767635 0.01113569 0.9999999 -4.2781e-4 -2.9493e-4 0.9996919 -0.01641416 0.01861882 0.9997081 0.007084548 0.02310222 0.9996125 0.02646082 0.008644521 0.9975838 0.05587399 -0.04128742 -0.02260476 0.9989697 0.03935074 -0.04820799 0.9985584 0.02360939 -0.3174206 0.9479435 -0.02544194 -0.2471365 0.968979 0.001825034 -0.5091169 0.8584948 0.06153482 -0.4919326 0.8694984 -0.04444068 -0.6161953 0.7873526 0.01947987 -0.6760981 0.7365261 -0.02050811 -0.9480305 0.3179878 0.01103955 -0.9592858 0.2815194 -0.02275252 -0.9534202 0.3015202 -0.008700251 -0.994395 0.1040707 -0.01865208 -0.9983944 -0.05480057 -0.01433312 -0.9976438 -0.06834936 -0.005943059 -0.6473284 -0.7622112 -4.37418e-4 -0.5731322 -0.8194585 -0.002681016 -0.3858721 -0.9223502 -0.01931035 -0.2920681 -0.9563546 0.009068429 -0.05350822 -0.9984128 0.0175746 -0.0422573 -0.9990951 -0.004833519 -0.0254088 -0.999481 0.01979899 -0.01079618 -0.9995365 0.02846413 0 -0.9999309 -0.01176315 -0.004613339 0.9999892 6.75716e-4 0.02262192 0.9997049 0.008853852 -0.007302641 0.9998508 0.01565998 0 1 1.95656e-4 -6.49425e-4 0.9999181 0.01278793 0.01527369 0.9998733 0.004483044 0.9992252 0.03496807 0.01806229 0.9999581 7.14652e-4 0.009124696 0.9998815 -0.006509959 0.01395356 0.9998887 -5.56353e-5 0.01492232 1 8.8024e-5 1.38777e-4 0.999814 -0.004294633 0.01880216 1 1.91863e-4 1.89304e-4 0.9998421 0.009085118 0.01527518 0.9999045 -0.006098747 0.01240736 1 2.10036e-4 1.6959e-4 0.9998851 0.003716647 0.01469767 0.9999024 0.01059013 0.009123802 0.9996821 -0.02141821 0.01330459 0.9979821 0.05795919 0.02593255 0.9932296 0.1145557 0.01928836 0.9581215 0.2786434 0.06603789 0.943233 0.3297908 -0.03936594 0.8247893 0.5649569 -0.02337998 0.5737786 0.8177517 -0.04539132 0.368595 0.9284496 -0.04603379 0.2395607 0.9707006 0.01873719 0.09069728 0.9956482 -0.02142041 0.01576489 0.9998753 -0.001001298 -0.2113143 0.9771077 -0.02463227 -0.2349244 0.9719657 0.009648442 -0.4202867 0.9058575 0.05273777 -0.5763642 0.8171819 -0.00425595 -0.9844404 0.1757192 2.80872e-4 -0.9956353 0.09304267 -0.007315218 -0.9962139 0.08576577 0.01421868 -0.9992944 0.0367161 -0.007918477 -0.9997437 0.01259922 0.01881152 -0.9998384 0.01752948 -0.003988981 -0.9998931 -0.006349205 0.01317679 -0.9998784 0.008521616 0.01305991 -1 1.49181e-4 2.05465e-4 -0.9998787 -0.006323516 0.01423829 -0.9998921 0.006094753 0.01337343 -1 -3.26501e-4 4.21122e-5 -1 3.34849e-4 1.00474e-4 -0.9998742 -0.007282257 0.01408791 -0.999911 0.005743145 0.01205486 -1 -1.70706e-4 1.6669e-4 -0.9999995 9.02849e-4 5.29882e-4 -0.9998938 -0.004354178 0.01391083 -0.9998822 0.007489144 0.01339811 -0.9999994 -0.001101374 1.86236e-4 -0.9998256 -0.002010822 0.01857048 0.006609559 0.99982 0.01778489 3.20106e-4 0.9999998 -5.65685e-4 0 0.9999981 -0.001959621 0.03218054 0.9984964 0.0443769 -0.04538905 0.9974877 0.05438911 0.02601188 0.9993431 0.02523356 0.9999179 -0.006328761 0.01113992 0.9999997 -8.30486e-4 3.79148e-5 1 6.66575e-5 1.26097e-4 0.9997315 -0.00964272 0.02107429 0.999767 0.007478237 0.02025264 0.9998728 -0.003391444 0.01558679 1 6.5526e-5 1.96806e-4 0.9998719 0.008291244 0.01369631 0.9999303 -0.00371325 0.01121354 0.9999279 0.002860426 0.01166731 0.9998808 -0.006662189 0.01393485 0.9999992 -9.83313e-4 7.93541e-4 0.9997807 -0.005873978 0.0200985 0.9999035 -0.01373773 0.002079248 0.9993633 -0.02739822 0.0228542 0.9992913 -0.03747248 0.003582835 0.9990007 -0.04070615 0.01845473 0.9931425 -0.1139002 0.0263583 0.9662083 -0.2571121 0.01829904 0.9817851 -0.1874675 0.03088718 0.9240673 -0.379288 0.0473321 0.8335779 -0.5511922 0.03654062 0.6901594 -0.7230615 0.02936255 0.5721724 -0.8201187 0.004939794 0.1524134 -0.9882754 0.009055852 0.2075275 -0.9773762 0.04084134 0.06857746 -0.9976295 0.005720078 0.1219819 -0.9921514 0.02749818 0.02095824 -0.9995051 0.02345949 -0.04325652 -0.9985777 0.03116756 -0.05712044 -0.9983435 0.006904065 -0.1043971 -0.993845 0.03705948 -0.2215799 -0.974502 0.03532963 -0.3645582 -0.9302856 0.04081809 -0.5181815 -0.8543676 0.03929537 -0.6657208 -0.7462004 -0.001001656 -0.6671004 -0.7443308 0.03080511 -0.9001905 -0.4330675 0.04593175 -0.9057965 -0.4236745 -0.005695104 -0.9445604 -0.3279377 -0.01620638 -0.9823552 -0.1843105 0.03174668 -0.9943377 -0.1012585 0.03223639 -0.9977141 -0.06751048 0.003004491 -0.9984868 -0.04878985 0.02537429 -0.9995027 -0.03141802 0.002739667 -0.9995865 -0.01827466 0.02220034 -0.9998081 -0.01542526 0.01207786 -1 -3.13423e-5 -1.71654e-6 -0.999912 0.009428262 0.009337067 -0.9997799 0.008625805 0.01912188 -1 4.25734e-5 -1.29893e-5 -0.9994312 -0.02175098 0.02577465 -0.9998482 0.01193535 0.01269811 -1 -1.829e-5 3.87981e-5 -0.9999137 -0.005014657 0.01215052 -0.9998489 0.008621215 0.01510524 -0.999827 -0.005352914 0.01781582 -0.9998604 -0.01306879 0.01041752 -0.9999416 0.008849561 0.006210625 -0.994413 0.09884428 -0.03704857 -0.1113356 0.9931302 0.03601306 -0.0926975 0.9956917 -0.002332627 -0.1059088 0.9940605 0.02504163 -0.101469 0.9946205 0.02083498 0.5259654 0.8218293 0.218991 -0.1133597 0.9933791 0.01864475 0.9569722 0.2882656 -0.03327566 0.9741088 0.2258673 0.009808063 0.9431552 0.3322492 0.008294939 0.7356997 0.6769481 -0.02207708 0.4737796 0.8806223 0.006130099 0.4450461 0.895273 -0.02049982 -0.04776138 0.9986646 0.01970022 -0.1161515 0.9931888 0.009223222 -0.4256512 0.9048077 -0.01200562 -0.5275567 0.8439182 -0.09739673 -0.6280736 0.7781121 -0.008077919 -0.7497358 0.6616238 -0.0122531 -0.7943682 0.6059651 0.04225635 -0.855055 0.5184403 -0.0100339 -0.92267 0.3855157 -0.007611572 -0.9991984 9.86614e-4 -0.04002195 -0.9889404 -0.1450906 0.03075075 -0.9905174 -0.1207237 -0.06558263 -0.6695093 -0.7414547 -0.04474842 -0.7890625 -0.6136223 -0.02912485 -0.3548853 -0.9349098 2.07559e-4 -0.4506823 -0.8923028 -0.02610462 -0.2408264 -0.9698381 0.0376386 -0.27156 -0.9620868 0.02538329 -0.265731 -0.9639692 -0.01226425 -0.2532747 -0.9673615 -0.00797981 -0.2468866 -0.9690405 -0.002783238 -0.2364779 -0.9712585 0.02711272 -0.2620405 -0.9645891 0.03004628 -0.297658 -0.9542107 0.0296964 -0.3679997 -0.9297559 -0.01141405 -0.3984175 -0.9169564 0.02131593 -0.4340851 -0.9008056 0.01093548 -0.5328665 -0.8459539 0.02038049 -0.6420056 -0.7666926 0.003362417 -0.7265875 -0.6857068 0.04332309 -0.7934335 -0.6085571 0.01103413 -0.7969206 -0.6040829 -0.001190602 -0.8921196 -0.4514813 -0.01695472 -0.8911259 -0.4534825 -0.01576286 -0.9722182 -0.2327203 0.0251615 -0.973791 -0.2248537 -0.0342366 -0.9949112 -0.09510117 0.03327906 -0.9988525 -0.03878021 0.02810639 -0.9938837 0.1103556 0.004099488 -0.9871547 0.1534701 0.04441553 -0.9574425 0.2886082 0.003019928 -0.9197061 0.390132 0.0440213 -0.8910089 0.4539098 -0.008319973 -0.8149545 0.57918 0.01999837 -0.7366632 0.6762509 0.003491997 -0.8462976 0.5255404 -0.08710682 -0.5940547 0.8022698 0.05884027 -0.6249881 0.7805933 0.008007407 -0.3862146 0.9220477 0.02581632 -0.3851486 0.9227541 -0.01362329 -0.2190592 0.9755401 0.01829284 -0.2689135 0.9629782 0.01893913 -0.1356686 0.9904466 0.02469044 -0.09537452 0.9953997 0.009132087 -0.04396718 0.9984298 0.03471457 0.07376909 0.9969547 0.02528738 0.1662266 0.9860473 0.008925437 0.130711 0.9908202 0.03449702 0.2203487 0.9749369 0.0307343 0.2775266 0.9606411 0.0121603 0.3472882 0.9374288 0.02486407 0.4082429 0.912545 0.02448403 0.5065289 0.8613087 0.03969645 0.5891539 0.8075215 0.02840679 0.7086378 0.7040132 0.04688191 0.7491116 0.6621063 0.02114552 0.8570688 0.5133305 0.04387414 0.8419585 0.5395394 0.001793265 0.9631117 0.2672759 0.03129649 0.9964543 0.08360594 0.009434282 0.9925149 0.1191899 0.02661073 0.08560204 -0.9961386 0.01949977 0.05066204 -0.9987143 -0.001787781 0.02458941 -0.9994192 0.02359473 0.06412112 -0.9977378 0.0201987 -0.9744887 -0.2221541 0.03192657 -0.4513787 -0.8698412 0.1990818 -0.7951896 -0.6061351 -0.01654917 -0.8625909 -0.5004757 0.07390016 -0.6802279 -0.7328577 -0.0144847 -0.3680093 -0.9297758 0.009280741 -0.0920751 -0.9957473 -0.00312525 0.1212496 -0.9926124 0.004371881 0.1844283 -0.9818878 0.04338932 0.3011588 -0.9523559 -0.04818367 0.4025306 -0.9154065 1.7851e-4 0.6110149 -0.7915776 0.008109092 0.7600806 -0.6495327 -0.01961648 0.8001537 -0.5996007 0.01527124 0.9988118 -0.04872667 -8.92962e-4 0.9650211 0.2621377 -0.004272162 0.4963608 0.8672244 -0.03934472 0.4224817 0.9038498 0.06756281 0.2808598 0.9583543 0.05171823 0.3234265 0.9461213 -0.01580828 0.2296165 0.9732226 0.01068186 0.2364295 0.9716484 -6.74103e-4 0.274468 0.9614124 0.01880651 0.2989474 0.9542428 -0.007154047 0.2852756 0.9579816 0.0298177 0.3235848 0.9457978 0.02755874 0.3890342 0.921223 8.77599e-4 0.6121842 0.7907142 0.0013116 0.6235159 0.7814949 0.0222209 0.6805236 0.7323088 -0.02472758 0.7660728 0.6422065 0.02652299 0.7773406 0.6284357 0.02846658 0.9070326 0.4210596 -8.3093e-4 0.8916999 0.451847 -0.02656394 0.9769079 0.2134826 -0.008737802 0.9830439 0.1832343 0.007071554 0.9956517 -0.09287214 -0.007249653 0.9950346 -0.09333372 0.03457009 0.9127281 -0.4084488 -0.009842455 0.8336336 -0.5508088 0.04080396 0.749751 -0.6610239 -0.0303443 0.6149837 -0.7880755 0.02705985 0.6378607 -0.7701046 -0.008529007 0.4460767 -0.8949878 -0.003534495 0.3266624 -0.9450406 0.01378333 0.2067883 -0.9783375 0.009716451 0.2591545 -0.9652817 0.0327171 0.1135703 -0.9935038 0.007223606 0.1537359 -0.9876393 0.0305615 0.03614121 -0.9993191 0.007434189 0.05244278 -0.9984233 0.02001869 -0.01633107 -0.9995397 0.02556931 -0.04833477 -0.9987506 0.01269328 -0.1501743 -0.9885571 0.01423066 -0.2083562 -0.9775013 0.03284883 -0.2784693 -0.960314 0.01587724 -0.5107424 -0.8585243 0.04558861 -0.5998147 -0.8000871 0.009118378 -0.5974504 -0.8016082 0.02184772 -0.7461197 -0.6657651 0.007884562 -0.7380328 -0.67473 0.006858587 -0.8469704 -0.5313102 0.01872599 -0.8291447 -0.5587844 0.01670509 -0.9215064 -0.3879201 0.01855117 -0.9052038 -0.4242091 0.02555149 -0.9834347 -0.1812313 0.003401517 -0.9879223 -0.1537302 0.01941031 -0.9999854 -0.001839339 0.005080819 -0.9999803 0.001116752 0.00617212 -0.01770639 -0.9998422 0.00146538 -0.9983308 0.05052649 0.02797752 -0.9824192 -0.1613929 0.0938341 -3.10197e-4 0.9999343 0.0114625 0.9999755 -0.006876528 0.001318395 0.9996861 0.003962397 0.02473729 0.007948458 -0.9999057 0.01120096 0.999929 -0.004198253 0.01115095 -0.9999157 0.01137548 0.006273746 -0.9994022 -0.02598494 0.02280724 0.9988572 -0.04778951 7.84321e-4 0.9987195 -0.004126906 0.05042207 -0.001126945 -0.9999992 6.62439e-4 -4.30414e-4 -0.9999957 0.00293219 0.9996343 0.01912647 -0.01911807 0.002375602 0.999978 0.006190001 0.9989896 -0.04492747 -0.001172959 0.9979715 -0.0125302 0.0624181 -0.002318441 -0.99997 0.007396697 0.9998262 -9.42488e-4 0.01862007 0.9997525 -0.02206671 0.002859354 0.9984464 0.02115827 0.05154782 -6.68684e-4 -0.9999996 7.20292e-4 -0.9999999 -3.84732e-4 -3.11249e-4 0.006592571 0.9999783 2.73169e-4 -0.04256522 0.999055 0.008805513 0.8510923 0.5248928 0.01139247 -0.9999762 4.51479e-4 0.006899416 0.007783293 0.9999698 1.65837e-4 0.001509368 0.9998919 0.01462554 0.9996908 1.23683e-4 0.02486801 -0.852718 -0.5221278 0.01595818 0.9999307 -0.01156091 0.002241671 0.9999804 -0.002783954 0.005628168 -0.04516637 -0.9989086 0.01190024 0.09448158 -0.9928007 0.0736218 -0.9969668 0.07245272 0.02842324 -0.9695597 0.2448521 -0.00123465 -0.8973696 0.4403992 0.02786505 -0.773476 0.63341 0.02295124 -0.7029694 0.7112134 0.003082454 -0.5827281 0.8126218 -0.008588671 -0.3149615 0.949086 0.005921423 -0.4489905 0.893449 0.01250505 -0.1485751 0.9885028 0.02806961 0.02016103 0.9987245 0.04629498 0.0594781 0.997942 0.02396607 0.2066113 0.9779664 0.02989315 0.4139058 0.9096223 0.03562676 0.7852724 0.6182427 0.03351724 0.8547968 0.5185052 0.02179157 0.995457 0.08994513 0.03122884 0.9986361 -0.04342502 0.02899116 0.959111 -0.2824113 0.01871287 0.9011186 -0.4334828 0.008831024 0.918111 -0.3945168 0.03779655 0.7852748 -0.6183524 0.03136336 0.7113163 -0.7026426 0.01795852 0.5538379 -0.8323355 0.02194207 0.6519787 -0.757758 0.0269553 0.4652375 -0.8846948 0.02948415 0.3667958 -0.9300078 0.02337974 0.2517096 -0.9672207 0.03356188 0.05696278 -0.9980149 0.02686393 -0.1260002 -0.9918444 -0.01920223 -0.1003526 -0.9946222 0.02561408 -0.206537 -0.978092 0.02604728 -0.357393 -0.9338998 0.01008182 -0.2970449 -0.9546235 0.02140653 -0.4593388 -0.8875668 0.03511536 -0.6604982 -0.7497138 0.04088401 -0.9475434 -0.3174297 0.03741586 -0.996211 -0.08631867 0.01061648 -0.9866219 -0.1608645 0.02645546 -0.9993223 -0.02896201 0.02272176 0.02441984 0.9993264 0.02739566 -0.1995913 0.9793584 -0.03194278 -0.1144877 0.993331 -0.01364344 -0.5641813 0.825596 0.009533643 -0.6491432 0.76049 -0.01637828 -0.8867624 0.462221 0.002051889 -0.9584252 0.2852557 0.007103204 -0.9863927 0.1643636 0.003761947 -0.9929967 0.1178171 -0.008757352 -0.9988202 -0.04674053 0.01317858 -0.9990593 -0.04285079 0.00666809 -0.9476261 -0.3182061 -0.02737915 -0.8986263 -0.4387112 0.001806497 -0.7880206 -0.6156241 0.005545735 -0.669934 -0.7420893 -0.02217853 -0.2623298 -0.9640143 -0.04312282 -0.2139141 -0.9763757 -0.03051877 0.1416366 -0.9899151 -0.002708792 0.08184641 -0.9965932 -0.01015251 0.2835263 -0.958963 0.001714169 0.5162081 -0.8557768 -0.03428524 0.6287177 -0.7775604 -0.01067161 0.7259992 -0.6875028 0.01628202 0.8811581 -0.4725056 -0.01729267 0.985759 -0.1678499 0.01027899 0.9961292 -0.08320552 -0.0283513 0.9998605 0.01577675 0.00550723 0.9918394 0.1274822 -0.001742362 0.9671023 0.2543864 -8.68125e-4 0.6046403 0.7963132 -0.01718813 -0.9952422 0.09157347 0.03327834 -0.9356027 0.3522358 0.0240339 -0.8626754 0.5052027 0.02369856 -0.8779776 0.478612 -0.009284138 -0.827951 0.5602068 -0.02580213 -0.7179813 0.6960488 0.004347801 -0.703517 0.7101094 0.02843624 -0.5199971 0.8529217 0.04612731 -0.1914977 0.9814633 0.007645606 0.3717496 0.9270698 0.04841381 0.7004864 0.7136003 0.009659886 0.6454191 0.7622154 0.04961937 0.7857066 0.6185539 0.007505238 0.8561583 0.5138892 0.05395352 0.9643382 0.2628226 0.03124207 0.9820839 0.1880875 0.01159793 0.9943788 0.1008502 0.03225106 0.9973162 0.07308506 0.004380345 0.9999788 -0.002079248 0.006166994 0.9961107 -0.08791249 0.005909562 0.9986954 -0.04115444 0.03023344 0.9704465 -0.2380799 0.03939163 0.9225097 -0.3859364 0.005361318 0.8484585 -0.5291984 0.008211314 0.8867349 -0.4597111 0.04865324 0.7616627 -0.6478465 0.01285237 0.7139225 -0.6992562 0.03681707 0.5249984 -0.8500728 0.04187095 0.3046908 -0.9517373 0.03687334 0.06602561 -0.9974424 0.02737158 -0.09732359 -0.9946554 0.03447723 -0.2715539 -0.9621679 0.02217149 -0.3618367 -0.932113 0.01548343 -0.4697937 -0.8823218 0.02832317 -0.5175583 -0.8555881 0.01013344 -0.7607728 -0.6487864 0.01734787 -0.7592986 -0.6507412 -0.001344621 -0.8708534 -0.4910446 0.02212876 -0.9211146 -0.3892916 -9.22059e-5 -0.9124754 -0.4081197 0.02876263 -0.9933781 -0.1148101 0.00430572 -0.9827138 -0.184439 0.01600456 -0.9988531 -0.03929215 0.02736431 -0.9995296 0.02963608 0.007899284 -0.2215115 0.9751578 -3.25051e-5 -0.2255498 0.9742072 -0.006897389 -0.5234753 0.8520075 -0.007548034 -0.5584522 0.8294541 -0.01171082 -0.9900403 0.1376155 -0.02970463 -0.9840342 0.1779224 0.004503309 -0.9993265 0.03591632 0.007538378 -0.9990195 -0.04245275 -0.01256936 -0.9927503 -0.1198807 0.008691072 -0.8492467 -0.5279809 0.004012048 -0.9020042 -0.4313579 -0.01785618 -0.6599134 -0.7469529 -0.08109128 -0.5827032 -0.812677 -0.003620266 -0.3881271 -0.9212737 -0.02474188 -0.0313698 -0.9995063 -0.001798331 0.03617465 -0.9991837 -0.01798295 0.4286476 -0.9031142 -0.025415 0.629263 -0.7769516 -0.01934576 0.6808144 -0.7322974 -0.01524126 0.8022482 -0.5967556 0.01675575 0.8771158 -0.4797942 -0.02157908 0.9317131 -0.3629509 -0.01332575 0.9978715 0.06489908 0.006386041 0.9987626 0.04871249 -0.01003086 0.9819689 0.1884233 -0.01528978 0.9679378 0.2511893 5.28829e-4 0.9372099 0.348482 -0.01408022 0.7236477 0.6901686 0.001214742 0.7761404 0.6303628 -0.01578301 0.6101863 0.7922383 0.005602419 0.631553 0.7753326 -4.61279e-4 0.3603736 0.9326938 -0.01460206 0.2373929 0.9713512 0.01102948 0.1648088 0.98615 -0.01861268 -0.1093319 0.9885814 -0.1036986 -0.9997183 -0.01547694 0.01800024 -1 -3.25862e-4 -6.30551e-5 -0.9999284 -0.001462459 0.01187765 -0.9998722 0.005888342 0.01486557 -1 -1.42298e-4 -2.4305e-4 -1 1.4722e-4 -2.5278e-4 -0.9986073 0.01011574 0.05177962 -0.996253 -0.03831392 0.07753854 -0.9998325 0.01465851 0.01096451 -0.9997103 -0.01867878 0.01518809 -0.9996294 0.02200269 0.01602786 -0.9999976 0.001752376 0.001335799 -0.9997717 0.002338171 0.02123755 0 0.9999849 -0.005500257 -1.84693e-4 0.9997029 0.02437424 0 1 -1.58573e-4 -0.007787704 0.9997349 0.0216692 0.01471012 0.9996652 0.02128881 0.05110472 0.998482 0.02054309 0.3210884 0.9464432 -0.03387641 0.64622 0.7631028 0.008601486 0.5996332 0.7993234 0.0390163 0.7664698 0.6422701 0.003635287 0.8422806 0.5389972 -0.00674647 0.8358338 0.547592 0.03904992 0.9221234 0.3867728 -0.009758949 0.9858931 0.1673746 7.25572e-4 0.998648 0.03835988 0.03508424 0.9973127 0.07295668 -0.006689906 0.9901703 -0.1398194 -0.003662824 0.9705471 -0.2408869 0.003445625 0.9827909 -0.179105 0.04520595 0.8874128 -0.4609693 -0.002453207 0.5371023 -0.8408029 0.06761401 0.1550466 -0.987884 0.006773591 0.1711304 -0.9849318 0.02497303 0.09838581 -0.9951446 -0.00271821 0.01570832 -0.9995927 0.02382838 0.0151112 -0.9996645 0.0210399 0.01601177 -0.9998665 -0.003293097 0.9991725 -0.0319451 -0.0251801 0.9983857 -0.05580127 -0.01058757 0.9998508 -6.04998e-4 0.01726418 0.99998 0.006139755 -0.001550555 0.999573 -0.01934158 0.02190327 0.9999896 0 -0.004561364 0.999483 0.01582252 0.02799272 0 -0.9964609 0.0840581 0 -0.9999517 -0.009839236 0.02016133 -0.9995605 0.02173531 -0.01563447 -0.9996414 0.02174341 0.9998065 -0.01340419 -0.01440244 0.9997946 -0.01622194 0.01215809 0.9991565 -0.03827559 0.01487523 0.9999551 0.003938376 -0.008628785 0.9966074 0.07883048 0.02365559 0.04333359 0.9989493 -0.01492244 0.01298403 0.9997941 0.01559913 -0.1826037 0.980286 -0.07546818 -0.421097 0.9070155 6.54042e-4 -0.2828985 0.9591007 -0.00972557 -0.7317591 0.681118 -0.02463537 -0.8596382 0.5089852 0.04423177 -0.7921584 0.610217 -0.01097136 -0.9697906 0.2382634 -0.05231314 -0.9996281 -0.0269978 -0.003853321 -0.9867464 -0.1616667 -0.01397854 -0.9167978 -0.3993047 -0.006134092 -0.7845776 -0.6200299 -9.15513e-4 -0.522499 -0.8525751 0.01052039 -0.2149713 -0.9760094 -0.0345425 -0.0476619 -0.9987494 0.01509952 -0.02813988 -0.9995943 -0.004415988 0.003575384 -0.9998677 0.01587301 0.1522408 -0.9879264 -0.02870744 0.9999999 -1.5503e-4 -4.72329e-4 -0.006736636 2.59198e-4 0.9999774 -0.9999367 -0.005554735 0.009786248 -1 3.60954e-5 4.72675e-5 0.999783 -0.004508674 0.0203371 -2.64396e-5 1.31103e-4 1 7.05706e-4 0.00110054 0.9999992 -6.20529e-5 -9.05088e-5 1 -6.48914e-4 -5.82997e-4 0.9999997 9.38763e-4 3.21989e-4 0.9999995 -7.41891e-4 -1.29161e-5 0.9999998 -3.86284e-6 -7.72745e-6 1 -7.96052e-6 -1.12883e-5 1 -9.36136e-4 2.66793e-4 0.9999995 7.92673e-5 -4.12217e-5 1 7.32463e-4 9.94949e-4 0.9999993 -6.75014e-5 -8.54543e-5 1 -0.999999 8.28266e-4 0.001146495 -0.999991 0.00343579 -0.002513527 0.9999997 6.02081e-4 -5.99703e-4 -1 -1.8276e-4 1.98331e-4 2.49545e-4 4.67431e-5 1 -0.9999998 7.62505e-4 1.6442e-5 -1 3.28595e-5 -1.55242e-5 0.01966279 -0.006788909 0.9997836 0.9998618 -0.001283884 0.01658022 -0.009209275 0.001924037 0.9999558 -0.9998642 3.70387e-4 0.01648044 -4.31554e-4 1.8109e-4 0.9999999 -0.9997733 -0.01277261 0.01703739 -1.95739e-4 -2.37628e-4 1 -0.9990977 -0.01329493 0.04033815 -0.9991071 -0.01362013 0.03999525 -0.9999977 -0.001553177 -0.001499533 -0.9999998 -4.78664e-4 5.40264e-4 -1 0 6.31875e-6 -0.9999997 6.82128e-4 2.99726e-4 -0.9999328 -0.004396438 0.01073378 0.9988721 0.01264441 0.04576814 0.9987171 0.009708762 0.04969954 0.9998971 0.007467985 -0.01225084 1 0 -2.06977e-4 1 0 9.33458e-6 0.9999997 7.0812e-4 -4.93075e-4 -0.01204836 0.01167267 0.9998593 0.05747282 -0.04207777 0.99746 0.9982687 0.021564 0.05472332 -1 0 -2.20097e-4 1 0 -2.06977e-4 1 0 9.33458e-6 -0.005870223 0.04241633 0.9990828 0.004466235 0.004341602 0.9999806 -7.30868e-4 -6.88031e-4 0.9999995 1 -2.80891e-4 3.50069e-4 0.9999999 -3.00472e-4 3.1451e-4 0.0141468 -0.002593636 0.9998966 -0.005977988 0.001194417 0.9999814 1 6.30259e-5 -4.57698e-5 0.9999984 4.25281e-4 0.001763105 -1 -3.37808e-4 -3.76584e-5 -0.9998204 -0.003804266 0.01857286 -4.71613e-4 -3.25811e-4 0.9999999 -0.994575 -0.05246144 0.08982485 0.02218496 7.87824e-4 0.9997536 0.9983251 -0.01701605 0.05529499 0.9999999 -4.15308e-4 3.42473e-4 1.26841e-4 1 -1.61354e-4 -1.01562e-4 -8.41999e-4 0.9999997 5.25804e-5 -0.001544296 0.9999989 -0.01322948 -0.01224547 0.9998375 -0.997288 0.01766371 0.07144749 -1 8.52937e-6 -3.011e-5 1 -4.21785e-6 -4.19473e-5 -2.57039e-4 -1.5812e-5 1 -4.97562e-5 -0.01164835 0.9999322 -0.8505848 -0.525838 0 -0.8506808 -0.5256826 -1.78775e-4 -1.26502e-5 0.004209876 0.9999912 4.40436e-5 1 -6.22363e-5 0.00133413 0.009058773 0.9999582 0.007321715 0.9998874 0.01309984 2.06007e-4 -1 2.42734e-4 0.8526144 0.5225408 9.94708e-5 0.04415428 0.08680021 0.9952468 0.8664863 0.4960782 0.05574989 1.98451e-4 0.9998354 0.0181443 -0.850516 -0.5259493 -1.15591e-4 -0.01002395 -0.01116085 0.9998875 -0.8482654 -0.5291812 0.02032607 -4.38123e-5 1 4.03228e-5 0 -1 -6.27338e-5 -0.9999982 0.001620233 9.92019e-4 -0.9996736 -0.01247853 0.02229279 9.903e-5 -1 -8.79163e-5 -3.96293e-4 -0.0207135 0.9997854 -0.00658971 -0.9995442 0.029464 0.001181662 3.70649e-4 0.9999992 -0.005800724 0.003457605 0.9999772 0.003484427 -6.60106e-4 0.9999938 -5.42204e-4 0.9999998 4.53028e-4 1.18732e-4 0.01817005 0.999835 -0.003877162 0.9999696 0.006776332 0.003746747 -0.009251356 0.9999503 -0.00199598 -0.9996228 0.02739226 5.86068e-4 -0.002169549 0.9999975 0.02712213 0.9988142 0.04043287 -5.76626e-5 1 7.12344e-7 -1.32128e-4 -1 1.51854e-4 -0.008345067 0.001506209 0.9999641 -0.9996843 -0.01590174 0.01945829 0.01765388 0.001559495 0.999843 0.999694 0.001734435 0.02468013 0.9999995 9.12866e-4 -4.17748e-4 0.003099143 -0.02167898 0.9997603 7.58872e-4 -2.49756e-4 0.9999997 0.02034419 -8.76637e-4 0.9997926 1 1.52906e-5 3.64303e-6 0.9999999 1.61308e-4 5.09952e-4 0.01867818 -0.00834465 0.9997907 0.01285427 -0.001869082 0.9999157 7.52272e-4 0.001346647 0.9999989 -0.9999998 0 7.75935e-4 0.02184802 0.00399214 0.9997534 0.9944272 -0.05075097 0.09240776 -6.07494e-4 -0.001336574 0.999999 7.00441e-4 0.001329123 0.9999989 -0.006653249 1.7545e-4 0.999978 0.001132667 0.003370225 0.9999937 0.02084964 -0.05823129 0.9980854 5.49547e-4 0.001053333 0.9999994 -8.8194e-6 -2.46657e-4 1 -0.002720892 -0.001745462 0.9999949 0.001779675 -0.002238631 0.999996 7.396e-5 9.59248e-4 0.9999996 -0.004498124 0.04150134 0.9991284 0.02399957 0.01995569 0.9995128 -0.001575469 0.006445586 0.9999781 -0.01191252 -0.008336305 0.9998943 -7.48031e-4 -8.4477e-4 0.9999995 -2.99523e-4 -0.001268625 0.9999992 0.04068893 0.03726279 0.9984769 -0.03725695 -0.03003674 0.9988542 -0.002981245 -0.002431094 0.9999927 1.76509e-4 -9.78348e-6 1 -3.48493e-5 -1 1.45011e-4 0.001177608 -0.9999988 -0.001115679 -4.42222e-4 0.01909744 0.9998175 -3.94428e-4 -0.04304319 0.9990732 -0.01088523 0.00586915 0.9999235 0.06779736 -0.01367092 0.9976055 -0.001937508 -5.27963e-4 0.999998 0.02707785 0.02945953 0.9991992 -1.12711e-5 0.001016616 0.9999995 7.21058e-5 9.85087e-5 1 -0.05764806 -0.05923444 0.9965782 1.99813e-4 1.63419e-4 1 0.00388813 0.02812325 0.9995969 -2.09082e-4 1 -1.47423e-4 5.77e-4 0.003478348 0.9999939 8.55194e-5 0.999997 0.002443909 -1.7678e-5 -1.84008e-5 1 -0.002002 -0.002308309 0.9999954 2.6384e-5 -1.23572e-6 1 0.004073321 0.009872496 0.999943 0.02649593 -9.29289e-4 0.9996486 0.01943111 -0.01269006 0.9997308 -0.004882752 -0.001341462 0.9999873 2.75004e-4 -2.78337e-4 1 -4.52115e-5 -1 3.8966e-6 6.04093e-5 -1 2.75929e-4 1.23277e-4 1 7.48577e-6 -8.06349e-7 1 3.74683e-4 4.15371e-5 1.09093e-4 1 -2.75023e-4 6.25717e-4 0.9999998 0.01478385 -0.002074182 0.9998886 -1.42656e-4 -1 -3.40694e-4 -0.001961469 -0.0164597 0.9998627 -0.002293825 -0.9998887 0.01474827 -0.02135229 -0.01117992 0.9997096 9.53227e-4 -0.00299859 0.9999951 -0.001146137 -0.003772199 0.9999923 -2.35549e-4 6.00729e-4 0.9999998 0.01707756 0.03250086 0.9993258 -9.11876e-6 -1.20755e-5 1 -0.006821513 -0.001493394 0.9999756 -2.13063e-4 -1.45008e-4 1 -0.008050322 8.9374e-4 0.9999672 0.006357014 0.005869686 0.9999626 -0.006929039 -0.008560955 0.9999394 0.999946 0.004626452 0.009307205 -0.9999396 -0.003359317 0.01047444 -0.9999306 4.79255e-4 0.01177376 -0.9988418 -0.02657574 0.04011011 -1 -4.86325e-4 4.98764e-5 -0.999776 0.004256606 0.02073907 -0.9999992 -2.59557e-6 -0.001314997 -1 -9.60896e-5 -6.45073e-6 0.9999997 8.27323e-4 2.25542e-4 0.9999999 0 6.52148e-4 0.9998758 -0.004095911 0.01522243 1 0 8.33451e-5 -0.9999997 0 -7.96714e-4 -0.9999911 -0.002134025 0.003640651 8.34934e-4 3.566e-4 0.9999996 -4.18044e-6 -4.15738e-5 1 1.931e-5 2.07936e-5 1 1.20509e-4 1.21381e-4 1 0.004199624 -0.001466155 0.9999902 -4.7329e-5 1 4.2609e-6 5.62102e-5 -1 2.2382e-6 0.006668806 -0.009758114 0.9999302 -0.003265082 -0.9998217 0.0186007 -0.006505966 0.0391153 0.9992136 -0.002920925 0.9999797 0.005685329 1 0 -2.43448e-4 -0.9999998 5.90946e-4 5.68433e-4 -0.01264041 0.004268229 0.999911 -1 2.33954e-5 -1.45776e-4 0.02148431 -0.002681732 0.9997656 -0.01808106 -0.006905555 0.9998127 -0.9999294 -5.6313e-4 0.01187288 -0.9999998 4.88032e-4 -4.98425e-4 -1 0 4.06181e-4 0.0232318 -0.001192748 0.9997294 -0.02121269 -0.00623393 0.9997556 -0.009204089 -0.002245962 0.9999551 -0.9999161 -0.007666826 0.01044988 1 0 -4.2858e-4 0.001803517 5.66763e-4 0.9999982 -6.68583e-4 -0.02084523 0.9997825 -3.65807e-4 -5.88491e-5 1 -0.9999997 4.05295e-4 7.02728e-4 0.9997298 0.01066523 0.02065461 0.9999792 0.003409683 -0.005485653 1 0 6.64951e-5 0.9999998 -4.71141e-4 -5.25138e-4 -0.9998946 0.006438732 0.01301586 -0.03004026 -0.009585916 0.9995027 -0.01074039 2.46187e-4 0.9999423 0.003535151 -9.05864e-4 0.9999935 -0.002880811 -0.002009153 0.9999939 -0.004131138 5.7306e-4 0.9999913 7.36692e-4 -5.23501e-4 0.9999997 0.009111106 0.02956324 0.9995214 0.0203197 0.02706241 0.9994272 4.32087e-4 1.65684e-4 1 -9.46054e-4 -0.002218365 0.9999971 -0.9997034 0.002860128 0.02418839 -0.9944126 -0.03566557 0.09935593 -0.9999993 6.65827e-4 -0.001098334 -1 4.59554e-5 1.96905e-4 0.9999834 9.25078e-4 0.005711495 0.9999996 -4.43437e-4 7.9527e-4 0.9999997 1.32874e-4 8.19457e-4 1 0 -1.12247e-5 -0.9996293 0.008593261 0.02583634 -0.9999904 0.002380847 -0.003710269 1 -1.44412e-4 -6.06685e-5 1 0 -5.98142e-5 1 2.98797e-5 -7.32945e-5 1 1.47631e-4 1.65121e-4 0.9994734 -0.003715455 0.0322352 -0.9999343 0.003460347 0.01093429 -1 1.38595e-4 -1.98065e-4 -0.9999995 2.78351e-4 9.31596e-4 0.9999996 -2.25031e-4 9.5568e-4 0.9999999 0 -4.68299e-4 0.9995749 -0.01194715 0.02659809 -0.9999996 4.65826e-4 8.82634e-4 -1 0 -6.21045e-5 -0.9997349 5.16588e-4 0.02302503 0.9999136 -0.005231261 0.01207059 1 0 6.64951e-5 5.41649e-5 -1.51131e-5 1 0.008700311 -0.004513204 0.999952 -0.01909881 0.01231312 0.9997418 -0.9997354 -0.004051089 0.02264952 1 0 -1.12247e-5 0.02732586 2.02717e-4 0.9996266 0.9996322 0.008987247 0.02558898 -0.006002962 7.13153e-4 0.9999818 -0.9994762 -0.007317543 0.03152436 1 0 -5.98144e-5 -0.01884567 -0.009191751 0.9997802 0.01336508 0.002609252 0.9999073 0.9999999 0 -4.68299e-4 -1 0 1.40409e-4 -1 0 -6.21043e-5 0.02271109 0.006702959 0.9997197 1.03326e-5 -8.95148e-6 1 -0.01362383 -0.02901911 0.999486 -0.02977222 0.04361718 0.9986047 0.02921372 0.03128284 0.9990836 0.02150195 0.00193572 0.999767 5.66023e-4 -9.13028e-4 0.9999995 0.02027368 -8.01563e-5 0.9997945 0.01447242 -0.001522481 0.9998942 -2.25008e-4 -1.70247e-4 1 0.01041591 0.008109211 0.999913 -8.3242e-5 6.22154e-5 1 -0.008561551 -6.05251e-4 0.9999632 1.60189e-4 2.64225e-5 1 -8.46312e-4 -1.20968e-4 0.9999997 -0.02789521 0.006102383 0.9995923 -0.01303285 0.00525856 0.9999012 1.53939e-4 -0.006628274 0.9999781 2.88819e-4 1.43895e-4 1 0.01293176 0.003456711 0.9999105 0.02720469 0.0141257 0.9995301 0.007785856 0.02889692 0.9995521 -0.003357589 -0.001869738 0.9999926 -0.001720607 -1.22734e-4 0.9999986 0.005013167 -7.77316e-4 0.9999872 -0.004014492 0.9999875 0.003014445 1.80051e-4 -1 1.12825e-4 0.02287054 -0.9997383 5.56557e-4 -4.20617e-4 1 1.00197e-5 -4.20168e-4 -0.9999999 3.29796e-4 0.02574861 -0.9996684 4.69365e-4 0.9998564 0.007634341 0.01513242 -0.9999753 0.003331363 -0.006211102 -0.9998945 0.009997308 0.01053708 0.9999981 3.32553e-4 0.001955151 1 0 3.62251e-5 -1 2.13486e-4 -5.37104e-5 1 0 3.94806e-5 1 -9.39253e-5 -9.3952e-5 1 2.58179e-5 -2.95599e-4 0.9895958 -0.07312095 0.1239094 -1 -2.13432e-4 7.15039e-5 -1 1.3765e-4 2.97723e-4 -0.999985 0.001834094 0.005154371 0.00645852 0.003688812 0.9999724 -0.009292542 0.002124071 0.9999547 -0.06204181 0.03406739 0.997492 0.001441538 -0.003229022 0.9999938 2.97197e-4 -0.004464507 0.99999 2.58428e-4 2.32469e-4 1 2.78198e-4 -1.02544e-5 1 0.02867692 -0.0125097 0.9995105 1 0 1.60005e-5 1 -7.95686e-5 -1.05314e-4 -1 2.28425e-5 2.28704e-5 -1 0 -5.19755e-6 1 -2.18572e-5 -2.28907e-4 0.9998163 0.007380008 0.01768976 -0.9999425 0.006783068 -0.008313536 1 -2.70618e-4 3.38209e-4 1 -4.54791e-4 3.0442e-4 1 0 -4.64734e-6 -1 0 1.80204e-5 -0.9999997 5.19236e-4 -6.95039e-4 -0.9999998 7.80828e-4 -2.83761e-4 -0.9986768 -0.03843766 0.03416371 4.59545e-6 -0.001744985 0.9999985 -0.02199012 0.0150755 0.9996445 -0.9999672 0.001632869 0.007948577 1 0 3.6225e-5 0.9934498 0.06785923 0.09193867 -1 0 2.96238e-4 1 0 3.94807e-5 -0.0607438 -0.03419673 0.9975675 0.001259386 -7.57429e-4 0.9999989 -2.5837e-4 -1.01994e-4 1 -0.00524795 0.9999558 0.00780785 0.00467348 0.9998728 0.01525974 -0.001140832 0.9999985 -0.001286804 6.5274e-4 0.9999998 2.37782e-4 -1.87111e-4 1 -2.66459e-4 9.30375e-4 0.999994 -0.003366589 0 7.35196e-5 1 -0.02670389 -0.001102983 0.9996428 -0.01231354 0.002290964 0.9999216 0.01339387 0.007457554 0.9998825 2.29035e-4 -8.98384e-5 1 0.009548425 -0.001087188 0.9999539 -0.001244664 0.01034718 0.9999457 -0.01494151 -0.01062476 0.999832 -6.4407e-5 1.14677e-4 1 3.17217e-4 -3.68417e-4 1 0.002192318 0.005066275 0.9999849 0.8486362 0.5287863 0.01420128 0.8507765 0.5251817 0.01907044 0.8523414 0.5229855 -5.78942e-4 0.8519864 0.5235548 0.003099799 0.8536012 0.5209257 0.001208603 0.8526568 0.5224716 -1.30344e-4 -7.31704e-4 3.09802e-5 0.9999998 0.01096731 0.002719879 0.9999362 0.9998724 0.001567423 0.01590049 1 0 1.60004e-5 -1 0 -5.19754e-6 -0.01079177 0.01551771 0.9998214 -0.99994 0.004449486 0.01001417 -1 0 1.80204e-5 1 0 -4.64735e-6 0.01970463 -0.009685695 0.9997589 0.03133362 0.04038929 0.9986926 -0.8503991 -0.5261381 -3.70734e-4 -0.8447132 -0.5348166 0.02075624 -0.8572896 -0.5128788 0.04483455 -0.8505867 -0.525835 1.07826e-4 -0.8499727 -0.5268239 -0.001752018 -0.8509231 -0.5252902 -5.17213e-4 -0.003898918 -0.0212996 0.9997656 -1.25937e-4 0.001005113 0.9999995 0.003650844 0.005729436 0.999977 -4.38103e-5 -5.67571e-4 1 0.004171252 0.01230317 0.9999157 0.01435399 0.01439738 0.9997934 0.003887951 0.9998715 0.01555824 0 1 -2.81572e-4 0.005215108 0.01309984 0.9999007 0.002724051 -0.9999484 0.009792506 6.64902e-4 -0.9999336 0.0115081 -3.44261e-5 -1 -3.8554e-4 -6.42617e-4 -0.9999996 7.81171e-4 -2.18394e-4 -1 8.22269e-5 -4.12919e-4 -0.9999997 6.46344e-4 0.005421519 -0.9999112 0.01218241 -0.01130455 0.002178311 0.9999338 -3.78783e-5 -0.002459049 0.9999971 0.02105802 0.009934902 0.9997289 0.8517987 0.5235201 0.01912343 0.8526124 0.522544 -1.06746e-4 0.03924602 -0.008383631 0.9991944 -2.87598e-4 2.77161e-4 1 0 -1.43687e-5 1 -2.44338e-4 2.05178e-5 1 -0.0010553 1.12868e-5 0.9999995 0.002220273 7.14367e-4 0.9999973 0.001003623 5.96883e-4 0.9999994 -9.13328e-4 2.47414e-4 0.9999997 0.003371179 3.32705e-4 0.9999943 -0.001128911 5.32833e-4 0.9999993 -0.001106858 4.7282e-4 0.9999994 0.001245796 0.9999992 3.28581e-4 0 0.9999998 -8.00763e-4 1.33245e-4 0.9999665 0.008199691 -0.002100229 0.9999966 -0.001550614 0.003065943 0.9999611 0.008283436 -2.95712e-4 -0.002198934 0.9999976 -0.001461982 6.64823e-6 0.9999989 -5.65773e-4 0.001960575 0.999998 5.30574e-4 0.001141011 0.9999992 4.38551e-4 -4.67494e-5 1 -0.00483942 -0.004232227 0.9999794 -0.8505876 -0.5258336 1.03894e-4 0.02484387 -0.009018182 0.9996507 3.49834e-4 0.9999998 6.293e-4 -0.002010583 0.9999704 0.007428109 -1.7566e-4 0.9999998 6.45713e-4 0 1 0 -0.00238943 -0.9997014 0.02431792 0 -0.9999996 -9.11385e-4 0 0.9999984 -0.001794159 -0.00229007 0.9999974 -1.7406e-4 -0.002693474 -0.9999924 -0.002812087 0 -0.9999868 -0.005152285 -3.62742e-4 3.57271e-4 0.9999999 0.001798748 -0.002664446 0.9999949 0.0170207 -0.01637148 0.9997211 0.02306973 -9.00496e-4 0.9997335 -0.9996652 -0.009396493 0.02411144 1 0 2.9996e-5 1 -2.61434e-4 -3.285e-4 -0.9999942 0 -0.003417193 -0.9999945 -0.003190934 -9.71859e-4 0.9996467 -0.00156337 0.02653515 -0.9999982 0 -0.001886248 0.9999938 0.001426458 -0.003253638 0.9978764 0.02305144 0.06092232 0.9999977 0 -0.002166211 0.001137554 -0.9999309 0.01169943 0 -1 -3.84025e-4 0 -1 1.42751e-4 -0.004902362 -0.01851797 0.9998165 2.95716e-4 5.04484e-4 0.9999998 -7.55646e-4 -1.53365e-4 0.9999998 6.95465e-4 -4.14489e-4 0.9999997 -4.47598e-5 -7.01226e-5 1 -3.03583e-4 3.47713e-4 1 1.23817e-4 -4.26313e-4 1 0.00146526 5.12381e-4 0.9999989 -3.13645e-4 1.54654e-4 1 -4.75134e-5 -8.95708e-5 1 0.005211591 0.006825864 0.9999632 -2.90169e-4 -0.001085996 0.9999994 -1.68783e-4 5.16214e-5 1 5.63168e-4 2.52981e-5 1 6.97057e-4 -4.81136e-5 0.9999998 -7.59313e-4 0.0021981 0.9999973 4.17074e-5 2.05507e-5 1 -9.31583e-4 3.73801e-4 0.9999996 5.73934e-4 1.62486e-4 0.9999999 6.79368e-4 0.001065731 0.9999993 -0.001549065 5.8196e-4 0.9999986 3.07728e-4 -8.66455e-5 1 -0.002099573 -2.4111e-4 0.9999979 3.17118e-5 -3.19751e-5 1 4.25258e-4 -3.18238e-5 1 9.59534e-4 6.81904e-5 0.9999995 1.65409e-4 5.19202e-6 1 2.40432e-5 3.53078e-5 1 -4.33228e-4 3.34788e-5 1 -6.03077e-4 -4.9877e-5 0.9999999 -4.39317e-4 -2.87574e-4 1 -1.13008e-4 -2.13242e-4 1 3.56725e-4 -2.16322e-4 1 8.09109e-5 -3.52811e-5 1 3.53922e-4 9.84678e-6 1 -7.57256e-5 -8.28173e-7 1 2.26256e-4 -3.33322e-4 1 3.65091e-4 -6.86863e-5 1 8.23892e-4 1.24444e-4 0.9999997 -1.60873e-4 3.65756e-5 1 2.46974e-4 4.15201e-5 1 0.006590723 7.4587e-4 0.999978 0.03129011 0.997808 0.05830979 1.37803e-4 -0.01079255 0.9999418 -1.45441e-4 1 1.63066e-4 0 -1 4.80599e-5 0.005150079 0.01187908 0.9999162 0.0267874 0.998432 0.04915153 -0.008548974 -0.0368936 0.9992827 0 1 1.63273e-5 1.15317e-4 -1 3.31511e-4 4.86488e-4 -1.20379e-4 0.9999999 6.69108e-5 3.63336e-5 1 3.94031e-4 0.001741349 0.9999985 2.90344e-4 -2.8153e-5 1 3.88042e-4 -0.002370834 0.9999971 -1.89408e-5 -1.01203e-4 1 -1.71101e-4 -2.28332e-4 1 -0.002128601 -0.00221914 0.9999953 -0.002863049 7.15321e-4 0.9999957 3.8629e-4 5.61068e-4 0.9999998 5.57986e-5 1.35418e-6 1 5.35525e-5 -6.51857e-5 1 -1.83033e-4 -1.4012e-4 1 -0.001071572 -0.9999989 -0.001037418 -0.001980245 -0.9999981 7.86805e-6 0 0.9999997 -8.01261e-4 -0.005768418 0.0318647 0.9994755 0.002554059 0.9999963 -0.001011192 4.66641e-4 0.01730602 0.9998502 0.01197755 0.9998596 0.01171851 0.001493632 1.94319e-4 0.9999989 8.16606e-4 2.76769e-5 0.9999997 0.002874493 -0.002066314 0.9999938 0.01118147 -0.01941597 0.999749 0.01794064 -0.9996736 0.01818978 0 -1 -6.06024e-5 0 1 -2.94083e-7 -0.009010851 0.02290654 0.999697 0.01283437 0.9997377 0.01897054 0.007606685 -0.01260602 0.9998917 -0.01194709 -0.999432 0.03151333 0 1 4.86324e-5 0.02073985 0.003963708 0.9997771 0.001607358 -0.001863896 0.999997 -0.9999997 0 -8.35874e-4 -0.02125328 0.004334151 0.9997648 -0.9995142 0.002401769 0.03107666 0.008124113 -0.002907991 0.9999628 0.9995265 -0.01263892 0.02805733 -0.01269596 -0.004195928 0.9999106 0.9999977 0 -0.002166211 1 0 2.99959e-5 -0.9999988 0 -0.001594603 4.52594e-4 9.67321e-4 0.9999995 9.89711e-4 0.002316892 0.9999969 0.002296745 -0.002741932 0.9999937 1.10193e-4 1.97652e-4 1 -8.85979e-4 0.002161324 0.9999973 0.001413106 0.002330303 0.9999964 -0.004441618 -7.93361e-4 0.9999899 -8.22296e-4 0.003504872 0.9999936 -0.002638638 0.002330482 0.9999938 0.002683877 -9.98749e-4 0.999996 0.03535997 9.8981e-4 0.9993742 0.01776361 -0.002242267 0.9998398 -1.13026e-4 3.58536e-4 1 0.001082181 1.95365e-5 0.9999995 0.9999996 1.63643e-4 -9.98563e-4 -0.9999895 -0.004224359 0.001843452 -0.9998709 0.008286237 0.01376712 -0.9999992 -0.00119543 5.2021e-4 -0.9999994 -0.001103401 -3.76306e-4 -0.9999928 0.002692222 -0.002701222 -0.9999938 0 -0.003542125 0.003130316 0.002915978 0.9999909 0.001049458 -0.002988517 0.999995 0.001176953 -0.002371132 0.9999965 -0.001124978 0.006695806 0.9999771 -4.67724e-4 -2.11829e-4 0.9999999 0.004542291 0.002264261 0.9999871 -0.00329554 -0.00201416 0.9999926 0.03169029 0.002513647 0.9994946 -0.01099872 2.01335e-4 0.9999396 -0.0155813 -0.02214682 0.9996333 0.006529569 -0.01862645 0.9998052 0.00586152 -0.002740859 0.9999791 0.01307314 -0.001452267 0.9999135 1 -4.59695e-4 -1.18476e-4 0.9999496 0.003955721 0.009239017 1 -5.22594e-4 8.10514e-5 0.9999995 8.10563e-4 6.37105e-4 0.9999996 0 9.77605e-4 0.9999995 8.70313e-4 4.90218e-4 0.008962512 -0.001455187 0.9999589 -0.00686264 -7.32909e-4 0.9999762 -0.006048619 7.7669e-4 0.9999814 -0.001134574 3.26153e-4 0.9999994 -0.001655995 -0.002053558 0.9999966 0.002605855 0.01661717 0.9998586 0.007840156 0.003792643 0.9999621 0.02690225 -1.15051e-4 0.9996381 -0.00826317 7.54762e-4 0.9999656 6.64465e-4 -0.001542508 0.9999986 -0.00603801 0.001709818 0.9999803 0.002141237 -1.89457e-5 0.9999977 -0.008912861 -0.0067088 0.9999378 -0.003519356 -0.01795411 0.9998327 -0.02003329 0.003229618 0.9997941 -0.001532256 0.006121814 0.9999801 -0.00790596 0.01035314 0.9999153 -0.02882808 0.002568125 0.9995811 -0.9996729 -0.01420104 0.02127563 -0.9999994 0 -0.001161813 -0.01049149 -0.008199691 0.9999114 -9.59262e-4 -7.35986e-4 0.9999993 0.03976893 0.02035444 0.9990016 0.003842771 -7.93798e-4 0.9999924 -9.25735e-4 -0.003027975 0.999995 0.01295918 0.02757364 0.9995359 1 0 2.15779e-5 0.9961088 0.01993721 0.08584713 0.01945495 0.01148277 0.9997449 0.9979994 -0.02645838 0.05742067 1 0 4.96854e-4 0.02220952 -0.04590433 0.998699 -9.92885e-4 -3.90034e-4 0.9999995 5.0772e-4 -4.56195e-4 0.9999998 -6.96961e-4 -3.25376e-6 0.9999998 -0.001336514 -0.009701251 0.9999521 0.00141716 -7.3951e-4 0.9999988 0.02381986 0.02513659 0.9994003 2.54093e-4 -0.001642048 0.9999987 -0.001980721 0.002984404 0.9999936 -0.00143373 0.001285135 0.9999982 -0.001098513 3.58141e-4 0.9999994 -0.002745509 -0.05219119 0.9986334 0.001164197 0.02737277 0.9996247 -0.001413345 0.00165379 0.9999977 -1.54555e-4 -0.001908957 0.9999982 0.002149224 -7.91838e-4 0.9999974 0.001955687 -0.003813505 0.9999909 0.001428365 0.001436412 0.999998 -0.003354489 -0.001223444 0.9999936 0.00185281 -9.83485e-4 0.9999979 0.9999241 -0.01230323 7.13014e-4 0.003600478 8.6095e-4 0.9999932 -0.002343893 -0.002957046 0.999993 0.001742362 0.005022108 0.9999859 -4.01594e-6 -5.94859e-5 1 -9.38211e-4 -0.001565277 0.9999983 0.03843373 0.02021974 0.9990566 0.0045771 0.02486038 0.9996805 -0.008367776 0.02549397 0.9996401 -1.96712e-4 2.31673e-4 1 -0.01131671 -0.0058133 0.9999191 -0.001697361 -7.44052e-4 0.9999983 5.78947e-5 -0.001696109 0.9999986 -0.02374333 0.008064925 0.9996857 0.03290235 -0.007739365 0.9994287 7.39663e-6 5.05197e-4 0.9999999 0.007482111 -0.9999721 1.89555e-4 1 4.62896e-4 -1.44631e-4 -0.9999772 0.004095613 -0.005380332 -0.9998849 0.009315192 0.01198524 -0.9994031 0.005512893 0.03410738 0.9998158 -0.001781821 0.01910918 0 1 1.69676e-5 0.004100739 0.9999763 -0.005523204 8.68961e-5 1 4.14102e-5 6.03707e-4 0.9998878 0.01496762 -0.01019549 -0.006888687 0.9999243 -3.45481e-5 0.02301073 0.9997352 1.75114e-4 2.35021e-4 1 -2.05245e-4 -4.90845e-5 1 -0.001709163 -0.004502415 0.9999884 7.68073e-4 0.001027107 0.9999992 7.6627e-4 0.001038372 0.9999992 -0.01954764 -0.03160798 0.9993092 -0.01237487 -0.004334509 0.9999141 0.001561999 0.007520437 0.9999706 2.74919e-4 0.006754398 0.9999772 9.36704e-5 5.78784e-5 1 -0.001268446 -0.00590974 0.9999818 -0.03159624 0.9995008 -7.40787e-5 0 0.9994521 0.03310054 0.02079463 0.00620836 0.9997645 -0.01719093 -0.006389141 0.9998319 0.005497336 0.003876149 0.9999774 -0.04370886 0.01817214 0.9988791 0.005748033 -0.0305761 0.999516 3.32351e-4 -1.65455e-4 1 -0.001806259 -0.9999979 9.44083e-4 0.001412332 -0.01216393 0.9999251 -0.002077996 -0.9997861 0.02058035 -7.08418e-4 -0.01650243 0.9998637 0.03166395 -0.9994832 -0.005549252 -0.001741349 -0.9999904 0.004026532 0.001185774 -0.006571173 0.9999778 -0.04386121 -0.09026187 0.9949517 0.006363272 0.007462799 0.9999519 1.85605e-4 7.47564e-4 0.9999998 0.006680488 0.002894282 0.9999736 -0.02091997 -0.004687547 0.9997702 -1.17317e-4 2.71362e-4 1 -7.43895e-5 -1.03832e-4 1 1.79485e-4 8.59677e-5 1 1.47177e-4 3.18502e-4 1 0.01257622 -0.9998944 0.007294476 -3.74262e-5 -1 -1.31887e-5 0.008318245 -0.9999649 0.001057684 0.03168952 -0.9994977 3.23321e-4 1.85643e-5 -1 -1.15245e-4 3.91519e-4 -0.9999999 -1.80844e-4 0.002602398 -0.9999527 0.00936377 -0.01852816 -0.04925125 0.9986146 0 -0.9999998 -6.73861e-4 0.01904898 -0.9996369 0.0190584 -0.02274996 0.9997409 7.71447e-4 0 0.9996465 0.02659082 0.02314287 -0.0370633 0.999045 0.01798838 -0.04514354 0.9988186 -0.002632915 -0.03988456 0.9992008 0.01246303 0.03992521 0.999125 0.001141726 0.009724736 0.9999521 0.0153203 -0.03728556 0.9991873 -0.04932075 0.02513831 0.9984666 0.02352303 0.01380997 0.999628 1.33627e-4 -0.003024518 0.9999954 0.07513892 -0.01900905 0.9969919 4.77345e-4 0.006816804 0.9999768 -0.001284122 -0.01620906 0.9998679 0.006142675 -0.05635356 0.998392 0.09134912 0.06349897 0.9937924 -0.02529066 -9.77232e-4 0.9996798 -0.01644498 -0.008928537 0.9998249 -0.03139764 0.01353758 0.9994153 -0.02517026 0.01129239 0.9996194 0.03310203 0.00378859 0.9994449 -1.37981e-4 -5.32902e-4 0.9999999 0.001042604 0.00429672 0.9999902 0.05996406 0.04870933 0.9970114 0.003746032 0.00166881 0.9999916 -6.06488e-4 1.80608e-4 0.9999998 0.0121895 0.0207988 0.9997094 0.009900152 0.02775293 0.9995658 0.0395478 0.1022061 0.9939768 -6.3547e-5 -4.74852e-5 1 -0.02237206 -0.01319962 0.9996626 -0.01767683 -0.01813936 0.9996792 -0.01092219 -0.04454207 0.9989479 -5.41509e-4 9.91924e-4 0.9999995 0.05165356 0.0666213 0.9964404 0.00226736 0.001788735 0.9999958 0.02871453 -0.02032774 0.999381 0.01853632 -0.04878276 0.9986375 0.005177557 -4.25144e-4 0.9999866 0.001952171 -0.011312 0.9999342 -0.002641201 0.02079099 0.9997804 -5.82054e-5 0.001276016 0.9999993 6.26765e-4 1.93676e-4 0.9999999 -0.006156921 0.04520791 0.9989587 0.003706634 3.83972e-4 0.9999931 9.90162e-4 0.001736342 0.999998 0.03046882 -0.05073744 0.9982472 -0.9999767 -0.006240904 0.002800822 -0.9999715 0 0.007548987 0.9999999 0 5.61435e-4 0.9975215 0.06045091 0.03601032 0.9999849 0.005457222 7.20265e-4 0.9999852 0 0.005464613 0.9999897 0.004279851 0.001526534 0.9999862 0 0.005265533 0.9990581 0.04339432 1.89026e-4 0.9993224 0 0.03680813 -6.5123e-5 -8.15492e-5 1 0.01665621 0.04227393 0.9989672 0.005632936 0.0120539 0.9999116 0.01249986 0.002438008 0.999919 0.01349508 0.001457989 0.9999079 -0.01666706 -0.003726184 0.9998542 -0.01181024 0.00511825 0.9999172 -8.06335e-6 -1.68781e-5 1 0.003113746 0.004449784 0.9999853 -5.40447e-4 -0.002171933 0.9999976 0.0181697 -3.44051e-4 0.9998349 -0.007770478 9.49669e-6 0.9999699 -1.28268e-4 2.80807e-5 1 3.54037e-5 -7.50184e-5 1 2.06056e-4 -6.63144e-5 1 -7.05172e-4 6.38062e-4 0.9999996 0.02456879 0.01954644 0.9995071 0.01150816 -0.002837419 0.9999298 5.80838e-4 -1.83445e-4 0.9999998 1.82611e-5 3.88708e-5 1 -0.0161916 0.009631693 0.9998226 -0.01226311 0.001611113 0.9999236 1.2302e-5 -1 1.2545e-4 0.002645492 -0.999969 0.007424235 0.007573604 -0.9999714 1.11858e-4 0 -1 -1.01715e-4 0.03849232 0.9958621 0.08232325 0 1 -2.17344e-4 0.01554512 0.9998793 -2.0755e-4 -0.002119719 -0.9997085 0.02405381 0 -1 -8.56114e-5 0.008659124 -0.9999625 -2.24698e-4 4.02673e-5 1 2.35465e-4 -0.002148091 0.9999735 0.006955862 0.008753001 0.9999617 -3.7734e-4 0 1 -8.18266e-5 0.01727116 0.02169448 0.9996156 8.43471e-5 3.35347e-5 1 2.27497e-4 1.6161e-4 1 0.02345103 -0.002796351 0.9997212 -0.008076548 -0.013686 0.9998738 -0.0264545 -0.1065589 0.9939544 3.56082e-4 -6.47558e-4 0.9999998 0.04623603 0.05851823 0.9972151 0.01284295 0.006711781 0.9998951 0.9997481 0.02063071 0.008854508 -4.39623e-5 2.53771e-4 1 -0.00227487 -0.002945661 0.9999931 -0.9999076 -0.01257443 0.005187749 -0.9936012 -0.04595679 0.1031728 0.9998085 -0.01097816 0.01619821 1 -3.17569e-4 1.63359e-4 -0.9999251 0.007651686 0.009560465 -0.9999995 4.66793e-4 8.72798e-4 0.9997583 0.002073407 0.02189415 7.39546e-4 -0.001947045 0.9999979 0.06471216 0.0798586 0.9947034 -1.38659e-4 -4.73261e-5 1 0.003854036 -0.001920402 0.9999908 3.42045e-4 -3.65213e-4 1 3.81973e-4 -0.9999969 0.002501726 -0.003740489 -0.01186525 0.9999226 -1.04745e-4 -0.9999935 0.00363928 -0.001726627 -0.01931804 0.9998119 -0.001378297 -0.9998802 0.01541805 1.62542e-5 -1 5.51336e-5 8.02043e-4 9.28178e-4 0.9999994 0.02149343 0.03679245 0.9990918 0.9988835 -0.03696316 0.02942234 0.9999998 -3.21101e-4 5.38311e-4 -1 0 -3.47815e-4 -0.9995476 -0.02867203 -0.00908488 -0.9987852 -0.03935581 0.02965217 0.9999787 -0.006532073 -3.73845e-5 0.9999763 0.001853048 0.006634712 -1 0 -1.4416e-5 -1 -2.35198e-5 5.73584e-6 -1 0 -8.6182e-6 -1 -2.58283e-5 5.95188e-6 -1 0 9.13103e-5 -0.9999998 6.29004e-4 -2.45348e-4 -1 0 -2.02156e-5 -1 -4.07024e-5 5.85288e-6 -1 0 -8.5986e-6 -1 -2.46336e-5 2.67277e-6 -1 0 -5.24331e-5 -0.9999995 -8.89535e-4 5.65633e-4 -1 0 -3.47342e-5 -1 -5.51042e-5 4.03238e-6 -0.9999998 0 -7.41953e-4 -0.9999979 -0.00189656 8.42954e-4 -1 0 -5.71299e-6 -0.9999995 -7.98507e-4 5.30713e-4 -1 0 -3.18545e-5 -1 -5.89907e-5 7.1428e-6 -1 0 -1.44502e-5 -1 -1.35578e-5 3.12989e-6 -0.9999999 0 -5.52456e-4 -0.9994351 -0.03360283 6.48415e-4 -0.9999998 0 -7.73172e-4 -0.9999978 -0.001940786 8.85015e-4 -1.49409e-5 -1.76646e-5 1 -3.66315e-4 -2.48441e-4 1 -0.001081228 0.003269672 0.9999941 -0.00710839 0.01266789 0.9998945 0.004228234 -0.01331746 0.9999025 -2.65943e-4 0.002792775 0.9999961 0.01455563 0.02566462 0.9995647 -0.01821738 0.01353693 0.9997425 0.004918098 -0.008694708 0.9999502 0.004062235 -0.001153647 0.9999911 0.004840493 0.005298018 0.9999743 -8.0168e-5 -1.08724e-4 1 0.00116378 0.005717754 0.999983 0.002926707 0.01204305 0.9999232 5.43207e-5 0.004564464 0.9999896 -0.08327817 -3.62001e-4 0.9965263 0.006752789 -0.0237109 0.9996961 -0.01597279 -0.01113617 0.9998104 0.009075641 -3.13517e-4 0.9999588 0.004206597 -0.02012187 0.9997888 -0.001811504 0.009123623 0.9999568 -3.4488e-4 -8.24139e-6 1 0.9997977 0.005520343 0.0193426 -0.9997252 -0.0214228 0.009516894 0.999848 -0.01216369 0.01249939 0.9999999 -3.7346e-4 5.7178e-4 -0.9998673 -0.0162931 -3.89812e-4 -0.9982225 -0.013821 0.0579729 -0.01377165 -0.02266746 0.9996483 0 1 -7.58323e-5 -0.003763139 0.9999845 0.004114449 -0.002582132 0.9998438 0.01748853 -6.18302e-4 -5.38979e-4 0.9999998 0.02884042 0.005359113 0.9995697 0.02852261 -0.0489363 0.9983947 -0.002548098 0.001131057 0.9999962 0.04705864 0.06543123 0.9967469 0.0385459 -0.03635835 0.9985952 0.8268933 0.5607757 -0.04216951 0.8534931 0.5211013 0.001748561 0.8526139 0.5225415 -1.8236e-5 0.8492034 0.5280165 0.007237851 9.14581e-6 1.25761e-5 1 0.002130866 -6.58202e-4 0.9999976 -0.09430122 -0.07218527 0.9929233 0.02473843 -0.01654642 0.9995571 -0.001804471 0.05469214 0.9985017 0.006264925 0.0080325 0.9999482 -0.00626111 0.008373558 0.9999454 1.85593e-4 5.16179e-4 1 0.002128183 0.006573855 0.9999762 0.9997858 -0.009549558 0.01836621 -0.9997197 -4.11975e-4 0.02367454 -0.9986819 0.01096278 0.05014425 -1 0 -3.8528e-4 -1 0 3.60184e-4 -0.9999144 -0.005903661 0.01167994 -0.9999998 -1.29608e-4 -6.53176e-4 -0.999999 0 0.001443207 -1 0 3.06768e-5 0.9999997 0 -8.88529e-4 -0.9998028 0.001233875 0.01981979 -0.9996573 -0.00503534 0.02569037 -0.9999998 -1.37416e-4 -6.44762e-4 0.9999378 0.002700746 0.01082718 0.9999996 6.36969e-4 -7.40326e-4 0.9999513 8.90323e-4 0.009841203 -0.9999234 -0.01006448 -0.007222354 -0.9999264 0.01153743 -0.003755807 -1 0 -1.02392e-4 -0.9995356 -1.33384e-4 0.0304718 -0.99969 0.01074898 0.02245938 0.9999982 -0.001838445 -5.01381e-4 0.999669 0.008439838 0.02430331 -1 0 -2.81224e-5 0.9999455 -0.001692116 0.01030868 -0.9987735 0.02143836 0.0446316 -0.99988 -0.005908131 0.01432907 -0.999884 -0.006458044 0.01379638 -0.9998803 -0.006792485 0.01390475 -1 -1.95568e-4 1.9711e-4 1 -1.89261e-4 -1.66059e-4 -0.9999881 -0.001718521 -0.004573464 0.9999998 -6.70322e-4 -2.5023e-4 -1 -2.80458e-5 -1.99323e-5 0.001511931 0.001522779 0.9999977 -0.04999715 0.01331758 0.9986606 0.02550011 -0.006517469 0.9996536 0.01328814 0.01132518 0.9998477 3.51997e-4 2.39246e-4 1 2.20341e-4 3.09283e-5 1 -2.9515e-5 -3.2977e-5 1 -0.01801604 -9.71331e-4 0.9998373 0.004768967 -0.001200199 0.9999879 0.001986324 0.001821577 0.9999964 3.96828e-5 -7.99885e-5 1 -2.4342e-4 -1.74395e-4 1 -0.8344861 -0.550104 -0.03191721 -0.8505881 -0.5258327 1.99145e-4 -0.8504352 -0.5260798 5.02317e-4 -0.8230737 -0.5667036 0.0373736 -0.004498124 -0.0206114 0.9997774 -0.02093344 -0.01790153 0.9996206 0.003469347 -0.001155078 0.9999933 0 -1 -4.2436e-4 0.01121097 -0.9998657 0.011958 -0.01719623 -0.999715 0.01655918 -0.07083767 -0.9972563 -0.02149343 0.2252253 0.2841948 0.9319372 -0.003905236 0.05852586 0.9982783 -0.001309812 0.001907408 0.9999973 -5.43499e-4 0.001846492 0.9999982 0 -1 -1.04099e-4 0 1 -2.17296e-4 -0.03307384 0.9952726 0.09131675 -0.00734812 -0.01218742 0.9998987 0.02836316 -0.9992787 0.02525049 0.01925683 0.01410192 0.9997152 0.01164329 0.9999139 0.0060606 0 1 -8.18269e-5 0 -1 -8.45883e-5 -0.012286 8.42799e-4 0.9999242 -0.9998325 -0.001603484 0.01823395 -0.0176621 -0.005947887 0.9998264 0.02534395 0.002672195 0.9996752 -1 0 -1.53427e-4 -0.9999989 -9.86858e-4 0.00116229 -0.02640932 -0.001494646 0.9996502 -0.009786546 0.001907885 0.9999503 -0.9983449 -0.005760371 0.05722218 0.02576208 0.01022452 0.9996159 -0.9999998 0 6.43693e-4 -1 0 -1.02392e-4 -1 0 -2.77811e-5 -0.9987408 0.01750129 0.04701751 0.02520799 0.002220094 0.9996798 -0.01875531 -0.002238273 0.9998216 0.009066998 0.9999219 0.008604764 -0.02256762 0.999426 0.0252664 0.00156188 0.002162575 0.9999965 1.15308e-4 -3.44266e-4 1 0.001901566 0.001134276 0.9999976 -7.22514e-4 -2.00894e-4 0.9999998 -0.01886421 0.9995865 -0.02170038 8.95101e-4 -0.9999996 -2.36543e-4 0 -0.9999835 -0.005756795 0.003051578 -0.9999927 -0.002291798 -3.13632e-4 0.9999099 0.01342022 -0.03464859 0.02407896 0.9991095 9.63058e-4 0.02356445 0.999722 2.41352e-4 0.006498098 0.999979 -1.00595e-4 -2.43871e-4 1 -2.20745e-5 -3.1466e-5 1 0.02437132 0.08994847 0.9956483 -0.9998157 0.01478928 0.0122444 -0.9999966 0.002593874 5.08861e-4 0.9976347 0.01847237 0.06621104 -0.9995129 0.002495467 0.0311107 0.9997382 0.01683032 -0.01550012 -0.999998 -0.001430511 0.001414835 -0.9999943 -5.30565e-4 0.003339171 -1 2.26263e-5 1.27461e-5 1 -2.14772e-6 -2.81871e-6 1 0 -4.30439e-6 0.9999946 -0.001773834 0.002808094 -1 1.3519e-5 1.26195e-5 -0.9982941 0.009594619 0.05759215 -0.9999924 0.001790463 0.003459632 1 1.50719e-5 -2.62461e-5 1 1.28082e-5 -3.24973e-6 0.9999949 0.001168489 0.002979576 0.9994976 -0.004341781 0.03139644 0.9769499 0.07346123 0.2004309 0.9998813 -0.01467514 -0.004688858 0.9999999 -2.75533e-4 4.14077e-4 0.9999136 0.003605246 0.01264464 -0.9999969 0.002530694 8.99895e-5 -0.9999999 1.59409e-4 5.04524e-4 1 -1.10928e-4 -5.70849e-4 -0.9999994 -0.001080274 5.17031e-4 -0.9999294 -5.46553e-4 0.01187461 0.9998912 -0.01430773 -0.003608226 -0.9999902 -0.004419684 -3.07533e-4 -0.9999997 7.44377e-4 3.05424e-4 0.9999582 8.61427e-4 0.009108245 0.9999886 -0.001297295 0.004626035 0.999908 0.01356571 -1.54495e-4 -0.9998934 0.006635129 0.01301455 -5.15089e-4 -1.28542e-5 1 -0.001292645 0.01153647 0.9999327 -2.55737e-4 -0.004910349 0.999988 0.03289437 -0.007746398 0.9994289 -0.02293008 0.003740191 0.9997302 -0.01282912 0.01711934 0.9997712 0.01647895 -0.003804564 0.9998571 -0.008854448 6.66577e-4 0.9999607 0.01102244 0.02789628 0.9995502 0.008066654 -0.09963512 0.9949914 -0.002890408 9.62414e-4 0.9999954 -1.77425e-4 -5.34448e-4 1 -0.07797849 -0.07223778 0.9943345 0.001106441 -1.53763e-4 0.9999994 1.14612e-4 0.00127381 0.9999992 -0.001322031 -0.003150403 0.9999942 -2.65347e-4 7.80106e-4 0.9999998 0.09528523 -0.0257824 0.9951161 -1.20767e-5 -5.66354e-5 1 0.001084387 0.01779407 0.9998412 3.61237e-4 -0.01765197 0.9998442 1.21656e-5 2.33021e-4 1 -0.9999167 0 0.01291233 -0.9999418 0.0100162 0.004022419 -1 0 -2.93614e-4 -1 -1.03146e-4 -2.09837e-4 -1 0 1.48273e-4 -1 4.5185e-4 1.39557e-5 -1 0 3.03927e-4 -1 0 -4.21462e-5 -1 0 3.03925e-4 -1 0 3.09956e-4 -0.9999994 0 0.001096606 -1 0 1.25862e-4 -0.9999995 0 0.001096606 -1 0 -2.93613e-4 -1 0 3.09956e-4 -1 0 -1.1716e-4 -0.9999992 0 0.001330733 -0.9992794 0.02438312 -0.02908825 1 0 7.38345e-5 0.9999998 0 -5.95235e-4 1 0 1.96678e-4 1 -1.81102e-4 6.3112e-5 1 0 1.10593e-4 1 0 1.14956e-4 1 0 2.95115e-4 0.9999113 0.01327735 0.001171946 0.9998611 0 0.01666742 1 0 1.20613e-4 0.9999997 -8.55931e-4 -1.11168e-4 1 0 1.31681e-5 1 1.35492e-4 6.61169e-5 1 0 1.96678e-4 1 0 3.11355e-4 1 0 3.11357e-4 1 -1.81545e-4 1.70365e-4 1 0 2.95115e-4 1 -1.6285e-4 1.61496e-4 -0.9999967 0 0.002579092 -0.9995276 -0.02468764 0.0183075 -1 0 5.60203e-5 -0.9999999 5.41755e-4 -1.08803e-4 -1 0 -2.16626e-4 -1 0 -3.66805e-4 -1 0 -1.84137e-4 -0.9999999 -6.12664e-4 -1.69536e-4 -1 0 2.79351e-4 -1 0 -3.68739e-4 -1 0 1.59915e-4 -1 0 -3.66804e-4 -1 0 2.7935e-4 -0.9999999 4.65337e-4 -5.44697e-5 -1 0 1.59915e-4 -1 4.76705e-4 -2.02099e-4 -1 0 -4.75928e-4 -1 0 -2.4877e-4 -1 0 2.1926e-4 -1 0 -2.4877e-4 -1 -2.52192e-4 -3.6072e-5 -1 0 -1.71431e-5 -1 0 2.10576e-5 -1 0 4.91292e-5 -1 0 2.19261e-4 -1 1.80033e-4 9.5127e-5 -1 0 8.38425e-6 -1 -1.91763e-4 1.0326e-4 -1 0 -3.72631e-4 -1 0 8.45554e-6 -1 4.40682e-4 -1.34453e-4 -1 2.89124e-5 4.53699e-5 -1 0 2.10576e-5 -1 0 3.28377e-5 -1 0 1.7436e-4 -1 -4.52003e-5 1.87358e-4 1 0 9.75571e-5 1 0 1.61509e-4 0.9999998 0 -6.93867e-4 0.9976766 0.05559784 0.03937357 0.9999998 0 -6.93865e-4 1 0 1.58751e-4 1 0 -1.61052e-4 1 2.39097e-4 4.79241e-5 1 0 -1.61052e-4 1 0 2.41528e-4 1 -3.34487e-4 1.13587e-5 1 0 2.41529e-4 1 0 1.61509e-4 1 0 1.76053e-4 1 -1.31628e-5 1.72502e-4 1 0 7.67754e-5 1 9.69673e-5 1.3948e-4 1 0 7.67755e-5 0.003239452 -0.003700613 0.9999879 -0.03930979 -0.02370983 0.9989458 0.9999213 -0.007457911 0.0100854 0.9992841 -0.0367546 -0.00897485 0.9999008 0.006000518 0.01274317 0.03318709 -0.002625942 0.9994458 -0.0031479 0.001755118 0.9999936 -0.02307039 0.003914117 0.9997262 -0.9984719 -0.02801495 0.0476371 0.9999999 2.43755e-4 4.0905e-4 -0.9999476 0.004271328 0.00930339 -1 0 1.15708e-4 0.9997282 -0.01075112 0.02069115 -1 -4.71574e-5 1.89621e-4 1 5.4444e-5 -8.27937e-5 0.9999814 -0.002933859 0.005358755 1 -4.01945e-5 -8.3702e-5 -0.9946088 0.05782973 0.08607655 -0.9999901 0.001829802 0.004079341 -0.9999979 0.001010477 -0.001844406 0.9992974 -0.01525884 0.03423368 -0.9999994 -1.6848e-4 -0.001116812 -0.9911356 0.0516901 0.1223864 -0.999999 3.9838e-4 0.001385807 -1 -2.73481e-6 4.55456e-5 0.9938158 -0.03580051 0.1051122 0.9999997 7.85111e-4 -4.44912e-4 1 0 -4.16297e-6 -0.9999927 0.003789246 -4.92517e-4 -0.9970495 -0.03240776 0.06958645 -1 0 -8.92439e-6 1 0 -2.48247e-5 0.9992119 -0.01754558 0.03560966 1 -3.39974e-5 1.63723e-4 -1 0 -1.99067e-4 -0.9922885 0.04941046 0.113676 0.9809785 -0.06471973 0.1830098 1 0 1.71581e-4 -1 0 -4.20463e-5 -1 -1.93587e-5 4.62501e-6 -0.9996209 0.004651844 0.02714258 -0.9999999 3.81987e-4 -5.48685e-4 -0.9997907 -0.005571961 0.01968324 -0.9998452 -0.00209856 0.01747113 -0.9999898 -0.002182304 -0.003965973 -0.9999993 1.2784e-4 0.001270234 1 1.70482e-4 8.32036e-5 1 -7.58433e-5 8.62518e-5 0.9999507 -0.003007948 0.009468972 -0.9994422 0.01701784 0.02873772 0.9998816 -0.007756888 -0.01329344 0.99242 -0.01688408 0.1217277 0.9964523 -0.07720845 0.03349143 -0.9999997 0 9.14488e-4 -0.9997509 -7.19376e-4 0.02230888 0.9997617 7.65031e-4 0.02181881 0.004327595 0.03382021 0.9994186 5.78932e-5 -5.81123e-4 0.9999999 -2.84074e-4 -4.9652e-4 0.9999999 1.84366e-4 1.55032e-4 1 0.9902793 0.05953419 0.125709 0.07101255 0.02785938 0.9970863 -1 0 1.15707e-4 -0.006368577 0.001628696 0.9999785 0.00714755 0.002370238 0.9999717 -0.02751195 -0.004364669 0.999612 -1 0 -8.92438e-6 -0.01055085 0.006173253 0.9999254 -3.78473e-4 -3.92348e-7 1 -2.69537e-5 -4.18792e-5 1 -0.001101911 -9.23594e-6 0.9999994 -0.02239835 0.01598042 0.9996215 -1 0 1.40409e-4 0.01993662 0.01788401 0.9996414 -0.02132672 -0.003252267 0.9997673 -1 0 -4.20463e-5 0.007730066 -0.006209194 0.999951 0.994217 0.05320048 0.09328633 -2.08865e-4 -4.43633e-4 1 -0.001443028 0.00190258 0.9999971 1 0 -4.99025e-5 1 0 -4.50774e-4 1 0 8.99217e-5 1 0 -4.99026e-5 1 1.59874e-4 1.23977e-5 1 0 3.27812e-4 0.9999998 8.06893e-4 -2.93665e-5 1 0 3.27811e-4 1 0 -4.50773e-4 1 0 8.99222e-5 0.9999143 0 -0.0130974 1 0 -2.42532e-4 0.9999006 -0.01234459 -0.006815791 1 0 -2.42531e-4 1 0 6.94578e-5 1 -3.18816e-4 -1.04102e-4 1 0 6.94578e-5 -0.01802784 -0.9998356 -0.002020239 0.01718467 0.9998357 -0.005790174 -0.009102821 0.9999493 0.004297316 -0.05604285 -0.9984142 0.005326449 0.003217637 0.999985 -0.004437446 0.05358302 0.9985594 -0.002843677 0.9999937 -0.003576755 -7.47112e-5 -0.0967614 -0.9952781 -0.007678568 0.09280365 0.9956845 -1.08639e-4 0.07622474 0.9970426 0.009792447 0.01425212 0.9998977 0.001244008 0.01022124 0.9999451 -0.002300262 0.9999364 -0.01125138 7.58022e-4 -0.1402584 -0.9901008 0.005301594 -0.9904359 -0.1378644 -0.005494713 -0.9999893 -0.004621326 3.95066e-4 -0.9999692 -0.007549285 0.002155661 0.134993 0.9908394 -0.003791987 -0.2499871 -0.9682477 -0.001705825 -0.1865439 -0.9824343 -0.004939436 0 0.999999 0.001437485 0 0.999999 0.001435637 -0.001004874 0.9999995 4.85126e-4 0 1 -2.6443e-5 0 1 -2.64438e-5 0 1 1.22025e-4 1.33552e-4 1 7.68695e-5 0 1 1.19427e-4 0 1 -2.11867e-5 -1.32739e-4 1 5.34154e-5 0 1 -1.58898e-5 0 0.9999981 -0.002004384 -0.001788377 0.9999976 -0.001299619 0 0.999998 -0.00200057 0 0.999994 -0.003453493 -0.001021504 0.9999961 -0.002586662 0 1 -1.85387e-5 -0.9868971 -0.1609992 0.0106548 0.9998059 -0.01970368 -1.70966e-4 0.01808959 0.9998361 -8.35226e-4 0.1802395 0.9836215 0.001573264 -0.9998962 -0.01441115 -3.03171e-4 -0.269876 -0.9628733 0.006485939 -0.2721784 -0.9622358 0.004613339 -0.2355595 -0.9718444 -0.005501031 -0.9738917 -0.2269235 0.006396532 -0.969331 -0.2452838 0.01527553 0.228566 0.9735229 -0.003285944 -0.9614849 -0.274808 -0.005237579 -0.9996873 -0.02501147 7.91653e-5 -0.2871323 -0.957858 0.007943511 0.9995778 -0.02905815 9.76633e-5 -0.2914447 -0.9565861 -0.001813828 0.02699071 0.9996342 -0.001772701 0.2349229 0.972014 3.15251e-4 -0.9457533 -0.324633 -0.01281285 -0.3409836 -0.9400134 -0.01025611 0.2798987 0.9599747 0.01027351 0.2354723 0.9718805 -0.001087546 -0.9993334 -0.03650808 -6.78552e-5 0.2278295 0.04614394 0.9726071 -0.9265381 -0.376128 0.007420301 -0.4190459 -0.907705 0.02172982 0.9992182 -0.03946465 0.002368927 -0.3148549 -0.9491391 -0.001136958 0.2457735 0.9693248 -0.002184033 0.3340585 0.9425433 -0.004148602 0.9998672 0 -0.01630115 1 0 -4.53897e-4 1 0 -4.53894e-4 0.9998352 -0.0144611 -0.01097893 1 0 8.58182e-6 1 0 8.58165e-6 1 0 8.58174e-6 0.9999999 0 5.03917e-4 1 -5.00578e-4 1.98632e-4 0.9999999 0 5.03914e-4 0.9999989 0 0.001485526 0.9999989 -0.001079678 0.001070082 0.9999989 0 0.001485526 0.9999989 0 0.001485526 -0.9033873 -0.4288074 -0.003946661 -0.4536861 -0.8911419 -0.005932986 -0.3967088 -0.9179391 0.003187 -0.008957386 -0.9999597 7.74925e-4 -0.003985643 -0.9999867 0.003297269 0.0373972 0.9992994 0.001498579 0.03713214 0.9993095 0.001324474 -0.9987944 -0.04904127 -0.002214908 0.2478631 0.9687949 -6.40789e-4 0.2615429 0.965178 -0.005185961 -0.8760892 -0.4821223 -0.00509274 0.3906416 0.9204825 0.01055133 -0.5111063 -0.8592585 -0.0210998 0.2644295 0.9643973 0.003871023 0.2574932 0.9662802 -1.02266e-4 -0.3403121 -0.9403125 -4.71183e-4 -0.3325172 -0.9430751 0.006461203 -0.8443413 -0.5353058 0.0231378 0.9980165 0.06080448 0.01630634 -0.568431 -0.8227207 -0.004100799 0.9986932 -0.05110639 -3.45718e-4 -0.8088091 -0.5880469 -0.005390167 -0.02791297 -0.9996085 -0.001976907 0.004091441 -0.9999842 -0.003864407 -0.6244034 -0.7810932 0.003742158 -0.7690351 -0.6392042 0.001798152 0.4491615 0.8934426 -0.003793418 -0.6788622 -0.7342094 -0.009096801 -0.7250072 -0.6876281 0.03914201 -0.9980311 -0.06272023 4.16026e-4 0.991987 0.1150674 0.05216807 0.2701825 0.9628076 -0.001755654 0.5087798 0.860785 -0.01387333 0.2617229 0.9651286 -0.005308628 -0.04837948 -0.9988268 0.002187669 0.04881656 0.9988066 -0.001531243 0.9997715 0.02130496 -0.001748442 0.9996724 0.02129793 0.01420265 0.999513 0.02520656 0.01839876 0.01844972 -0.9998294 -9.44656e-4 0.01274996 -0.9999138 0.003146409 0.9850729 0.1721357 9.31086e-4 0.9997723 -0.02126038 -0.001883149 0.9997279 -0.02125835 -0.009608745 0.01080799 -0.9999396 -0.002010226 0.5686978 0.8224999 0.008768737 0.9979355 -0.0642113 0.00125426 -0.9969739 -0.07772368 -0.001410305 -0.9997524 -0.02156054 -0.005514085 -0.9997562 -0.02156376 -0.004758894 -0.2422925 -0.9702032 -4.14844e-4 0.6277453 0.7784057 -0.004526019 0.9728059 0.2311077 0.01542222 0.9729612 0.2304779 0.01505368 0.2839485 0.9588065 -0.007969558 0.9978154 0.06605345 0.001168668 0.9978131 0.06605339 -0.002474546 0.9999899 0.004215717 -0.001551091 0.9999973 0.002295196 -4.75619e-4 0.03326582 -0.9994313 0.005528271 0.6769942 0.7357356 -0.01929014 -0.07051658 -0.9975075 -0.002527475 0.02209317 -0.9997559 1.71454e-4 0.04202741 -0.9991055 0.004676997 0.9978237 -0.06589329 -0.0024814 0.9977581 -0.06588548 -0.0117442 -0.3982105 -0.9172511 -0.008889794 0.9565319 0.291627 -7.60103e-4 0.9283904 0.3712291 0.01674157 0.722704 0.6911396 -0.005004405 -0.9977434 -0.06678229 0.006954431 -0.997766 -0.06678748 0.001551151 0.2773754 0.9607615 -5.27119e-4 0.9356219 0.3529315 0.007136762 0.0568841 -0.9983807 -3.77123e-4 -0.6879305 -0.7257753 -0.001398622 0.993502 0.1136537 -0.006050169 0.9935066 0.1136528 -0.005259692 0.7665373 0.6421995 7.75022e-4 -0.9955456 -0.09422653 -0.003249228 0.910148 0.4142096 -0.007802963 0.9935535 -0.1133303 -0.002817749 0.9935116 -0.1133278 0.009570956 0.807762 0.5893437 -0.01394879 0.88005 0.4745756 -0.01703554 0.06237834 0.9980525 -4.86129e-4 0.3153347 0.948979 0.001732826 0.845893 0.5332893 0.008222341 -0.09449672 -0.9954826 -0.009211361 0.03221297 -0.9994807 8.30247e-4 0.9968684 -0.07906478 -0.001498937 0.9976609 -0.06828755 0.003116667 -0.2444474 -0.9696559 -0.003617584 -0.9961718 -0.08484643 0.02104192 -0.9933871 -0.114813 -4.09967e-4 0.08171528 -0.9966537 -0.002027809 -0.7287467 -0.6846507 -0.01348465 -0.03186094 -0.9994275 0.01138502 -0.02377098 -0.9996966 0.006458759 -0.02377092 -0.9996863 0.007888674 -0.01029068 -0.999724 0.02112102 0.9999733 0.007311582 -1.93518e-4 0.9864555 0.164029 -1.02492e-4 0.9863583 0.1640111 0.01406449 0.9848404 0.1722145 0.02077293 -0.4310927 -0.9022021 0.0138055 0.9999139 0.006319999 0.01150977 0.9998057 0.01893258 0.005494713 0.02422493 0.9996894 0.005875527 0.02657717 0.9996391 0.003914892 0.02421909 0.9994621 -0.02211779 -0.9993926 -0.03017556 0.01743036 0.02417278 -0.9996996 -0.004050254 0.08687382 -0.9961984 0.006467759 0.02417314 -0.9997059 0.001997232 0.9865428 -0.1634966 -0.001467227 0.9865412 -0.1634933 0.00254321 0.9915676 -0.127555 0.02288085 0.009870171 -0.9999477 -0.002712547 -0.7681291 -0.6384165 0.04901093 -0.005183339 0.9999791 0.003853082 0.01568937 0.9998241 -0.01027572 -0.01919609 -0.02064907 0.9996025 -0.1231773 -0.03277736 0.9918433 -0.9999957 0.002938151 2.68499e-4 0.1078013 -0.9941638 0.004147052 -0.9862067 -0.1655082 -0.001897633 -0.9764029 -0.2155364 0.01347881 -0.9862031 -0.1654981 -0.003727376 -0.9734441 -0.2284255 0.01511734 -0.07349669 -0.9972479 -0.009736716 -0.07348853 -0.9971481 -0.01718163 -0.9936565 -0.1124575 3.05509e-4 -0.9957067 -0.09238463 0.005763709 -0.1205195 -0.992694 -0.005804717 0.04319524 -0.999051 0.005599915 0.9761726 0.2169951 5.73947e-4 0.9761625 0.216999 -0.00426793 0.2951464 0.9554505 -0.001715302 0.3175717 0.9482259 0.003993391 0.9982892 0.058456 -0.001275539 0.07483899 0.997089 -0.01458531 0.07484298 0.997146 0.009926438 -0.8079298 -0.5892357 0.007119417 -0.01173412 0.999912 0.006185412 0.9763467 -0.2162061 -0.001405835 0.9832641 -0.1820943 0.005785465 0.9763363 -0.2162045 -0.004813075 0.07471102 -0.9970803 0.01579171 0.07471871 -0.9971947 -0.004453957 0.0304988 -0.9995205 -0.005361437 -3.32113e-4 -2.85051e-4 1 0.1351861 -0.99082 -7.15201e-4 -0.987672 -0.1565346 9.87478e-4 -0.9757435 -0.2186911 0.009944617 -0.9757469 -0.2186903 0.009628534 -0.8447543 -0.5351109 -0.006816565 -0.2468753 -0.96904 -0.003779113 -0.4669704 -0.884262 -0.004420995 -0.1260105 -0.9919168 -0.01491487 -0.9749085 -0.2218368 0.01848948 0.9622251 0.272255 -4.10475e-4 0.9506617 0.3099738 0.01260095 0.9621604 0.272234 -0.01166558 -0.03599953 0.9993477 -0.002869665 0.9999163 0.01293909 2.54456e-4 0.9953724 -0.09603047 -0.003489613 0.9949702 0.1000933 0.003997862 -0.8896295 -0.4560181 0.02463531 -0.8787527 -0.4771983 0.008692681 0.1281967 0.991653 -0.01378613 0.1281926 0.9916239 -0.01576656 0.9625033 -0.271153 0.00797832 0.9610635 -0.2762824 0.005012631 0.9624783 -0.2711453 0.01076537 -0.9999573 0.009230673 -5.715e-4 -0.9577438 -0.2875362 -0.007076859 0.1280015 -0.9917585 -0.005533158 0.1279959 -0.9917141 0.01096928 0.1543951 -0.9875706 0.02943599 -0.9093036 -0.4161218 -0.003143548 0.07832503 0.9969025 -0.007106661 -0.9356061 -0.3525459 -0.01878076 0.163896 -0.9864734 -0.002901613 -0.01642227 0.999862 0.002523601 0.05238467 -0.9986256 -0.00167644 -0.1487868 -0.9888151 0.01035457 0.05516666 -0.9984766 0.001049637 -0.9616194 -0.274031 -0.01397389 -0.961704 -0.2740452 -0.004974484 0.9441947 0.3293706 0.003389537 0.9441887 0.3293666 0.005040585 0.935886 0.3516671 0.02116012 0.3332706 0.9428275 -0.00264132 -0.1811143 -0.9834605 0.001762628 -0.1811161 -0.9834542 0.003860771 -0.06134223 0.9981135 -0.002577483 -0.9921968 -0.1245287 0.00618261 -0.9911589 -0.1326794 7.34441e-4 0.9934052 0.1142272 0.009910225 0.9446958 -0.3279247 -0.003905117 0.944701 -0.3279307 -0.001214563 0.1840474 0.9828914 0.007142543 0.1840193 0.9827404 -0.01893013 0.1837785 -0.9829492 0.006026983 0.1837754 -0.9829366 -0.00789529 0.1939576 -0.981004 0.003410935 -0.9435921 -0.3311101 5.59408e-4 -0.9435631 -0.3311159 -0.007145762 0.921752 0.387764 -0.003535091 0.8985986 0.4387307 0.006002008 0.9217533 0.3877744 0.001430511 0.07560634 -0.9971349 0.002396285 -0.08778768 0.996127 0.004947066 0.3154761 0.9488807 -0.0100156 -0.2383958 -0.9711681 -2.41572e-4 -0.2033141 -0.9789609 0.01729238 -0.2383895 -0.9711421 0.007319569 0.9201717 -0.3914273 0.008294701 0.9225134 -0.3859266 -0.005460679 -0.002462327 -0.9999304 -0.01154512 -0.5059161 -0.8625537 -0.007093191 0.2419649 0.9702776 -0.003798782 0.1810042 0.9834433 0.008770883 0.2419665 0.9702821 0.002216815 0.9818311 0.1894355 -0.01103794 -0.9998591 0.01612764 -0.00467056 0.2416377 -0.9703128 0.01020878 0.2477863 -0.9687091 0.0143066 0.241625 -0.9702488 -0.01532232 -0.9390141 -0.3436539 0.01243185 -0.9210174 -0.3892554 0.01439899 -0.9153953 -0.4018217 0.02430737 0.8946162 0.4467023 0.01090449 0.8946569 0.4467117 -0.006154775 -0.1795425 -0.9837501 6.69463e-4 -0.1499274 -0.9886499 0.0096578 -0.2496313 -0.9683279 -0.00502038 0.06824648 -0.9976682 9.50063e-4 0.0845279 -0.9964061 0.005483925 0.2253697 -0.9742721 -0.001569211 0.8957534 -0.4444896 -0.007410168 0.8957753 -0.4445009 0.002398073 0.9997743 0.01932585 -0.008823037 -0.1153354 0.9933125 -0.005296587 -0.2973731 -0.954742 -0.006089985 -0.2973778 -0.9547536 -0.003497362 -0.02895051 0.9995591 -0.006603419 0.3014003 0.9534049 0.01330989 0.2802866 0.959367 0.03247165 0.3014219 0.9534751 0.005495309 0.8627952 0.5053988 -0.01251339 0.8627977 0.5054112 0.01181644 -0.8940929 -0.4478651 0.003849387 -0.8940952 -0.4478749 -0.001403987 0.1002555 -0.9949592 -0.002228975 0.3010775 -0.9535784 -0.006377756 0.3010615 -0.9535326 -0.0117278 0.352975 0.9356196 -0.00498414 0.9676326 0.252362 8.65891e-4 0.9932987 -0.1155766 -9.58517e-5 0.8643881 -0.5028129 -0.003548324 0.8643484 -0.502793 -0.01006293 0.8264263 0.5630056 -0.006650626 0.8264239 0.5630012 -0.007305085 0.7412071 0.6712592 -0.004812002 0.7412163 0.6712566 -0.003601074 0.7036609 0.7099456 0.02895909 -0.9878657 -0.1552131 -0.005503714 0.7939404 0.6077788 0.01624125 0.7855903 0.6184638 -0.01872044 -0.8321501 -0.5538625 -0.02761811 -0.8565468 -0.5025756 0.1172407 -0.8624501 -0.506017 0.01125043 -0.3573843 -0.9338767 0.01228064 -0.3715889 -0.9281984 0.01922148 0.8284817 -0.5600116 -0.002291321 0.8284798 -0.560019 -2.61365e-4 0.7444605 -0.6676558 0.003801286 0.7444656 -0.6676608 1.45606e-4 0.3617455 0.9322687 -0.003912448 0.31406 0.9493291 0.01186144 0.3617032 0.9321585 -0.01585751 0.2581139 -0.9660719 -0.009074985 0.7883444 -0.6152337 -8.88465e-4 0.7883446 -0.6152312 -0.001868069 0.8142275 -0.5804305 0.01158499 0.6966425 0.7172884 0.01366281 0.6965678 0.7172105 0.02006363 -0.1439916 0.9894794 -0.01403611 -0.7424443 -0.6695981 0.02036833 -0.7425982 -0.669723 0.004360377 -0.8264558 -0.5629585 -0.006971895 -0.8263883 -0.56289 0.01540619 0.3613887 -0.9323966 -0.005900621 0.4233898 -0.9057139 0.02057778 0.3613308 -0.9322595 0.0182299 0.9986434 0 -0.0520721 0.9999727 0 -0.007399916 0.9999998 0 -6.38843e-4 0.9999998 0 -6.38839e-4 0.9999727 0 -0.007400035 0.9999727 0 -0.007399976 0.9999896 0 -0.004561364 0.9999345 0 0.0114479 0.9999346 0 0.0114479 0.9999897 0 -0.004561305 0.9999791 -0.002102196 -0.006123304 0.9999998 0 -6.38842e-4 0.9999335 -0.01153486 -2.93843e-4 -0.786336 -0.6177988 -7.88095e-4 -0.7862149 -0.617707 -0.01744699 -0.7326937 -0.6804404 -0.01268261 0.6967034 -0.7173271 -0.006797373 0.7007821 -0.7133755 -4.42962e-5 0.6967139 -0.7173295 0.005311548 -0.6946398 -0.719334 -0.005865633 -0.6467919 -0.7626491 0.005154013 -0.688811 -0.7132723 0.1295459 0.9714976 0.2368574 0.009539663 0.9582857 0.2858095 -0.001259863 -0.4177328 -0.9085388 -0.007546305 -0.4177475 -0.9085499 -0.00493133 0.4221708 0.9065118 -0.002907454 0.4220981 0.9063571 -0.01871186 0.6479821 0.7616544 -0.001336634 0.597413 0.8019058 0.006718218 0.6479482 0.7616152 -0.01028132 0.03952491 -0.9992066 -0.004903852 0.04387342 -0.9989951 -0.009162545 0.04382479 -0.9977728 0.05028891 0.08361476 -0.9964575 0.009013056 0.04381954 -0.9977725 0.05029863 0.04387414 -0.999037 -1.34658e-4 0.04387253 -0.998995 -0.009182929 0.04387891 -0.9989949 -0.009167671 0.04387235 -0.9989951 -0.009170532 0.0438745 -0.9990339 -0.002496659 0.04388052 -0.9990337 -0.002495527 0.03059369 -0.9995299 0.002002239 0.04387456 -0.9990339 -0.002490758 0.04387205 -0.9989761 0.01105189 0.04387545 -0.9990371 -1.29565e-4 0.04387229 -0.998976 0.01106065 0 0.9999876 0.004999577 0 0.9999876 0.004991292 0 1 -3.92485e-4 0 0.9999875 0.005013346 0 1 -3.92481e-4 0 1 -3.92495e-4 0 1 1.96826e-4 7.23972e-4 0.9999998 1.63197e-5 0 1 1.99819e-4 -0.001409053 0.9999989 -5.54077e-4 0 0.9999998 -8.23525e-4 0 0.9999997 -8.24595e-4 0 0.9998432 0.01771569 0 0.9988287 0.04838591 -0.0569753 0.9983239 0.0101633 0 0.998829 0.04838031 0 0.9999997 -7.6133e-4 0 0.9999997 -7.63466e-4 0 0.9999997 -7.59198e-4 0 1 -4.55684e-4 0 1 -4.56727e-4 -0.001525402 0.9999987 -7.01974e-4 0 0.9999981 -0.001952052 0 0.9999982 -0.001957058 0 0.9999981 -0.001959621 0 0.9999944 0.003366768 0.005266904 0.9999862 3.20253e-4 0 0.9999943 0.003369867 0 -1 4.04014e-4 0 -1 4.0402e-4 0.001914978 -0.999996 -0.00213921 0 -0.9999972 -0.002373456 0 -0.9999972 -0.002374112 0 -0.9999979 -0.002062439 0 -0.9999979 -0.00206089 0 -0.999998 -0.002060651 0 -0.9999975 -0.002252817 0 -0.9999976 -0.002253293 2.98067e-4 -0.9999978 -0.002132415 0 -0.9999474 0.01025563 0 -0.9999474 0.01025754 0 0.999843 0.01772409 0 -0.9999474 0.01025569 0.4218325 -0.9066678 -0.003302872 0.4217596 -0.906504 0.0192213 0.09732788 0.9951105 -0.01680684 -0.003062963 -0.999926 -0.01178354 -0.007815837 -0.9999498 -0.006279408 0.6474584 -0.76118 -0.0374552 0.6478784 -0.7616688 -0.01069706 -0.6451869 -0.7640167 0.003517806 -0.6451272 -0.7639455 -0.0140776 0.4818397 0.8762574 -0.001907408 0.4564842 0.889675 0.01002591 0.4818304 0.876246 0.005684971 -0.5480309 -0.836254 0.01847463 -0.5555202 -0.8314262 0.01131075 -0.9997113 0.02374541 -0.003691613 0.5955091 0.8033301 0.005472421 0.5954635 0.8032687 -0.01352131 -0.2130029 -0.9770516 -4.03072e-4 -0.4775483 -0.878591 -0.005064308 -0.4774736 -0.8784462 -0.01874607 0.1264117 -0.9919779 1.27209e-4 0.5398802 0.841696 -0.008805215 0.53987 0.8416776 0.01091718 0.5137972 0.8572269 0.03427189 0.4815384 -0.8763927 -0.007539689 0.4815378 -0.8763836 -0.008563816 -0.5920001 -0.8057706 -0.01642286 -0.5920615 -0.8058587 0.007413566 -0.5750734 -0.8178373 0.02080267 -0.1737788 0.9847251 -0.01083779 0.08258932 -0.9965734 0.00452578 -0.5359454 -0.8442429 -0.004071235 -0.5359425 -0.8442367 -0.005485475 0.5952348 -0.8032914 -0.02045905 0.5953579 -0.8034568 -0.002519309 0.2921838 -0.9563534 -0.004120886 0.5396055 -0.8417777 -0.01537042 0.5824621 -0.8128422 -0.005050063 0.5396369 -0.8418283 0.01082462 0.9418832 0.3359099 0.004549503 0.9810637 0.1936632 -0.002971291 -0.09676545 0.9952942 -0.005098521 -0.09676098 0.9952501 -0.01070642 -0.1505125 0.9885866 0.006538331 -0.0966255 0.9938256 0.05453783 -0.09676539 0.9952942 -0.005096614 -0.09676861 0.9953005 -0.003553748 -0.09533518 0.9954349 -0.004540443 -0.09676611 0.9953009 -0.003557145 -0.09676593 0.9953009 -0.003559231 -0.09676933 0.9953069 -1.13461e-4 -0.09676653 0.9953072 -1.12506e-4 -0.09676682 0.9953072 -1.13461e-4 -0.09676396 0.9952498 -0.01070266 -0.1082323 0.9941216 -0.002856552 -0.09674125 0.995252 -0.01070272 -0.0966227 0.9938254 0.05454522 0.3389655 0.940795 0.002670049 0.3747069 0.9271426 -0.001208603 -0.0430333 0.9990628 -0.00466609 -0.2046435 0.9788237 0.005033612 0.9221644 0.3867956 -0.001452505 -0.2527869 -0.9674872 -0.008209288 0.3274653 -0.9447741 0.01297533 0.9996294 0.0266264 -0.005666792 0.9996533 0.02614074 -0.003162622 0.1541557 -0.9879945 0.0101459 -0.9835842 -0.1804234 -0.003120839 -0.9800665 -0.1986068 0.005007207 0.003224134 0.9999943 9.85484e-4 0.8989275 0.4379485 0.0114302 -0.2365629 0.9716063 0.004403054 -0.268697 -0.9630529 0.01820117 -0.2494056 -0.9683627 0.008403718 0.8723155 0.4888794 -0.007911503 -0.01644724 0.9998645 8.08438e-4 0.9903702 -0.1383064 0.006190896 0.990785 -0.1351696 0.00862503 0.3639284 -0.9313914 -0.008137702 0.9732603 0.2296354 -0.005656838 -0.9994668 0.03218823 -0.005487561 -0.5935528 -0.8047944 -0.0011186 0.09838271 -0.9951294 -0.006198644 0.8422977 0.5390092 -0.00197488 -0.01379424 -0.9999027 -0.002136766 0.8090314 0.5877643 -0.001143693 0.7802104 0.6254356 -0.01010203 -0.2694493 0.9629614 -0.01013106 0.183575 -0.98296 -0.009485721 0.407647 -0.913022 -0.01465773 0.9998083 0.01652151 0.01050651 0.3987227 0.9170715 4.35388e-4 0.3906435 0.9205221 0.006059885 0.7508172 0.6605023 -0.003180444 0.7374992 0.675317 0.006470501 -0.3032628 0.9528158 -0.01318967 0.4756094 -0.879466 0.01831555 -0.9998363 0.01752793 0.004523038 -0.9998279 0.01753014 -0.006074011 -0.9994673 0.02984005 -0.0132206 0.9632046 0.2677618 -0.02325093 -0.05893337 0.9982328 -0.007626593 -0.03100991 0.9995033 -0.005618631 -0.05128312 0.9986153 -0.01173299 0.01022464 0.9999473 9.6895e-4 -0.2890045 -0.9573246 0.002476334 0.9998468 -0.01736384 -0.002267837 0.9987481 -0.04755508 -0.01552331 0.9998429 -0.01736205 0.003578484 0.9983748 0.05078768 0.02585303 0.2147138 -0.976541 -0.01630133 0.4847698 -0.8745447 0.01303392 0.1203271 0.9925283 -0.02022141 0.7186559 0.6953554 -0.003819346 -0.9998506 -0.01727634 -7.03057e-4 -0.9984117 -0.0172488 -0.0536347 -0.9779554 -0.2087871 -0.003366053 -0.3379192 0.9411662 -0.004124462 0.999892 -0.01414316 0.004011988 -0.2564336 -0.9665294 -0.007925271 0.3662295 0.9303201 0.0195105 0.01967585 0.9998064 -3.28517e-4 0.9989619 0.04485547 -0.007948338 0.9993727 0.03503996 -0.005154848 0.1158375 -0.9931735 -0.01372128 -0.6631355 -0.7483122 0.01673853 -0.999125 0.04159766 -0.004351973 0.9998363 0.01809662 -4.10702e-4 0.9992578 0.01807999 -0.03401666 0.5236362 -0.851938 0.002644598 0.6837855 0.7296355 -0.008333742 -0.3727593 0.9264825 0.05177563 -0.02052205 -0.9997893 -4.4905e-4 0.9962143 0.08670294 -0.006305575 0.9497426 0.3077601 -0.05720794 0.5622958 -0.8269233 0.004604697 0.9972404 -0.07416015 0.00344783 -0.9985038 0.05464684 -0.001972317 -0.9984987 0.05464071 -0.003869473 0.6462481 0.7631269 0.001003324 0.6379248 0.7700754 0.00599116 -0.08885121 0.9960306 -0.005355477 -0.06423902 0.9977075 -0.02128839 0.2476749 -0.9687768 -0.011343 0.8304774 -0.5562188 -0.0304656 0.2778758 0.96038 -0.0213406 0.854094 -0.5196915 -0.02107256 0.6003587 -0.799498 0.01930063 0.9982857 -0.05414962 -0.02221488 0.9984849 -0.05416494 -0.009694814 0.06086456 0.9980029 -0.01690393 0.8033511 -0.5950477 -0.02335596 0.6061418 0.7953422 -0.004782438 0.986279 -0.165027 -0.004466235 0.597111 -0.8019803 0.01691824 -0.9985271 -0.05390876 -0.006137669 -0.9985297 -0.05391925 -0.005595982 -0.1604106 0.9853578 0.05778008 0 0.994942 0.1004509 0 0.9999849 -0.005501866 0 0.9999849 -0.005501031 0.007322669 0.9999715 -0.001873493 0 0.9999995 0.001065671 0 0.9999995 0.001065194 0 0.9999995 0.001064479 0 1 -1.59468e-4 -0.001408696 0.999999 3.54662e-4 0 1 -1.59767e-4 0.001936852 0.9999977 8.70563e-4 0 1 -1.61259e-4 0 0.9999984 0.001816928 0.3272564 0.9449179 -0.005797922 -0.4117249 0.911305 -0.002443671 0.4253471 0.9049941 -0.008097589 0.7740849 -0.6330806 0.001286745 0.6741473 -0.738436 -0.01541876 -0.3319356 -0.9431857 -0.01481544 0.9921543 0.1242225 -0.01410013 0.8748596 -0.484369 0.002740859 0.7505591 -0.6600024 0.03252494 0.7424071 -0.6696125 0.02123302 0.7092044 -0.7049815 -0.005506098 0.5636953 0.8259721 -0.004218876 0.376478 0.9264225 0.002379655 0.99827 0.05633044 -0.01685684 0.9984086 0.05633968 0.002499401 0.9991288 0.0410369 0.007602214 0.5191482 0.8546782 0.003256797 0.9942386 -0.1062552 0.01412248 0.4251535 0.9051208 9.80025e-4 0.3977084 0.9174246 0.0126627 0.47285 0.8811279 -0.005165338 0.01606523 -0.9998706 9.20772e-4 0.0180906 0.9998324 0.002849936 0.886897 -0.4611595 0.02730917 0.9364008 0.3508893 0.005509138 -0.07703834 0.9968802 -0.01717346 -0.07756483 0.9968468 -0.01674181 -0.4475723 0.8936309 -0.03320866 0.2824573 -0.9592576 0.00654149 0.2877211 -0.9576497 0.01112872 0.1352229 -0.99071 -0.0144481 0.9997431 -0.02145725 0.007314801 0.9989461 0.04191309 0.01871061 0.894352 -0.4471771 0.01293486 -0.9966834 0.08009237 -0.0144065 -0.9954809 0.09464961 -0.007692873 -0.9954914 0.09466826 -0.005913853 0.07572144 0.9967289 -0.02824676 0.1045191 0.9944493 -0.0120964 0.9865468 0.1632463 -0.008726119 0.9763897 0.2150871 0.02002036 -0.1292977 0.991585 0.006424605 -0.9986398 0.05213791 -4.21429e-4 0.9977271 -0.0649085 0.01810234 0.9295748 -0.3682538 -0.01673096 0.9926851 -0.1188689 0.02113014 0.995581 -0.0938906 -0.00174278 0.9953666 -0.09387129 -0.02082031 -0.4839707 0.8740058 -0.04343223 0.9938068 -0.1088197 0.02250152 -0.01586908 0.9998557 0.006070613 0.9450477 -0.3268507 -0.007327139 -0.9956166 -0.09346485 0.003451406 -0.9955732 -0.09345561 0.01001131 0.9882148 -0.1530498 0.002725124 0.9585531 -0.2843063 0.01860475 -0.02813279 -0.9996028 -0.001701354 0.9803612 -0.1971972 -0.002306997 0.9609051 -0.2755376 0.02721053 0.9704843 -0.241047 0.007539212 -0.2606894 -0.9653795 -0.00913912 0.9952125 0.09742861 0.007727384 0.9952384 0.09742826 0.002870321 0.04983824 -0.9986958 -0.0110917 0.9977117 0.06461912 -0.01989454 -0.01565676 -0.9998755 -0.001963615 -0.03517711 -0.9993603 -0.00645411 0.9789741 0.2037051 0.01068639 0.9182901 0.395527 0.01737517 -0.5210628 0.8529147 -0.03209888 0.06933748 0.9972741 0.02523183 0.3190484 -0.9477043 -0.008058845 -0.3783927 -0.9254962 -0.01660996 0.1505845 0.9885953 -0.001948773 0.3983253 0.9169794 0.02204406 0.9901587 -0.1398404 0.005524814 0.4549896 0.8904698 -0.006925463 -0.9862503 0.1650719 0.00785309 -0.9901462 0.1376165 -0.02592939 -0.5583037 0.8296348 0.001794457 -0.172744 0.9849584 0.004063606 0.9693816 0.2454689 -0.0066545 -0.9992227 0.03581219 0.01647639 -0.9999307 0.0116496 0.001698851 0.1487023 0.9887582 -0.01565229 0.9906144 -0.136683 -0.001026809 0.9850991 -0.1716973 -0.009987056 0.9906054 -0.1366847 -0.004290461 -0.5838135 0.8111276 0.0351299 -0.04977625 0.9986969 -0.01127046 -0.04944717 0.9987159 -0.01101869 0.8968634 0.4421173 0.01298093 -0.9906952 -0.1360982 6.49401e-4 -0.9904581 -0.1372369 -0.01260179 -0.9906353 -0.1360874 -0.01104277 0.08589214 -0.9963034 0.00147587 0.04901182 -0.9987438 -0.01043665 0.9845789 -0.174736 -0.008475661 0.02775222 0.9995865 0.007523059 0.0269891 0.9996113 0.007004201 0.1568537 -0.9875959 -0.007175743 0.3573985 -0.9337736 -0.01826071 0.1989211 0.9799871 -0.0074687 0.9899461 0.1414418 9.33209e-4 0.989709 0.1413884 -0.02203458 0.01692932 0.9948031 -0.1004005 0.9571281 0.2882185 -0.02891463 -0.6313732 0.7754428 0.007526755 -0.04893839 -0.9986141 -0.01936507 -0.0978077 0.9951608 -0.009416937 -0.4262694 -0.9045954 -0.001235008 0.9804234 -0.1968075 -0.006067693 -0.9979478 0.06403386 -7.72689e-6 -0.6669464 0.7451019 -0.00241214 -0.8240336 0.5663737 -0.0137664 -0.9995043 0.02955919 0.01083743 -0.9993571 0.03581053 -0.001773357 -0.9997087 0.02326202 0.00644797 -0.701472 0.7126968 -6.14666e-4 0.5011189 0.8651655 0.01920008 0.4776311 0.8785586 0.001869857 -0.7961323 0.604951 -0.01441651 0.9426456 0.3318631 -0.03586459 -0.734623 0.6783492 0.01310026 0.9774296 -0.2109919 -0.01067554 -0.7657704 0.6419484 0.03870356 -0.982962 0.1838019 0.001695156 -0.9829634 0.1837994 -8.51804e-4 -0.9724324 0.2330349 -0.008362591 0.3981916 -0.9171795 -0.01501047 -0.2452282 0.9689049 -0.03296184 -0.2192294 0.9755708 -0.01414531 0.8715317 0.490253 -0.009196519 0.249243 0.9679779 -0.02994567 0.2444508 0.9693071 -0.02622151 -0.4529399 -0.891541 -3.84716e-4 -0.4414144 -0.8972577 0.009069144 -0.8495904 0.5274317 -0.003479182 0.5113538 0.8592909 0.01168781 0.1242799 -0.9922403 0.003703415 -0.03684991 -0.9992995 -0.006545901 0.9831736 -0.182645 0.003272771 0.9831811 -0.1826321 -8.10732e-4 0.9516751 -0.3030544 -0.0497241 0.9261162 0.3762907 -0.02672249 -0.08565753 0.9963176 0.003739535 0.05266982 0.9975262 -0.04655557 0.9834333 0.1809642 -0.01052784 0.9820368 0.188443 0.009647071 -0.9832327 -0.1818982 -0.01290881 -0.983819 -0.1785491 -0.01484906 -0.9833134 -0.1819091 0.001966834 -0.9981057 0.06119996 -0.006302535 -0.998075 0.06117832 -0.01018291 0.4259924 -0.9047214 -0.00310558 0.9576339 -0.2870329 0.02344602 0.5451955 0.8383047 -0.002677559 -0.8696699 0.4934557 0.01326435 -0.08487451 -0.9963883 0.002595365 -0.4801511 -0.8770914 -0.01287251 0.8892099 0.4562832 0.033342 0.3015592 0.9534469 -0.001161038 -0.9820418 -0.1838237 0.04245913 0.9980618 0.05640327 -0.02629458 0.9997235 0 -0.0235185 0.1205596 -0.9917169 -0.04430621 0.9997234 0 -0.02351844 0.9997234 0 -0.02351856 0.9999895 0 -0.004578471 0.9999895 0 -0.004578471 0.9999879 6.35615e-4 -0.004895269 0.9999895 0 -0.004578471 0.9999847 0 -0.00554043 0.9999847 0 -0.00554043 0.9999848 0 -0.00554037 0.9999847 0 -0.00554037 0.9999895 0 -0.004578411 0.9999476 0 -0.01024925 0.8416759 0.5393399 -0.02634674 0.5788771 0.815391 -0.00625205 -0.2783234 -0.9601874 -0.02400636 -0.8707824 0.4915317 0.01160001 0.8847287 0.4655327 0.02311968 -0.9724655 0.2330347 0.002401113 0.442434 -0.8967485 0.009717464 0.4543619 -0.8908169 8.12176e-4 -0.26877 0.9630953 -0.0144965 0.9561014 -0.2917055 0.02789723 0.1810969 -0.9834183 0.009617269 -0.9997128 0.02174121 -0.01008832 0.642021 0.7664609 0.0186249 -0.5078666 -0.8612966 -0.01548641 0.8602678 0.5097827 -0.007817089 0.1648406 -0.9849144 -0.05264377 0.2125436 -0.9770495 -0.01412898 -0.9098644 0.4145818 -0.01639389 -0.9960579 0.08780676 -0.01259857 -0.9960795 0.08782744 -0.01059114 0.1309764 0.9909803 -0.02834147 0.8422545 0.5388552 -0.01557278 0.03713488 0.9993103 -1.04565e-4 0.9729319 -0.2310699 0.003212571 0.6448991 0.7641357 0.01421356 -0.9977477 0.06577306 -0.01317787 0.9726877 -0.2318074 -0.01200544 0.9724527 -0.231734 0.02520358 0.3551175 0.9348088 0.004922509 0.9711719 0.2383676 0.002517402 0.971155 0.2383772 0.005868613 0.8186914 0.5741645 -0.00892502 -0.9274165 0.3738301 -0.01224344 -0.124633 0.9921743 0.007534325 0.4365623 0.8996558 0.005734622 0.6768741 0.7359421 -0.01518827 -0.9729644 -0.2309467 -0.002030432 -0.9729573 -0.230953 0.003843545 0.8078724 0.5893574 1.95086e-4 0.850191 0.5250609 -0.03855538 0.4832333 -0.8754228 -0.01097589 0.7932662 0.6087108 0.01414638 -0.9870108 0.1550642 0.04200816 0.7077971 0.7060395 -0.02306151 -0.9969807 0.0775544 -0.003837406 0.9445649 -0.3265515 -0.03407943 0.7733723 0.6325213 0.04256796 -0.949816 0.3125833 0.01189309 0.7378051 0.6749516 -0.009171128 -0.536063 -0.8441432 -0.007687151 -0.9915883 0.1291748 0.008155763 -0.9429506 0.3316292 0.02943259 -0.9797235 0.2000392 -0.01124036 -0.9695675 0.2445952 -0.01059043 0.9645175 -0.2637231 0.01249533 -0.149911 0.9884654 -0.02151203 -0.1218569 0.992496 -0.01012915 -0.1236474 -0.9923262 -3.66949e-4 0.4095448 0.912263 -0.007004737 -0.9932244 0.1157054 -0.01085346 -0.9913865 0.1308005 0.006634533 -0.9932784 0.1157258 -0.002378404 -0.9600784 -0.2797312 1.48492e-4 0.5125669 -0.8585504 -0.01289945 -0.9669411 0.2547408 -0.01149737 -0.9584347 0.2852759 0.004567921 0.9274107 -0.3660484 -0.07692933 -0.5645412 -0.8253996 0.002955377 -0.3212374 0.9469343 0.0110504 0.2081348 -0.977491 -0.03451395 0.76909 0.6390676 0.009658277 0.1732336 0.9823679 -0.07030999 0.1442477 0.9893761 -0.01809602 0.954807 -0.2971245 -0.007802486 0.4639003 0.8850832 -0.03774178 0.9567049 0.2910562 0.001400768 0.9548647 0.2904952 -0.06201583 0.004089534 -0.9999771 -0.005404412 -0.0468946 -0.9987754 -0.01576519 0.9587551 -0.2840786 0.009378194 0.9546306 -0.2828528 -0.0931397 0.5422859 -0.8401823 -0.004454135 0.9091424 -0.4064242 -0.09099227 -0.5931163 -0.8049411 -0.01682585 -0.5602637 -0.8282738 0.008203208 -0.1665174 0.9860375 -0.001427948 -0.9590411 -0.2831261 -0.008932352 -0.9590442 -0.2831236 -0.008682906 0.7257308 0.6879782 8.72425e-4 0.5184763 0.8550435 0.009111225 0.9434109 -0.3310663 -0.01926916 -0.9894434 0.1449195 -4.53305e-4 -0.9894433 0.1449178 -9.30645e-4 0.1842908 0.9819556 -0.042427 0.1483809 0.9888138 -0.01518255 0.5715728 0.8204468 0.01310676 0.6229046 0.7822967 -0.001341879 0.5637231 -0.8259112 0.009332656 0.8907963 -0.4481502 -0.07512325 -0.6217774 -0.782914 -0.02094447 0.677362 0.7346436 -0.03846478 0.6705119 0.7412567 -0.03086203 -0.1572636 -0.9874914 -0.01135498 -0.1654107 -0.9861975 -0.007327198 0.2185654 0.9758223 3.8179e-5 -0.9401185 0.3402436 0.02028888 -0.9401841 0.3402557 0.01673394 -0.8992145 0.4374255 0.008513271 0.9306305 -0.365561 0.01709252 0.2536594 -0.9667474 -0.03250235 -0.9647254 -0.2630987 -0.009171307 -0.3762526 0.926267 0.02153092 0.9380346 0.3461977 -0.01544141 0.9379161 0.3461554 -0.0221343 0.9453706 0.3251563 -0.02340602 0.6021386 -0.7983874 -0.002622425 -0.6505216 -0.7594377 -0.008734047 0.8745852 -0.483542 -0.03588539 0.9158738 -0.4002297 -0.03148746 0.9230884 -0.3839195 -0.02266615 -0.9844474 0.1754129 0.009673118 -0.9844492 0.1754214 -0.00934565 0.04880738 0.9987919 -0.005718052 0.9395858 -0.3388821 -0.04834872 0.95379 -0.299718 0.02130532 0.9406836 -0.3392603 -0.004108428 0.01275503 -0.99986 -0.01083165 -0.9410486 -0.3382624 -0.002478539 -0.952946 -0.3026116 -0.01789599 -0.9409286 -0.3382112 -0.01632982 -0.6787961 -0.734044 0.02038365 0.9973293 0.07030069 -0.0198028 0.6320065 -0.7749606 -0.001970708 0.8989139 -0.4347978 -0.05389779 -0.996008 0.08866918 -0.01030158 -0.1971917 0.9802767 -0.01315629 -0.2717105 -0.961916 -0.02985131 0.8590173 -0.5116491 0.01745384 0.2656155 0.9640784 -0.001113831 0.298282 -0.9533616 -0.04614812 -0.916464 0.3972501 -0.04781329 -0.91747 0.3976855 0.009750962 -0.7068818 -0.7072654 -0.009691417 0.8813512 -0.4698787 -0.04933613 0.6616065 -0.7498167 0.007199645 0.6672489 -0.744759 0.01063126 -0.433568 0.9009915 0.0152685 -0.9782539 0.207248 -0.008221626 -0.9854798 0.1691151 0.01515579 -0.9782436 0.2072192 -0.009988963 0.9150038 0.4034421 -0.001637637 0.9150059 0.4034292 -0.003047168 -0.9518442 -0.30658 0.001202702 -0.2102893 -0.9776389 -8.95633e-4 0.8569137 -0.5154597 6.49369e-4 0.8628196 -0.5052245 -0.01704788 -0.7343126 -0.6787886 -0.005585193 0.838108 -0.5374937 0.0931425 -0.1408271 0.9899254 -0.01467728 0.6908034 -0.7230405 -0.001807153 0.8417799 -0.5397701 -0.007403135 -0.7609378 -0.6487651 0.008816957 0.9177487 -0.3969541 0.01284056 0.9164858 -0.396405 0.05401003 0.8190197 -0.5736994 -0.008710622 -0.7870408 -0.6168839 -0.004601836 -0.7642659 -0.6447899 0.01198846 0.7193563 -0.6946101 -0.006596684 0.7947654 -0.6069169 1.8276e-4 0.7689778 -0.6391349 0.01340639 -0.9182268 -0.3959527 0.009011864 -0.9182552 -0.3959894 2.18556e-4 0.4819738 0.8754578 -0.03570747 0.8229094 -0.56817 -0.001703381 0.8558809 -0.5169628 0.01474982 0.3145588 0.9491123 -0.01545286 0.7471519 -0.6646532 -5.13056e-4 0.7722196 -0.6351305 0.016918 0.02209317 -0.9996661 -0.01340514 0.351171 -0.9362014 -0.01435083 -0.8894936 0.456873 -0.008264422 -0.8892006 0.4567402 -0.02666401 -0.8965852 0.4427108 -0.01192963 -0.9705508 0.2403116 -0.01678287 -0.9706817 0.2403539 0.002657711 -0.05858135 -0.9978187 -0.03043323 -0.4924134 0.8703217 0.008318483 -0.2592368 0.9657804 0.00803709 0.8868311 0.4620179 -0.008387804 0.852881 0.5209094 -0.03531807 0.8868323 0.46204 -0.006892323 -0.8051597 -0.5929675 -0.01036429 0.8025915 -0.5965252 -0.00218755 0.02686119 -0.9991808 -0.03027087 0.02685743 -0.9990323 0.03483116 -0.02646934 -0.9996295 -0.006350934 -0.02640366 -0.9971204 0.07109004 -0.9357695 -0.3526051 -0.002272367 0.8896333 -0.4566124 -0.007606625 0.8870102 -0.4552841 0.07700318 -0.2582969 -0.9660101 -0.01035946 -0.2680748 -0.9632727 -0.01554661 0.7807309 -0.6248349 0.006376624 0.3647615 0.929789 -0.0494126 0 -0.9999961 -0.002801954 0 -0.9999961 -0.002808332 0 -0.9999998 7.74675e-4 0 -0.9992337 -0.0391426 -0.003443777 -0.999994 -3.58021e-4 0 -0.9999998 7.75374e-4 0 -0.9999998 7.73863e-4 0 -0.9999991 0.001435995 0 -0.999999 0.001432538 -5.40065e-4 -0.9999994 9.43612e-4 0 -0.999999 0.001430809 0.0313223 -0.9991291 -0.02756911 0 -0.9992336 -0.03914517 0 -0.9999991 0.001423895 0 -0.9999991 0.001437723 -0.8231466 -0.5677707 -0.008132517 -0.9614178 0.274666 -0.0153169 -0.9614474 0.2746645 -0.01336371 0.8533951 0.5212349 -0.005573511 0.873381 0.4866161 -0.02025508 0.8311051 0.5523455 -0.06464314 -0.8558802 0.5170251 -0.01241701 -0.8439618 0.536396 0.002810895 -0.8559463 0.5170339 0.005663394 -0.8901576 -0.4556507 0.001374125 -0.8872133 -0.4541605 -0.08118396 0.4550531 -0.8904617 -0.002214431 -0.551749 0.8336189 0.02554869 -0.4786934 0.8779753 -0.003460824 -0.01257914 0.9998896 -0.007924497 -0.01257157 0.9992806 -0.03578019 0.757196 -0.6527378 0.02424091 0.06237363 0.9980205 -0.008043825 -0.8408425 -0.5412744 0.002468645 -0.3100031 0.9506701 0.01116007 0.03220754 -0.9993997 -0.01276975 0.7325329 -0.6806381 0.01127964 0.08283096 -0.9959504 -0.03495794 0.08287864 -0.9965428 0.005800485 0.8145364 0.5800936 0.004668235 0.8145036 0.5800791 -0.009609758 -0.08167892 -0.9965948 -0.01128607 -0.1416661 -0.9897478 -0.01816445 -0.08143573 -0.9936516 0.07762038 -0.993824 0.1109681 -1.63532e-4 0.4169553 0.9086859 -0.02093708 0.8541011 -0.5164309 0.06172883 0.8557398 -0.5174025 0.00199455 -0.8149253 0.5760951 -0.06333428 -0.8165533 0.5772613 0.003162682 0.02817171 0.9995862 -0.005820691 0.02816671 0.9994082 -0.01974904 0.04500609 0.9988852 -0.01424884 -0.611075 0.7915354 0.00769782 -0.02785396 0.9955261 -0.09028905 -0.02796709 0.9995793 0.007697701 -0.9506679 0.3101949 -0.003134548 -0.950549 0.3101643 -0.0159648 -0.03838098 0.998752 -0.0319578 -0.03839868 0.9992165 -0.009590566 0.7062718 -0.707923 -0.005015552 0.5080357 -0.8610373 -0.02268159 -0.855886 -0.5163258 -0.02944344 -0.8562062 -0.5165085 -0.0114082 -0.9158601 -0.4009408 -0.02114123 0.7704015 0.6375587 -6.85682e-4 0.7684906 0.6359531 0.07061022 -0.8581147 -0.5134037 0.007477164 -0.8518436 -0.5235894 0.01472258 0.6785734 -0.7344546 -0.01070976 -0.6606279 0.7507136 -1.5308e-4 0.999359 0.01893234 -0.03038442 -0.3094168 -0.9509221 -0.00291872 0.649587 -0.7602669 -0.005578696 -0.7714074 0.6363294 0.00395292 -0.7712981 0.6362448 -0.0170868 -0.7499644 0.6606312 -0.033463 0.4695736 0.8828359 -0.01006925 0.6193439 -0.7850494 0.01052457 0.588028 -0.8088303 0.004069983 0.8158194 -0.5783054 0.001305401 0.815813 -0.5782927 0.005185902 -0.06511932 0.9978647 -0.005063414 -0.06511163 0.9977749 -0.01434379 -0.8749325 -0.4842208 -0.004833996 0.1416352 -0.9899072 0.004819869 0.07489067 -0.9969781 -0.02064675 -0.9375491 0.3466241 0.02921396 -0.9379397 0.3467726 -0.004246652 0.5601531 -0.8260684 -0.06196498 -0.1396718 -0.9896782 -0.0320757 -0.1395488 -0.9888117 0.05270349 -0.005185306 0.999986 0.001095473 0.9960505 0.08720403 -0.01670122 0.08656507 0.9954735 0.03923076 0.08657097 0.9955308 -0.03773605 -0.08597713 0.9952145 0.04643374 -0.08606088 0.9961746 0.01515948 0.7195412 0.686276 0.1062347 -0.8162987 -0.5776078 0.005063951 -0.8162961 -0.5776113 0.005093038 -0.8576761 -0.51401 -0.01362633 -0.1831275 0.9830859 -0.002530336 -0.3634995 0.9315943 -5.05489e-4 0.2304418 0.9720019 -0.04592263 0.5221853 0.8526427 -0.01797437 -0.8910831 -0.4537459 -0.009257078 -0.2791799 -0.9598894 -0.02590155 0.7692721 -0.6376478 -0.04032331 0.7664842 -0.6353453 -0.09401279 0.9725744 0.2303905 0.03192716 -0.08646142 0.9962492 0.003475666 -0.09271699 0.9956919 0.001147568 -0.09270316 0.9955353 0.01776623 -0.08317112 0.9965334 0.001937508 0.0432012 -0.9990301 -0.008520245 -0.7265662 0.6869686 -0.01325643 -0.7265858 0.6869823 -0.01133573 0.5340013 -0.8448525 -0.03266376 -0.8922044 -0.451612 0.004249811 -0.9132329 -0.4066604 -0.02516102 0.9981071 0.0584551 -0.01911669 -0.923204 0.3842778 0.005008935 -0.9232216 0.3842681 -7.27993e-5 -0.9328989 0.3601001 0.005257964 0.5590735 -0.8290565 -0.0101093 -0.9065493 -0.4220257 -0.007913053 -0.7699702 -0.6374422 -0.02852189 -0.7432222 -0.6684286 0.02870762 -0.7701653 -0.6376016 -0.01760029 0.1734432 -0.9848413 0.002293288 0.2025611 -0.9786043 -0.03609323 0.2026962 -0.9792407 0.001483142 -0.7000513 0.7140926 9.90684e-5 0.6149039 0.7840226 -0.08486372 -0.07242339 -0.9973729 0.001511156 0.1473559 0.9881979 0.04184782 0.1474792 0.9890322 0.00807929 0.7259819 -0.6874791 0.01796662 0.7956951 -0.6054524 -0.0172227 -0.1997509 -0.9773663 -0.06967496 -0.2002336 -0.9797281 -0.006277263 0.6763027 0.7295783 0.1016377 -0.1465106 0.9879703 0.04949194 -0.1466893 0.989174 -0.004156589 -0.363413 -0.9316176 -0.00444138 -0.3988226 -0.9169696 -0.0103631 -0.9207652 -0.3889888 -0.02965271 -0.1211733 0.992624 -0.003826081 -0.1211699 0.9926177 -0.005313932 0.5369234 -0.8435109 -0.01423722 0.6315994 0.7734085 -0.05405038 -0.6817367 0.7305186 -0.03972023 -0.7027029 0.7111911 -0.02039343 -0.6822509 0.7310671 0.008638083 -0.9344185 -0.3549774 -0.02921009 -0.4191403 0.9074769 -0.02840852 0.2653832 -0.9639667 0.01843667 0.2648748 -0.9621206 -0.06453979 -0.7261126 -0.6869913 0.02834773 -0.7261797 -0.6870812 0.02413523 0.2101774 0.977663 -7.16727e-4 0.2101383 0.9775004 -0.01829689 0.6799619 -0.7332292 0.005183637 0.679825 -0.7330778 0.02085411 0.6110973 0.7915124 -0.008262872 0.6303973 0.773916 0.0604434 -0.262521 -0.964707 0.020572 -0.2380036 -0.9691411 -0.06418734 -0.2092449 0.9777583 0.01432693 -0.2091884 0.9775075 -0.02682441 -0.9473448 -0.3201586 -0.006018936 0.5341892 0.838085 -0.110705 0.9949301 0.1000725 -0.00998795 0.9419506 0.3280562 0.07147222 -0.1504569 0.9886113 -0.003232777 -0.1504577 0.9886053 -0.004699707 0.4878944 -0.8729001 -0.002137899 -0.8636068 -0.5038521 0.01778841 -0.9584825 -0.2841905 -0.02339124 0.6723434 0.7402253 0.00457096 -0.7396904 0.6725612 -0.02279704 0.07832086 0.9969089 -0.006204426 0.3290683 -0.9442182 0.01289588 0.3290101 -0.944048 -0.02293068 0.3157411 -0.9487496 -0.01348942 -0.6334244 0.7738013 0.00227499 -0.6333321 0.7736918 0.0170685 -0.9686888 -0.2475562 -0.01892423 0.2739492 0.9616749 0.0115447 0.2728524 0.957823 -0.09014838 0.2345483 0.9720802 -0.006871223 0.6309884 -0.7755174 -0.02065098 0.6293521 -0.7770596 0.009725213 -0.01641935 0.9996771 -0.01939541 0.5790732 0.8152742 -0.001555204 0.5789437 0.8151336 -0.01952779 -0.6786918 -0.7327193 0.0500009 -0.6793727 -0.7334492 0.02247881 -0.9912595 0.1319001 0.002684175 0.9243785 0.3785789 0.04693067 0.05516695 -0.9984772 -1.44869e-4 -0.2730934 0.9619283 0.01067698 -0.2731038 0.9619625 -0.006534397 -0.4198215 -0.9072631 -0.02497768 -0.3259676 -0.9451646 0.02022194 -0.3260226 -0.9453139 -0.009539425 0.4896928 -0.8718951 2.18579e-4 -0.1805326 0.9835638 0.003198087 -0.1805319 0.9835665 0.002254545 0.7107152 0.702314 0.04048454 0.3927738 -0.9195823 -0.00986725 0.39279 -0.9196218 -0.003432273 0.5746058 -0.8182409 -0.01760399 0.5747023 -0.8183622 8.82416e-4 0.3380368 0.9411296 0.002501487 0.3380168 0.9410829 0.01038348 0.5228056 0.8524485 -0.002398371 0.5178647 0.8443946 -0.1371651 -0.5803462 0.8143504 0.00563538 -0.5802947 0.8142954 -0.01346755 -0.4768869 0.8789632 -0.00162369 -0.4193596 0.9073702 -0.02858257 0.4550153 -0.8890786 -0.05000573 0.4555808 -0.890166 -0.007121264 0.903218 0.4290925 -0.008775532 0.5328208 -0.8448261 -0.0486921 0.5165133 -0.8562777 0.001648068 -0.6277919 -0.7775056 0.03691017 -0.5322691 -0.8452408 -0.04751527 -0.6282183 -0.7780141 0.005988538 0.4014663 0.9158386 -0.00803852 0.4014719 0.915844 0.007084548 0.4633097 0.8860643 -0.01530849 0.4635699 0.8859264 -0.0154125 0.4633383 0.8861203 -0.01041305 0.5513146 0.8322933 -0.0577954 -0.3971984 0.9177018 -0.007550299 -0.337385 0.9413669 -9.64084e-5 -0.3373597 0.9413171 0.01052004 0.9895879 0.1437985 -0.006173849 0.7479084 0.6617243 0.05247825 -0.3897456 -0.9209213 -0.001564562 -0.3897467 -0.9209204 0.001835703 0.4643941 -0.8853464 -0.02235704 -0.5199909 0.8541601 -0.004488885 -0.5232875 0.8516941 0.02806049 -0.8302105 -0.5573653 0.009725034 0.8644269 0.487105 -0.1244791 0.8739445 0.4765315 -0.09559643 -0.1956056 0.9806424 0.008883953 -0.2113198 0.9774124 0.002982258 -0.2113227 0.9774157 -0.001205265 -0.401139 0.9159755 -0.008755445 -0.4061717 0.9137854 -0.004570245 -0.4011555 0.9160051 -0.003006756 0.7841714 0.6192623 0.03986907 -0.5698062 -0.8152953 -0.1030275 -0.5728546 -0.819657 -2.21146e-4 -0.4634773 0.886061 0.009205222 -0.4632608 0.8856558 0.03167629 -0.4077185 -0.9131066 0.00143975 -0.4522881 -0.8907278 -0.04516136 -0.4527233 -0.8915955 -0.009952783 0.8481043 0.5264092 -0.06010478 0.8184861 0.5745218 0.002263128 -0.5140905 -0.8577006 0.007792353 -0.5135842 -0.8568491 -0.04517787 -0.7794991 0.6264029 8.3567e-4 0.4380283 -0.8982796 -0.0350005 -0.2427614 0.9700562 -0.0076074 -0.2427659 0.9700804 -0.002943456 -0.4784728 -0.8781003 -0.001859784 -0.002467274 -0.9999744 -0.006736576 -0.5354537 0.8444935 0.01096272 0.9816685 0.1893946 -0.02137368 0.4108365 -0.9109459 -0.03729671 -0.7912413 -0.6111194 -0.02168786 0.04723715 0.02482664 0.9985752 -0.2227255 0.9748811 -4.42024e-4 -0.2747811 0.9614858 -0.006367981 -0.3151816 0.9490057 0.006974697 -0.2747886 0.9615 -0.002996861 0.06031095 -0.9981673 0.004980325 0.3827725 -0.9233898 -0.0289213 -0.8181716 0.5749469 0.005612134 -0.02895301 0.9995085 -0.01202654 -0.03822851 0.999269 4.4496e-4 -0.5941445 0.8043209 0.007772028 -0.3072795 0.9516152 0.002812981 -0.3072754 0.9516158 0.003047049 0.3538127 -0.9352563 0.01060551 -0.538155 -0.8427866 -0.01000928 -0.5727935 -0.8195184 -0.01724529 -0.08897376 -0.9960338 6.81334e-4 0.9706739 0.2366641 -0.04221636 0.9904819 0.1350918 -0.02638041 -0.7471427 -0.6646533 0.003736019 0.3238528 -0.9460936 -0.0051229 -0.3401331 0.9403664 -0.004543125 -0.3401389 0.9403733 -0.001941859 -0.6486889 0.7609738 -0.01103782 -0.8656821 0.5001426 -0.02126199 -0.2885255 -0.9571736 -0.02391391 0 0.9999935 -0.003623604 0 0.9999935 -0.003621459 0 0.9999935 -0.003623425 0 0.9999244 -0.01230156 -0.007364571 0.9999461 -0.007318019 0 0.9999244 -0.01229977 0 0.999998 0.002052009 0 0.9999929 -0.003808856 1.39266e-4 0.9999931 -0.00371766 0 0.9999935 -0.003620326 0 0.9999244 -0.01230406 0 0.9999929 -0.003808975 0 0.9999979 0.00206393 0.293026 -0.9560164 -0.01297599 -0.6974961 -0.7165122 0.01046729 -0.3732489 0.9276984 -0.007803559 -0.3732426 0.9276761 -0.01035445 0.2614806 -0.9651247 -0.01273542 -0.5977461 -0.8009793 -0.0336427 0.9576539 0.2856056 -0.03644901 -0.9989132 0.03495717 0.03082966 -0.6429081 -0.765929 0.004689037 0.1881172 -0.9820019 0.01686424 0.2292769 -0.973352 -0.004247188 0.09539854 -0.9950239 0.0287519 0 -0.9999517 -0.009842097 0 -0.9999999 5.32318e-4 0 -0.9999516 -0.009839177 0 -0.9999999 5.30513e-4 0 -0.9999999 5.28707e-4 0 -0.9997698 0.02146232 0 -0.996461 0.08405739 0 -0.9999517 -0.009836196 -0.01262718 -0.999913 -0.003811359 0 -0.9997695 0.02147388 0 -0.9997695 0.02147376 0 -0.9997696 0.02146458 -0.01848 -0.9998282 0.001467764 0.09734523 0.9952502 0.001009047 -0.8893551 0.4572132 -0.001913785 -0.007819175 -0.9999418 -0.007430136 -0.9876537 0.1566535 2.07643e-5 -0.976119 0.2163257 -0.0198729 -0.6850662 0.72845 -0.006697118 -0.6634266 0.7479549 -0.02070444 0.06824225 -0.9976668 0.002005755 -0.9941911 0.1064267 0.01604825 -0.3457508 -0.9372045 -0.04586952 -0.9997328 -0.02289104 -0.003247976 0.9418876 0.33592 -0.002367258 -0.9200273 0.3917214 0.01020359 -0.007582008 -0.02113437 0.999748 -0.9837542 0.1789849 -0.01386255 -0.9764814 0.2127783 -0.03477919 -0.9464315 0.3228493 0.005983829 -0.7212 0.6926863 0.007505595 -0.9677386 0.2515174 -0.01486796 0.6039918 0.7961279 0.037072 -0.04303562 0.9990414 -0.008008778 0.9440862 0.3295394 -0.01025295 -0.99748 -0.07046276 -0.008294522 -0.7566908 0.6536668 0.01179081 0.898986 0.4379742 0.00168848 -0.3692013 -0.9270282 -0.06564474 0.8720791 0.4887534 0.02446091 -0.7909242 0.611328 -0.02677786 -0.97968 0.1977634 -0.03342026 0.08259588 -0.9965823 -0.001286983 0.8820821 0.4709305 0.01247507 -0.0137856 -0.9998567 -0.009842872 -0.2705939 0.9626578 -0.00831139 0.8089872 0.5877431 -0.00989896 -0.992742 -0.120263 5.58465e-4 -0.8241185 0.5663517 -0.008639037 -0.8189582 0.5738534 2.5417e-4 0.7802447 0.625465 -0.003426074 -0.9675476 0.2525619 -0.008013963 -0.8550985 0.5184472 -0.004371881 -0.9515443 0.307498 0.00293982 -0.9216856 0.3879266 -0.002946734 -0.10912 -0.9940155 -0.005106031 -0.8835353 0.4680626 -0.01681929 -0.8848356 0.4656669 -0.01484787 -0.9317445 0.3619686 -0.0288285 -0.9094164 0.4158318 -0.006773412 -0.9850943 -0.1720141 -8.04784e-4 0.7507983 0.6604934 -0.00709933 -0.395566 -0.91842 0.005687475 -0.05894517 0.998229 -0.008023381 -0.1999421 -0.9796513 -0.01750862 0.1203452 0.9926942 -0.008678972 0.7185673 0.6952463 -0.0171352 -0.9587867 -0.2816475 -0.03745347 -0.974174 -0.2254216 -0.01305407 0.9996919 -0.01412409 -0.02041721 0.9843035 0.1707866 -0.04448133 0.9939545 0.1082662 -0.01824551 0.1158391 -0.9932661 -0.001989364 0 -0.9999312 -0.01174026 0 -0.9999308 -0.01176208 0 -0.9998031 -0.01984083 0 -0.9998033 -0.01984 0 -0.99847 -0.05529767 0 -0.9999312 -0.01173305 0.004190266 -0.9998523 -0.01667153 0 -0.9998033 -0.01983475 0 -0.9998032 -0.01984167 0 -0.9998027 -0.01986265 0 -0.9984703 -0.05529236 0.02631467 -0.9984979 -0.04805856 -0.2454435 -0.9694078 -0.002477049 0.6837124 0.7295724 -0.01617246 -0.9592504 -0.2798937 -0.03870934 -0.02050977 -0.9996873 -0.01431554 -0.3005633 -0.9534396 -0.02479368 -0.3378304 -0.940717 -0.03036946 0.9989168 -0.04342055 -0.01673507 0.999639 -0.02317136 -0.01359856 0.6297608 0.7767876 0.001598536 -0.2918216 -0.9564694 0.002556145 -0.422888 -0.9060241 0.0169205 -0.942021 -0.3354275 -0.009212374 0.2776993 0.9597451 -0.04210221 -0.7590793 -0.6463366 0.07776731 -0.7231078 -0.6867275 0.07429945 0.6061533 0.7953476 7.37697e-4 -0.3387536 -0.9408706 -0.002939701 0.327213 0.9448059 0.01654475 -0.9203794 -0.390886 0.01048821 -0.7979797 -0.6007118 0.0487222 0.5637006 0.8259773 0.001764714 0.484284 0.8746931 0.01952224 -0.8343564 -0.5509557 0.01724547 -0.8949211 -0.4457832 0.01984298 0.3741815 0.9207389 0.1105808 -0.6889223 -0.7235237 0.04358404 -0.8339356 -0.5516854 -0.0139563 -0.8610117 -0.4966807 -0.1093949 0.5184973 0.8535839 0.05054807 0.9971444 -0.07413017 -0.01441675 -0.4190865 -0.9071179 -0.03877854 0.4251589 0.9051069 -0.004619836 0.4727582 0.8809986 0.01847773 -0.6515008 -0.7584857 -0.0156942 -0.07692635 0.995613 -0.05326455 -0.1030484 0.9944764 -0.01994317 -0.4327588 -0.9010273 -0.02949017 -0.6080129 -0.7872131 -0.1030345 -0.4793487 -0.8775997 -0.006606161 0.1352435 -0.9908117 0.001269876 -0.5688859 -0.822348 0.01061409 -0.5248211 -0.8511854 0.006818354 -0.4521085 -0.8916773 0.02257227 -0.3290387 0.9440869 -0.02082228 0.9943248 -0.1062818 -0.004740059 -0.7052556 0.708377 0.02857673 -0.7055199 0.7086431 0.008163452 -0.7281091 0.6854324 -0.006305038 -0.7281121 0.6854317 -0.006017625 -0.0172348 -0.9997872 -0.01133859 -0.7456358 0.6658388 -0.02619051 -0.7458461 0.6660578 -0.008984386 -0.9076145 0.4197304 -0.007892787 -0.9076395 0.4197505 -2.61818e-4 -0.7627101 0.6455873 -0.03860616 -0.763253 0.6460563 -0.007490515 -0.68565 0.7278732 -0.009214162 -0.6855612 0.7277575 -0.01936286 -0.8960656 0.4437713 -0.01155835 -0.8961246 0.443789 0.003498435 -0.7795299 0.6248789 -0.04312235 -0.790051 0.6130391 0.001603901 -0.1341325 -0.9908054 -0.01769733 -0.8838012 0.4676618 0.01371067 -0.8838431 0.4676497 0.01118397 -0.7961363 0.6038141 -0.03969323 -0.7802484 0.6254233 0.007634222 -0.7967752 0.6042751 0.001015603 -0.870781 0.4912563 -0.02019935 -0.8709537 0.4913646 -8.19121e-4 -0.8911854 0.4536185 0.004348218 -0.8213875 0.5699559 -0.02174997 -0.812759 0.5825966 -0.002010941 -0.8567315 0.514351 -0.0381326 -0.8573418 0.5147463 -0.001170277 -0.8127586 0.5825839 0.004443287 -0.8282206 0.5604006 -0.001415133 0.9929443 -0.1185708 0.001681089 -0.8424229 0.5373299 -0.0400055 -0.8409602 0.5410925 0.002194821 -0.8431121 0.5377361 0.001393735 -0.6647108 0.7470084 -0.0117467 -0.6643062 0.7465832 -0.03620594 -0.4834122 -0.8751188 0.02190411 0.1485857 0.9879712 -0.04284119 0.1108433 0.9937936 0.009392082 -0.6427637 0.7660193 -0.008321583 -0.6422353 0.765361 -0.04191178 -0.9997937 0.02031093 5.42691e-4 0.984592 -0.1747419 -0.006642699 0.156856 -0.987593 0.007498443 -0.6197503 0.7847981 0.001259505 -0.6193502 0.7842842 -0.03610467 -0.09773677 0.9944443 -0.03909051 -0.9980669 0.06197583 -0.004635214 -0.5955821 0.8031107 0.01718103 -0.5955645 0.8030968 -0.01839673 -0.3823147 0.9239503 -0.01230996 0.9774773 -0.2110071 -0.003781914 -0.5705087 0.8212102 0.01155889 -0.5705546 0.8212513 -0.003704905 -0.6027315 0.7978715 0.01075458 -0.9943107 0.1049612 -0.01814639 -0.03685086 -0.9993203 -9.78956e-4 0.9843451 0.1703587 -0.04519492 -0.5444151 0.8387593 -0.009754896 -0.544346 0.8386359 -0.01942855 -0.5168181 -0.8559798 0.01406341 -0.4210733 0.9069024 -0.01500999 0.03119194 -0.02111798 0.9992904 -0.5173391 0.8557167 -0.01046073 -0.5172455 0.8555991 -0.020186 0.9686304 -0.2485013 0.001534938 -0.9888057 0.1491485 -0.004261791 -0.4893883 0.8720473 -0.005712747 -0.4893562 0.8719682 -0.0142219 -0.4605529 0.8876312 -0.001387417 -0.4605504 0.8876168 0.005475401 -0.4594368 0.8881965 0.004983961 -0.4601436 0.8874352 -0.02696019 -0.9809675 0.1941717 -4.12494e-4 -0.4309409 0.9023746 -0.003184318 -0.4309379 0.9023813 -7.29628e-4 -0.4480837 0.8939646 0.006952106 -0.4006233 0.9162111 -0.007634401 -0.4006205 0.9162049 -0.008485794 0.9578884 -0.2871257 -0.00293529 0.1810948 -0.9834613 -0.002947568 -0.3166671 -0.9480618 -0.03001481 -0.4993603 0.8655474 -0.03830254 -0.9707931 0.2398161 -0.007014453 -0.9580763 0.2857658 -0.02068227 -0.8349227 0.5501506 -0.01544332 -0.5390121 0.8422122 -0.0120266 -0.552296 -0.833646 -0.001906216 0.9451144 -0.3267328 -0.002164423 -0.9432321 0.3317762 -0.01542443 -0.8606725 0.5091198 0.006332159 -0.925674 0.377307 -0.02769666 -0.8844149 0.4663907 0.01702785 -0.8338177 0.5519021 -0.01233989 -0.1217741 0.9919055 -0.03598022 -0.5779947 0.8160076 0.007333815 -0.8158955 0.5779356 0.017466 -0.9061895 0.4223807 0.02037733 -0.7052641 0.7082704 0.03091216 -0.786902 0.6157913 0.0398308 0.9301307 -0.3671259 -0.008682012 0.9414017 -0.337287 -5.30559e-4 -0.6494362 0.7519775 -0.1129713 -0.7562521 0.6531727 0.0380544 -0.6891297 0.7235966 -0.03883725 -0.7241112 0.6895812 0.0118668 -0.1658849 -0.9853396 -0.03985285 -0.1634043 -0.985839 -0.03769034 -0.04690307 -0.9988992 7.45312e-4 0.9128656 -0.4080927 -0.01169782 0.6611874 -0.7500075 0.0178889 0.1840926 0.9808568 -0.0634821 -0.5895623 -0.8072723 -0.02698057 0.8933092 -0.4493979 -0.006341278 0.662827 0.7462486 0.0614283 0.9991201 -0.03217411 0.02690815 0.8751032 -0.4838296 -0.01016581 0.8590489 -0.5116756 -0.0149337 0.703722 0.7072265 0.0678687 0.9945457 -0.099258 -0.03204262 -0.6394807 -0.7650747 -0.07566493 0.8416689 -0.5397858 -0.01500451 -0.1497829 0.9876079 -0.04686087 0.7113358 -0.7027933 0.009106576 0.8228815 -0.568122 -0.01017141 0.7451249 0.6639424 0.06300312 0.9957879 -0.08945351 -0.02011179 0.9855055 -0.1694275 0.008562028 -0.05860066 -0.9982815 3.18891e-4 0.8025849 -0.596526 -0.00379461 0.8057789 -0.5922141 -0.001774907 0.8048563 -0.5894537 -0.06892627 0.9700706 -0.2415951 0.02439129 -0.6279354 -0.775779 -0.06216287 0.7806971 -0.6248134 -0.01097422 0 -1 3.07784e-4 0 -0.999495 -0.0317775 0 -0.9994955 -0.03176331 -0.001121759 -0.9999994 -3.44649e-5 0 -0.9999991 -0.001335501 0 -1 3.02094e-4 0 -1 3.07798e-4 0 -1 3.10644e-4 0 -1 3.04948e-4 0 -0.9994957 -0.03175812 0 -0.9994953 -0.03176796 0.7863255 0.6161081 0.04585909 0.8417224 -0.5219069 -0.1382632 0.7573601 -0.652888 -0.01195675 0.9486989 -0.3147463 0.03008717 0.8658136 -0.4471808 -0.2244913 0.9975712 0.03281539 0.0614404 -0.9906538 -0.02298533 -0.13445 0.7325789 -0.6806816 -8.44924e-4 0.7256838 -0.6880097 -0.005079269 0.9214748 -0.3876242 0.02513903 0.8109819 -0.5847167 -0.02036535 0.8261168 0.5632826 0.01561731 0.7062581 -0.7078931 -0.009329915 0.6785686 -0.7344627 -0.01045167 0.992075 0.1002051 0.07580298 0.6496001 -0.7602654 -0.004063069 -0.7124301 -0.7017067 -0.007152795 -0.9933414 -0.07084047 -0.09085547 0.8625785 0.5051424 -0.02810013 0.6192494 -0.784969 -0.01881122 0.6835263 -0.7296413 -0.02038407 0.5879908 -0.8087811 -0.01184266 0.9831443 0.1693809 0.06882941 0.9068921 0.4050295 -0.1161808 0.8822571 0.4361777 -0.17712 -0.117541 0.9930197 0.009810566 0.2301663 0.971014 -0.06446218 0.9700623 0.2395992 0.03963989 0.9225989 0.3761847 -0.08541858 -0.9832374 -0.1720282 -0.06041961 0.9508544 0.3094024 -0.01208722 0.5591019 -0.8290989 -1.12597e-5 -0.07242655 -0.9973697 -0.002846539 -0.7551132 -0.6551871 0.02310818 -0.9714863 -0.2243957 -0.07655799 0.536911 -0.8434699 -0.01688909 -0.9541106 -0.2766726 -0.1145668 0.5137633 -0.8577636 -0.01699805 0.5771955 -0.8165348 -0.01078331 -0.7750901 -0.6309812 0.03313839 -0.9601203 -0.2620016 -0.09759271 0.4570648 -0.8894191 -0.005068004 0.4896494 -0.8718109 -0.01375877 -0.8090386 -0.5862299 0.04232037 -0.9422862 -0.3319516 -0.04364544 0.4645046 -0.8855706 5.04886e-4 -0.8412114 -0.5390099 0.04279857 -0.9225495 -0.3857711 -0.009117841 -0.8712388 -0.4896546 0.0343725 -0.8985947 -0.4384493 0.01702296 0.4382665 -0.89876 -0.01236742 0.4110366 -0.9114241 -0.01884084 -0.2227314 0.9748652 0.005345642 0.3828632 -0.9236165 -0.0186668 0.353819 -0.9352413 -0.01165717 -0.08896869 -0.9959886 -0.009556889 0.3205974 -0.9472044 0.004609704 0.3238679 -0.9460995 0.002357184 0 1 3.56933e-4 0 0.9993074 -0.03721415 0 0.9993075 -0.03721016 0 0.9999904 -0.004406213 0 0.9999904 -0.004403173 0 0.9999904 -0.004406929 0 1 3.63937e-4 0.006255626 0.9999729 -0.003865301 0 1 3.56938e-4 0 1 3.63942e-4 0 1 3.60442e-4 0.2930438 -0.9560874 -0.004725158 0.2614924 -0.9651526 -0.01010745 0.2292705 -0.973308 -0.0103299 -0.9992606 -0.0228877 0.03089612 -0.9969583 -0.07044684 0.03333979 -0.2705937 0.9626913 -0.002130568 -0.9926108 -0.1202425 0.01629972 -0.1091082 -0.9938086 -0.02097678 -0.06869363 -0.9976076 0.007769048 -0.9850404 -0.1720063 -0.01046007 -0.1999049 -0.9793537 -0.03007072 -0.9742574 -0.2254388 2.19212e-4 0 -0.9969176 0.07845652 0 -0.9969176 0.07845741 0 -0.9969177 0.07845485 0 -0.9999746 -0.007137477 0 -0.9999746 -0.007133662 0 -0.9999746 -0.007133543 0 -0.9969208 0.07841485 -0.02623647 -0.9996268 0.0076195 0 -0.9969159 0.07847738 0 -0.9969192 0.07843655 0 -0.9969178 0.0784533 -0.2451055 -0.9680253 -0.0533896 -0.9599702 -0.2800802 0.003540992 -0.2918 -0.956463 -0.005589842 -0.9413315 -0.3351521 -0.03960067 -0.7566895 -0.6442477 -0.1112025 -0.7230811 -0.6907516 -0.00402528 -0.7246602 -0.6882768 -0.03380537 -0.3387507 -0.940849 0.007149219 -0.9200903 -0.390792 -0.02675002 -0.7989138 -0.6014455 -3.44391e-4 -0.8947039 -0.4456622 -0.02983933 -0.6895072 -0.7241014 0.01603174 -0.8340234 -0.5517088 -0.0047338 -0.8660992 -0.4996336 -0.01544219 -0.8927596 -0.4494533 -0.03118234 -0.3858748 -0.9224334 0.01474124 -0.6509466 -0.7578392 0.04413926 -0.4328767 -0.9012935 0.01696801 -0.6105167 -0.7904402 0.04973816 -0.4781594 -0.8754059 -0.07090896 -0.5686154 -0.8219649 0.03240954 -0.5248128 -0.8511806 -0.007967472 -0.3290822 0.944295 0.00345546 -0.2785766 0.9604049 -0.004194498 -0.1341578 -0.9909395 -0.00636959 -0.9997294 0.02034044 0.01128923 -0.9978511 0.06197214 -0.02127653 -0.3823593 0.924002 0.004652738 -0.998941 0.045879 -0.003484606 -0.9944206 0.1049986 -0.01015365 -0.4638246 0.8858789 -0.009242296 -0.9886301 0.1490806 -0.0196352 -0.4602978 0.8877083 -0.009995579 -0.9803984 0.1940908 -0.03388023 -0.499711 0.8661659 -0.006747901 -0.9694668 0.2394395 -0.05294448 -0.9582554 0.2858226 -0.0072245 -0.8301151 0.5469883 -0.1082262 -0.581269 0.8135396 -0.01673036 -0.5390375 0.8422367 -0.008723735 -0.9431663 0.3317331 0.01976156 -0.8596837 0.50854 -0.04828107 -0.9256315 0.3772913 0.02928626 -0.8845443 0.4664307 -0.004873931 -0.8053981 0.570471 -0.160925 -0.5779212 0.8159023 -0.01762509 -0.9061862 0.4223527 0.02109253 -0.6162602 0.7874437 -0.01248747 -0.7627429 0.5969783 -0.2486773 -0.6535633 0.7567672 -0.01258867 -0.7567449 0.6535345 -0.0151664 -0.7236853 0.689211 -0.03560763 -0.6883919 0.72284 -0.06015706 -0.1659805 -0.9859928 -0.01639252 -0.006532728 0.003453135 0.9999727 -0.999929 0.01164662 0.002554357 -0.004389286 0.9998047 0.01927167 -0.9358428 0.3524178 5.06728e-4 -0.03235226 0.9994752 0.001634359 -0.8473658 0.530982 0.005433738 -0.01407647 0.9994043 0.03151243 -0.7197303 0.6940774 0.01564621 -0.4628362 0.8863035 0.0157814 -0.2965584 0.9546055 0.02795505 0.02659887 0.999617 0.007648348 0.3140759 0.9492937 0.0140621 0.4566408 0.8896389 0.004686653 0.5963764 0.8025987 0.01305812 0.6987556 0.7153367 0.005828559 0.7979593 0.6027064 -0.002438426 0.9821444 0.1880145 0.006574749 0.9972149 0.072833 0.01605719 0.999929 -0.002188146 0.01172161 0.9961068 -0.08783686 0.007495224 0.9833656 -0.1813939 0.009411931 0.9601694 -0.2789795 0.01565557 0.9201899 -0.3913091 0.01129978 0.8484339 -0.5292505 0.007349491 -0.9948726 0.0977357 0.02600401 0.760886 -0.6488849 0.001048922 0.6370463 -0.7707731 -0.009003996 0.4263551 -0.9045491 -0.003513991 0.2464349 -0.9691538 0.00327146 0.08668738 -0.9961472 0.01327079 -0.03145647 -0.9994922 0.005109071 -0.2027599 -0.9792283 -7.78562e-4 -0.3641384 -0.9313244 -0.006170332 -0.5161609 -0.8564714 0.005899846 -0.810024 -0.585828 0.02582132 -0.8733341 -0.4870851 -0.005968928 -0.9450246 -0.326973 -0.004152774 -0.7361263 -0.6742627 0.05906015 -0.9962574 -0.086389 0.002874612 -0.008117854 0.9998036 -0.01808327 -0.1338145 0.9899229 0.04633027 -0.4270288 -0.9031655 0.0440281 -0.4570047 0.8879252 -0.05230259 -0.6951709 0.7175397 0.04329144 -0.8735248 0.484607 -0.04594254 -0.9734543 0.2258481 0.03714126 -0.9955371 0.090029 0.02829784 -0.9853795 -0.1673341 0.03204178 -0.9457237 -0.3229255 0.03641355 -0.01581424 -0.9994466 0.02926379 -0.003912746 -0.9994617 0.03257203 0.09490215 -0.9944911 0.04450827 0.4219308 -0.90602 0.03320205 0.6417351 -0.7667643 0.01577246 -0.9893864 0.1135726 0.09064167 0.8601668 -0.5061234 0.0628677 1.67715e-4 0.9998306 0.01840573 0.9980001 -0.06090986 0.01690548 0.03676539 0.999059 0.02300751 0.9453355 0.3240869 0.03617739 0.9999513 -4.4215e-4 0.009858548 0.7491202 0.6624339 5.50715e-4 0.9999589 2.02022e-4 0.009061932 0.5722943 0.8200004 -0.008876085 0.999878 -0.001000046 0.01559513 0.4903447 0.8710085 0.03010797 0.3039093 0.9518377 0.04055148 0.9998793 0.001251101 0.01549333 0.999787 -0.001525163 0.02058458 0.06624358 0.9971458 0.0362215 0.9999513 6.82381e-4 0.009845435 -0.9999213 -3.9456e-4 0.01253843 -0.9999999 0 -4.75926e-4 -0.9999335 -5.78906e-4 0.01152473 0.9998658 -9.5828e-4 0.01635962 -0.9998586 0.003691017 0.01641368 -0.999988 -0.002044975 0.004452764 -0.9999938 3.60275e-4 0.00352925 0.9999238 4.2892e-4 0.01234006 -0.9997652 -0.00210303 0.02156871 0.9999826 0.003130435 0.005014538 -0.9999904 7.19867e-4 0.004331886 -0.999745 0.003649711 0.02228766 -5.64762e-4 0.9997071 0.02420139 0.9992987 0.01817792 0.03273928 0.9976635 0.06226503 0.02811872 -0.001699626 0.999689 0.02488327 0.002377748 0.9998715 0.01585781 0.02938288 0.9994927 0.01228749 0.9861663 0.1633803 -0.0279839 -0.9618155 -0.262463 0.07761514 0.1398165 0.9883009 0.06093251 0.4844253 0.8748288 -0.002610981 0.8643503 0.4996262 0.05720549 0.7658599 0.6429736 0.006618082 0.8820886 0.4709323 0.01194566 0.9743067 0.2252007 -0.003344058 0.5958962 0.8014135 0.05142194 0.9994857 0.01978689 0.02523988 0.993538 -0.1112302 0.02258616 0.9718381 -0.2344652 0.02360022 0.1309128 0.989867 0.05500257 0.8419907 -0.5365425 0.05633664 0.7138755 -0.7002317 0.007572948 0.5915766 -0.8054304 0.03632116 0.4405719 -0.8975564 0.01699864 -0.9999949 0.001078963 0.003003656 -0.9999947 -7.41766e-4 0.003173172 -0.1973754 0.9800527 0.02323722 0.3200358 -0.9474016 0.002717196 0.06054461 -0.9981552 0.004560232 0.01186573 -0.9996718 0.02270966 -0.8278199 0.5609402 0.007779181 0.01018309 -0.9999443 0.00277543 -0.8992809 0.4354404 0.04105865 -0.9709847 0.2342612 -0.04806691 0.999879 -0.008598446 0.01297724 -0.9780313 0.2076978 0.01778995 0.9998337 0.001366078 0.0181902 0.9995096 -7.18502e-4 0.03130668 -0.9959845 0.08821433 0.01526671 3.53099e-4 -0.9998649 0.016438 -0.9990998 0.03226751 0.02754259 0.9997797 -0.01783704 0.01106959 -0.9997595 0.009453177 0.01979178 -0.9999528 7.18318e-4 0.009693562 -0.9998542 -0.001234292 0.01703834 0.9999327 0.004318237 -0.01077103 -0.9999437 8.57667e-4 0.01057344 0.01569539 0.999508 0.02715688 -0.9998503 -0.001426994 0.01724404 -0.9999533 9.65967e-4 0.009622871 -0.9998768 -0.001131355 0.01566392 -0.9999443 0.001430511 0.0104627 -0.00564593 0.9995803 0.02841395 -0.9998256 -0.002015233 0.01856678 -0.09037125 0.9959059 -0.002130031 -0.04789823 0.9986688 -0.01914364 -0.4595739 0.8876834 0.02846372 -1.30987e-4 0.999822 0.01887124 8.82882e-4 0.999938 0.01111358 0.005101799 0.999928 0.0108667 0.9982665 0.05527222 -0.02022624 0.9999003 0.002572774 0.01388764 0.9996886 5.37601e-5 0.02495485 0.9998936 -9.87072e-4 0.01455587 -0.991625 -0.1144486 -0.05984508 0.9998419 -1.13522e-4 0.01778155 -0.8833939 -0.4663717 0.04596388 0.9999601 4.42377e-5 0.008947253 0.9999132 6.84936e-4 0.01316297 -0.6406703 -0.7666458 0.04237896 0.9999476 -5.11739e-4 0.01022535 0.9998613 -3.92204e-4 0.0166499 -0.4218193 -0.9065605 -0.0147227 0.9997693 -0.01387071 0.01639962 0.9991362 -0.03787153 0.01710897 0.997646 -0.06825363 0.006633281 -0.02991241 -0.9992741 0.02359443 0.9904417 -0.1371831 0.01435375 0.04100012 -0.9988202 0.02602565 0.9661131 -0.2581081 0.0024001 0.06851398 -0.9976459 0.002907872 -0.9998823 -4.77389e-4 0.01534044 0.154583 -0.9878506 0.01597833 -0.09265321 0.9952182 0.03092163 -0.9999504 7.59006e-4 0.009935617 0.8843269 -0.4668647 0.001811087 -0.9999942 4.92949e-4 0.003412604 -0.09877467 0.9948879 0.02101838 0.7730374 -0.6343603 4.65441e-4 -0.7463301 0.6655467 -0.00625813 -0.5811312 0.8137055 0.01304239 -0.6300477 -0.7730355 0.07386511 -0.3320725 -0.9432444 0.004252612 -0.4338468 -0.900983 -0.002547979 -0.671931 -0.7405696 -0.008095085 -0.003854572 -0.999918 0.01221585 -0.06022483 -0.9979705 0.02068942 -0.5616592 -0.8272358 0.01483041 -0.6571803 -0.7533718 0.02334904 0.4412081 0.8971532 0.02124887 -0.9792698 -0.2015697 0.02001309 -0.9998611 -0.006702363 0.01526325 -0.9999855 1.31326e-4 0.005397439 -0.9999164 -9.99518e-4 0.01289427 -0.9997999 -0.00117594 0.01997029 -0.9998963 9.78487e-5 0.0144028 -0.1522084 0.988287 0.01102012 0.4860705 0.8670268 -0.1095458 0.9571433 0.2877997 0.03237277 0.6719192 0.7402061 0.02489292 -0.926265 -0.3767053 0.01124352 -0.06476151 0.9975763 0.02544635 0.6680818 -0.7439368 0.01499402 -0.8714851 0.4900181 0.01990282 -0.9780195 0.2057734 0.03369539 0.8480755 0.5259059 0.06473827 -0.24851 -0.9680953 0.03216177 -0.2398218 -0.9704794 0.0255993 -0.2719444 -0.962049 0.02254277 -0.5541529 -0.8324059 0.003894031 -0.797977 -0.6026755 0.003888309 -0.974108 -0.223649 -0.03308492 -0.998721 -0.05034178 0.004717826 -0.9920158 0.1238377 0.02385151 -0.9498167 0.3126816 0.008871495 -0.8657549 0.5003143 -0.01241242 -0.7384297 0.6742643 -0.009458839 -0.3792703 0.9252676 -0.005831539 -0.2205515 0.975354 -0.006470859 -0.09517073 0.995424 0.00858879 -0.008860707 0.9999322 0.007558584 0.07734954 0.9967499 0.02251493 0.1652747 0.9861117 0.01637363 0.275183 0.961387 0.003081798 0.4079474 0.9130035 -0.001875042 0.5891709 0.8079758 -0.007262468 0.7480768 0.6635324 0.01028949 0.9291513 0.369543 -0.0107643 0.9732221 0.2296538 0.009899139 0.02891355 -0.9991882 0.02805227 -0.1001398 0.9947717 0.0200321 0.05257564 -0.9981809 0.02950745 0.0287491 -0.9995226 0.01132112 -0.9605997 -0.2777048 0.01131987 -0.5822741 -0.8122993 0.03356885 -0.3985895 -0.9170646 -0.01091271 -0.2662981 -0.9635503 0.02561414 -0.1420542 -0.9896367 0.02097803 0.8168077 -0.5769097 -7.02105e-4 0.391616 0.9189522 -0.04651546 -0.02278858 0.9995589 0.01904672 0.3077566 0.9514514 -0.005104601 -0.9999489 -0.01009494 6.39667e-4 -0.01647496 -0.9998643 -8.4072e-5 0.2591574 0.9655935 0.02160066 0.02114975 0.9997755 0.001237511 0.9998396 0.01790875 -5.07084e-4 0.2368185 0.9715368 0.005779027 0.006409227 0.9999393 0.008959054 0.2684127 0.963051 0.02208298 -0.02504664 0.999684 0.002164006 -0.9999177 0.01236659 0.00343573 0.3127518 0.9496088 0.02072775 -0.01753139 0.9998439 0.00221616 0.03096473 0.9994922 0.007518291 0.9998839 0.01491779 0.003133833 0.5024368 0.8645374 -0.01151007 0.005313038 -0.9998673 0.01540118 -0.02689254 -0.999305 0.02581459 -0.9998657 -0.01536571 -0.005717575 0.6507723 0.7578644 0.04622679 -0.9998058 -0.01837164 0.007140696 0.7868348 0.6171231 0.007080793 0.006920278 -0.9999094 -0.01154881 0.9996352 -0.02141094 0.01646608 -0.9998294 8.54738e-4 0.01845639 -0.9973946 -0.05728715 0.04384434 -0.9999371 -1.36808e-4 0.01121652 -0.9999371 1.14749e-4 0.01121634 -0.9999379 -1.04841e-4 0.01115399 -0.999938 1.84508e-4 0.01114523 -0.9999665 -1.19986e-4 0.008199334 -0.9999665 4.79578e-5 0.008195102 -0.99993 -0.001707136 0.01171016 -0.9999371 0.004868626 0.01011633 -0.9998908 0.001829385 0.01466512 -0.9998933 0.002260863 0.01443386 -0.999906 -3.48708e-4 0.01370805 -0.9999067 2.1672e-4 0.01366496 0.9778285 -0.2070947 0.03103846 0.9616394 -0.2742514 0.005983948 -0.9998745 -0.00224322 0.01568329 -0.999961 0.003081917 0.008283853 -0.9998974 0.004605054 0.01356923 -0.9998902 0.001994132 0.01469147 -0.9999595 -3.63898e-6 0.009002685 -0.9999597 1.48547e-4 0.008987784 -0.9999836 -7.99894e-5 0.005725264 -0.9999837 8.87158e-5 0.005715608 -0.9999539 -1.06142e-4 0.009608983 -0.9999539 6.85184e-5 0.009612381 -0.999154 0.04104048 -0.002684056 -0.001820862 0.9999594 0.00883913 -2.01186e-4 0.9998023 0.0198847 0.3255904 -0.9454988 0.004799187 1.67002e-4 0.9998678 0.01626002 0.2067656 -0.978343 0.00964123 0.1135458 -0.9935238 0.004227936 0.00115925 0.9996834 0.02513611 0.03611671 -0.9993128 0.008338689 0.001845121 0.9996055 0.02802538 0.01105558 0.9996995 0.02187937 -0.2766461 -0.960972 -1.16075e-4 0.03691953 0.9992374 0.01271712 -0.7447819 -0.6673074 -8.69582e-4 0.07261049 0.9971807 0.01893454 -0.8471369 -0.5313732 -0.001367032 -0.921607 -0.3881161 0.002534389 -0.9876343 -0.1553993 0.02073323 -0.9999251 -0.01208758 -0.001937687 -0.9994376 -0.01923394 0.02747064 -0.01785558 -0.9998391 0.001795411 -0.9999812 -0.006094038 -6.25433e-4 0.2209858 0.974969 0.02451443 -0.997681 0.06511998 -0.01980066 0.00925672 0.9999351 0.006641745 0.9989923 0.04464387 -0.00462681 -0.1491909 -0.9887221 0.01306623 0.9998701 -0.01032084 0.01238155 0.3980305 0.9173383 0.007897853 0.02390956 -0.9996511 -0.01122564 0.9999795 -0.005372405 0.003496348 -0.02517104 0.9996738 0.00434035 -0.2660291 -0.9639151 0.009820282 0.02221924 0.999753 -4.68194e-4 0.9994791 0.01934218 0.02583247 0.5281871 0.8490774 0.009278416 0.9981216 -0.05854427 0.01805388 0.01153689 -0.9998946 0.008823275 -6.68957e-4 -0.9999992 0.00111103 0.6379654 0.7700543 0.004093408 0.9975422 0.06847584 -0.01485395 0.008878052 0.9997308 0.02144038 0.0116896 0.9999138 0.005977392 0.9990307 0.04399722 0.001374542 0.9991182 -0.04121446 -0.008032083 0.009586989 -0.9999526 0.001781702 0.01072168 -0.9999067 -0.008466064 0.9997625 0.02007305 0.008487999 0.006918489 0.9999732 0.00241661 0.01940035 0.9997986 0.005143105 0.9986071 0.02926862 0.04390186 0.9997897 -0.02016359 -0.003738403 0.01161122 -0.999877 0.01054227 -0.9996563 0.02199643 0.01426619 -0.03755331 0.999193 0.01425528 -0.9917243 -0.1274253 0.0156778 -0.9999362 -0.007227778 0.008692681 -0.02590489 -0.9993205 0.02622097 0.005817353 0.9999759 -0.003778338 0.8500399 0.5265244 0.01429527 0.8248961 0.5652266 0.008102297 -0.9998193 0.01155555 0.01509749 -0.01801693 0.9998068 -0.007861196 0.8867536 0.4617533 0.02126026 0.02353996 0.9991081 0.03505468 0.9995996 0.02508562 0.01308548 0.005276024 -0.9999812 0.003112494 0.9381303 0.3462818 -7.17502e-4 0.9675489 0.2525912 0.006849884 -0.008294463 -0.9997732 0.01962059 -0.828818 -0.5595044 0.003958046 0.9993277 -0.03574907 0.008142888 0.02577817 -0.9996625 0.003226041 -0.9996637 0.02433335 0.008965015 -0.9914084 0.1304368 0.00979644 0.9931042 0.1158182 0.01817417 -0.9976196 -0.06706476 0.0160464 0.9999793 0.006421864 3.98917e-4 -0.8416299 0.5400547 1.49075e-4 -0.9993559 -0.03202241 0.01619929 -0.7885641 0.6148545 0.01099103 0.9575386 -0.2883003 0.001751303 -0.6763147 0.7366128 1.98874e-4 -0.1961268 0.9805702 0.004053711 -0.06842529 0.9973278 0.02560132 0.7535883 -0.6573321 -0.004379987 0.7054888 0.7086726 -0.008298754 0.4804279 -0.8767155 0.02364516 0.9850895 0.1720408 9.04579e-4 0.9996529 0.02617639 0.002991497 0.9588147 -0.2840074 0.003783762 0.9010716 -0.4334572 0.01359581 0.8143262 -0.5803483 0.00830233 0.7124549 -0.7017166 0.001420199 0.5541367 -0.8323982 -0.006765186 0.3686581 -0.9295386 -0.007031738 0.1524512 -0.9882836 -0.007366299 -0.008665502 -0.9999565 -0.003458499 -0.2085773 -0.9779297 -0.01220929 0.01654726 -0.9997418 0.01557832 -0.3722034 -0.9281509 8.81114e-4 0.005988478 -0.9996262 0.02667665 -0.577021 -0.816706 -0.006188631 -0.764532 -0.6426972 0.04930776 -0.8447457 -0.5311074 0.06580138 -0.9138405 -0.406073 6.6079e-4 -0.9743366 -0.2250795 0.002716898 -0.9962934 -0.08600342 -0.001720309 -0.01314622 -0.9997722 0.01681822 -0.1945528 0.9806316 0.02260106 -0.4740706 0.8768739 -0.07968348 0.0526331 -0.998559 0.01047986 0.9997779 -0.00916469 0.01897972 -0.7487825 0.6613779 0.0436384 0.9999242 -4.96134e-4 0.01230692 -0.8927018 0.4505512 0.009348809 0.01243567 -0.9998576 -0.01141154 -0.9730368 0.2287135 0.02982628 0.9998331 -0.009390294 0.01567602 0.999763 5.41494e-4 0.02176934 -0.9911831 0.13059 0.02241384 -0.9994252 0.009210824 0.03262835 0.9999803 -7.46491e-4 0.006230056 0.9999288 0 0.01193881 -0.9476542 -0.317601 0.03288251 0.998684 -0.05076807 0.007283449 -0.8286553 -0.5577828 0.04700148 0.009917914 -0.9997042 0.02221304 -0.5579763 -0.8281339 0.05344939 -0.2415534 -0.9702998 0.01304733 -1.38871e-4 -0.99967 0.02568781 0.00174874 -0.999978 0.006406068 -0.02010744 -0.9994527 0.02626907 0.8328428 -0.550423 0.05837351 0.999844 -0.01135075 0.01353585 0.9610757 -0.2748015 0.02859932 0.9962901 -0.07358664 0.04462069 0.9946656 0.09230023 0.0460546 0.9996434 -0.00146532 0.02666652 0.951927 0.3046262 0.0322178 0.8405541 0.5416957 -0.005900979 0.9998171 -0.001450061 0.01907128 0.9994436 0.03116875 0.01188308 0.5515751 0.8327666 0.04758912 0.01857155 0.9997919 -0.00843656 0.01800417 -0.008823752 0.999799 0.0191707 -0.003460824 0.9998102 0.001649439 5.84067e-4 0.9999986 0.02018523 0.004623889 0.9997857 0.02325642 0.001105487 0.999729 -0.002838611 0.001975238 0.9999941 0.01923298 -0.001388728 0.9998141 -0.01784992 -0.01538163 0.9997224 0.004493892 -0.002324342 0.9999873 -0.01352018 0.007208108 0.9998827 -0.01846092 -2.89978e-4 0.9998297 -3.69371e-4 -2.46416e-5 1 -0.00821793 -9.0421e-5 0.9999663 -0.01919972 0.009465396 0.9997709 -7.35033e-4 5.64334e-4 0.9999997 -0.008106708 -3.10869e-4 0.9999672 -4.75337e-4 3.50772e-5 1 -3.84053e-5 -4.75807e-4 1 -0.003018319 -0.001242458 0.9999948 -4.24921e-4 5.23451e-4 0.9999998 -0.005015194 -0.001655042 0.9999861 0.02190887 -0.007348001 0.999733 4.72067e-4 -6.86493e-4 0.9999997 -3.3174e-5 -7.27889e-5 1 -7.11063e-4 -5.50978e-4 0.9999997 2.16147e-4 2.16845e-4 1 -0.003720045 0.002358734 0.9999904 0.01126688 0.004577457 0.9999262 -0.02798974 0.007049024 0.9995834 -0.02506756 -0.008215785 0.9996521 0.0603913 0.01816332 0.9980096 3.95124e-4 -0.001608192 0.9999986 -4.95314e-4 4.72118e-5 0.9999999 1 4.21454e-4 -7.87445e-5 -0.005798578 -8.25361e-4 0.9999828 -5.10587e-4 -4.53855e-4 0.9999998 0.003475725 -0.001654624 0.9999927 0.01455712 0.02224445 0.9996466 -0.0513131 0.01128864 0.9986189 0.01932942 -0.007102072 0.999788 -0.00139743 0.002541899 0.9999958 0.06048041 0.09892404 0.9932554 0.04478293 0.03742873 0.9982953 -0.07404631 0.08420985 0.9936931 -0.01680231 -0.04320466 0.998925 -5.31547e-4 4.33843e-5 0.9999999 -0.007761061 0.00529927 0.9999559 -0.009245872 -0.002352416 0.9999546 -0.07610756 0.1151509 0.9904282 0.02258849 -0.001362502 0.999744 0.005428135 0.9999733 0.004914581 0.0215764 0.9996241 0.01692163 6.79863e-5 1 -2.44777e-4 0.01324921 0.9997356 0.01879906 0 1 -2.46536e-5 0 -1 3.51314e-4 0.01245802 -0.9997745 0.0171979 0.02051544 -0.9997747 -0.005451321 -0.01385301 -0.9989054 0.04467934 0.01914852 0.9998153 -0.001666069 -0.005664885 0.9999098 0.0121904 0 0.9999915 0.004148364 -0.03811925 0.9989758 0.02437931 0 0.9995855 0.02879381 -0.00413841 0.9999254 0.01150345 0 0.9999999 4.66412e-4 -0.01148128 0.9998583 0.01231473 0 -0.9996942 0.02473139 -0.02906656 0.9994497 0.01598751 0 -1 2.10423e-4 0 -1 2.10955e-4 0 -0.9998649 0.01644533 0.02532315 -0.999677 -0.002209603 -0.04082769 0.9991254 0.009032487 -0.009063541 -0.9998925 0.01152884 0.003172218 -0.9997413 0.02252388 -0.01748281 -0.9998355 0.004840433 -0.00181812 -0.9999002 0.0140143 0.03220832 0.02340483 0.9992071 -0.02183544 0.01218986 0.9996873 -0.0141409 -0.04443895 0.998912 0.00794208 -0.9999438 0.007036387 0.01618009 -0.9998531 0.005661249 0.02350014 -0.999642 0.01279127 -1 -1.67778e-4 -5.82567e-5 -0.9999634 6.86778e-4 0.008540391 1 1.67077e-5 1.10862e-5 1 -1.53399e-5 -3.07243e-4 0.9999907 -4.0427e-4 0.004308402 0.9973945 0.03973078 0.06021386 -0.9999991 5.25655e-4 0.001225292 -1 7.31672e-5 -1.9389e-4 -1 0 -1.99754e-4 0.9999999 0 5.83026e-4 -0.9999677 -9.76191e-4 0.007982969 -1 0 6.95415e-5 -1 1.1994e-4 -1.0947e-4 -0.9864863 0.03898638 0.1591381 0.9998714 -0.00902158 0.01326316 0.999998 5.51603e-6 0.002013027 0.9999997 4.1345e-4 7.79918e-4 -1 0 -3.47812e-4 1 0 9.71843e-6 0.9999999 -5.02224e-4 2.82701e-4 0.9998568 -9.98232e-4 0.0168963 -0.9999993 -1.70418e-4 0.001215338 0.9998796 0.001544713 0.0154469 0.9998484 -0.004640758 0.01678967 0.9999997 0 7.81259e-4 0.9999701 -0.006312191 0.004484713 -0.9999364 -0.01128619 5.20497e-5 -0.9992433 0.02063262 0.03297096 -0.01997429 -0.004272103 0.9997915 -0.05607026 0.02401739 0.998138 -0.01718193 -0.009664773 0.9998058 -0.001952171 -0.001288294 0.9999973 -0.01962077 0.009018182 0.9997669 -0.0200954 0.003081321 0.9997934 -0.03052508 0.005931854 0.9995164 0.01549375 -0.006569564 0.9998584 0.006901025 -0.003468751 0.9999703 0.01977622 0.01081275 0.999746 0.05090725 -0.0254172 0.9983799 0.02271312 -0.01467114 0.9996344 0.001411795 0.001360177 0.9999981 0.01935386 0.003182888 0.9998077 -0.005753219 -0.00212574 0.9999812 -0.009302258 -0.002254784 0.9999543 0.03460007 -0.009217083 0.9993588 -0.120859 -0.05371057 0.9912155 3.34311e-4 5.48804e-4 0.9999998 8.87875e-4 3.02458e-4 0.9999996 0.003082871 6.77192e-4 0.9999951 0.0192641 -0.005431771 0.9997997 0.002302408 0.002040505 0.9999953 2.71867e-4 -5.13602e-4 0.9999999 -0.008524179 -0.005385816 0.9999492 0.02695465 7.29858e-4 0.9996364 0.02940458 -0.006172955 0.9995486 -0.01054078 -9.29421e-4 0.999944 -4.03897e-4 -1.62588e-4 1 -0.02191764 0.001945793 0.999758 -0.0659976 -0.02844017 0.9974145 -0.01176911 -0.02990829 0.9994834 0.01331692 -5.2849e-4 0.9999113 5.00843e-5 1.01137e-4 1 -0.001235008 -0.003107488 0.9999944 0.06119984 0.01240956 0.9980484 -0.05114984 -6.76904e-5 0.998691 -0.02377378 4.73368e-4 0.9997174 -0.02656441 -0.006982028 0.9996227 0.03449505 0.009171545 0.9993628 0.03579849 0.0205354 0.9991481 -0.9999993 2.70057e-4 0.001238822 -1 5.66874e-6 -2.21671e-5 1 0 -5.00751e-5 -0.9996938 -0.014943 0.0197246 -0.9978023 0.03227829 0.0578683 -1 0 -2.2677e-5 0.9999842 0.001546859 0.005407929 0.9999304 -0.004431486 0.01094162 1 -8.80799e-6 3.31254e-5 1 -5.93504e-5 -2.32364e-4 1 0 3.34736e-5 0.9999976 -0.001305043 0.001825928 0.9946429 -0.05258059 0.08900028 -0.9999486 -0.003925144 -0.009348511 0.9953138 0.03799927 0.0889185 -0.9997193 0.005359947 0.02308183 -0.9985389 -0.02139341 0.0496217 1 -2.75963e-5 -4.23902e-5 -1 1.84096e-4 2.90413e-4 -1 4.09075e-4 -3.30314e-4 -1 0 2.87096e-4 -0.9997954 0.01298308 0.01550883 0.9998452 -0.01384103 0.01087546 -0.9981599 0.0343672 0.04995852 0.9997725 -0.01131874 0.01807987 0.9997046 -0.006299674 0.02347534 0.9999998 0 5.91224e-4 0.03523492 0.01852345 0.9992074 0.03590828 -0.005806624 0.9993383 0.04213362 0.009460628 0.9990673 -0.03512024 -0.02657502 0.9990298 0.01112532 0.041893 0.9990602 0.02128207 -0.02322387 0.9995038 -0.02553462 0.002462804 0.999671 0.008665204 0.999839 -0.01571738 0.004406809 -0.9999544 -0.008471608 0.005595445 -0.9999223 0.01114171 0.005614876 0.9999219 0.01117688 0.02756571 -6.94465e-4 0.9996198 -0.0430625 -0.008648633 0.999035 0.03624522 0.01476323 0.999234 0.02797216 -0.01715123 0.9994616 -0.03038024 -0.01378005 0.9994434 0.03102111 -0.0291149 0.9990946 0.01679581 -0.005469918 0.9998441 0.02427101 -0.004521131 0.9996952 0.04134619 0.007383763 0.9991177 0.03455471 -0.008241951 0.9993689 0.02506166 -0.01068067 0.9996289 0.02816373 -0.007574796 0.9995747 0.03733998 0.005071043 0.9992899 0.03864431 -5.54675e-5 0.9992531 0.02828437 0.01229238 0.9995244 0.0285325 0.001144051 0.9995923 0.04161161 0.002701103 0.9991303 0.05035203 -0.00257641 0.9987282 -0.06019508 0.01310002 0.9981006 0.08798038 0.08368003 0.9926012 -0.04700267 -0.003133654 0.9988899 -0.03153604 -0.004505336 0.9994925 -0.1242842 -0.08249133 0.9888117 -0.02224797 -0.05396932 0.9982947 -1 0 -1.14807e-4 0.04501038 -0.002210497 0.9989841 -0.9832175 -0.09469819 0.1559349 -1 0 6.95416e-5 -0.02680611 -0.003829717 0.9996333 0.04284024 0.02624881 0.998737 0.02850294 -0.00343275 0.9995878 0.03265517 -0.009964406 0.999417 -0.01458156 0.001634359 0.9998924 0.02297377 -0.01610648 0.9996064 -0.01481944 0.004255771 0.9998812 0.03433412 -0.01905471 0.9992288 0.04760354 -0.008910417 0.9988266 0.04001927 0.01583296 0.9990736 -0.0452423 -0.007591545 0.9989473 -5.4421e-4 8.22031e-4 0.9999995 -0.05357474 0.01519751 0.9984482 0.03375387 -0.002233564 0.9994278 -0.0257579 -0.008324682 0.9996336 -0.004268527 4.39647e-4 0.9999909 0.04363024 0.02478963 0.9987402 0.03927779 0.003994524 0.9992204 -0.02788633 0.03873848 0.9988602 -0.01539874 0.998949 0.04317194 0 1 -6.72537e-5 -0.002332389 0.9999683 0.007615983 0 1 -7.58327e-5 0.01815479 0.9995428 0.02418142 0 1 -4.89542e-6 -0.001143395 0.9999946 -0.003096222 0 1 -4.55388e-6 0 1 -1.89906e-4 0.001157462 0.999999 -9.60745e-4 -0.002601504 0.9999215 0.0122677 -0.00153923 0.9998393 0.017861 0.006561994 0.9998972 0.01275128 0.006553232 0.9999785 -3.4063e-4 -0.07316625 0.02803075 0.9969258 0.04817956 0.02967846 0.9983978 -0.02637356 -2.50731e-4 0.9996522 0.001159429 -3.96678e-4 0.9999994 5.59191e-4 -2.85094e-5 0.9999999 -0.03567242 0.008368909 0.9993285 -7.94637e-4 2.72519e-5 0.9999997 -3.21233e-4 0.001055836 0.9999994 0.04275113 0.008647799 0.9990484 0.03553611 -0.01794803 0.9992072 0.008154213 0.1705242 0.9853198 0.03366607 -0.01134169 0.9993689 0.04149651 -0.01447033 0.9990339 0.002777397 0.005735218 0.9999797 -0.005310595 -0.003442525 0.99998 -0.003688037 0.003787636 0.9999861 -0.0316894 -0.01032918 0.9994444 0.0371375 0.08087807 0.9960319 0.02111184 -0.01530957 0.9996599 0.04555916 0.0146172 0.9988548 0.007564604 0.004530072 0.9999611 0.01258176 -0.004058241 0.9999127 -0.01335167 -0.01210415 0.9998377 -0.01743692 0.01585936 0.9997223 -0.02500402 0.02880716 0.9992723 -0.02217 -0.001170635 0.9997535 -0.01587527 0.009931564 0.9998247 -0.001517176 2.52308e-4 0.9999988 5.17387e-4 -6.95756e-5 1 1.2387e-5 -1.95292e-4 1 0.012039 -0.002253234 0.999925 0.001395165 -0.002053916 0.999997 0.006870985 0.002966701 0.9999721 -0.05731308 0.04690968 0.9972537 0.01344829 -0.001621007 0.9999083 0.03310197 -4.75809e-4 0.9994519 0.03362691 -0.01114434 0.9993724 -0.003905653 -0.02430087 0.9996971 0.04049706 -0.01321774 0.9990922 0.02616918 0.02022188 0.9994531 0.8526596 0.5224668 9.05426e-5 0.8526138 0.5225417 2.23413e-6 0.8530151 0.5216656 0.01517409 0.8528979 0.5220775 -5.80708e-4 0.8554801 0.5177206 0.01091498 0.8543766 0.5196414 0.003687918 0.8395614 0.5414425 0.04445976 0.8526111 0.5225429 0.001804649 0.8526152 0.5225394 -1.89959e-5 0.8452545 0.5341393 0.01549941 0.8528292 0.5221893 9.33487e-4 0.8524547 0.5228011 -1.15094e-4 0.8527828 0.5222546 0.003417253 0.01716339 0.004299819 0.9998435 0.04767084 -0.05293673 0.9974594 0.01421666 -0.003374516 0.9998933 -4.80017e-4 2.18248e-5 0.9999999 -0.04112607 0.03719961 0.9984613 0.003634631 -0.9999929 -0.001039922 -0.002867698 -0.9996411 0.02663463 0.006813168 0.09271961 0.995669 -4.46159e-4 -7.84661e-4 0.9999996 0.01685023 -6.9893e-4 0.9998579 0.9998826 0.003087699 0.01501095 0.0275973 -0.01582324 0.9994939 0.03210586 0.02467882 0.9991798 0.03196108 0.02288818 0.9992271 0.02315926 -0.08623081 0.996006 0.02574861 0.007485926 0.9996405 -0.01345872 -0.9999094 3.88667e-4 -0.001695573 -0.005719959 0.9999823 0.01502579 -0.01074039 0.9998295 0.005340337 0.03278678 0.9994482 -0.06460404 -0.06471604 0.9958103 6.26107e-4 8.7678e-4 0.9999995 -4.34915e-5 -0.008463263 0.9999642 0.04400467 -0.03643965 0.9983665 0.02847635 -0.008225858 0.9995607 -0.002843856 -0.02729439 0.9996234 0.02566814 -0.008365035 0.9996356 -0.01091623 -0.009014546 0.9998999 0.02998667 0.04979932 0.998309 -0.8509554 -0.5252357 -0.001582562 -0.8555988 -0.5155084 0.04692488 -0.8504794 -0.5260084 -1.87554e-4 -0.8411863 -0.5399184 0.02989757 -0.8501361 -0.5265017 0.008037924 -0.8466172 -0.5320826 0.01129251 -0.8505872 -0.5258342 5.03868e-7 -0.8505867 -0.5258348 -1.47929e-4 -0.8520424 -0.5234614 0.003475725 -0.8432379 -0.5372452 0.01782196 -0.8505877 -0.5258331 2.00582e-4 -0.8505843 -0.5258386 5.41645e-4 -0.05753982 0.02201539 0.9981005 0.03292131 -0.05864 0.9977363 0.02220678 0.03414684 0.9991701 0.01668238 0.0429458 0.9989382 0.004596769 0.02848148 0.9995838 -0.01932257 0.06731605 0.9975447 -0.002609252 -0.01664501 0.9998582 -0.004448056 -0.01552277 0.9998697 -0.004472255 -0.02064365 0.999777 -0.008777081 -0.007184386 0.9999358 -0.03445112 -0.1093102 0.9934105 7.73397e-4 0.004116535 0.9999912 0.001429259 -0.002009928 0.999997 0.001481235 0.007577657 0.9999703 -5.08407e-4 -6.20651e-4 0.9999998 -0.006341755 0.01017844 0.9999281 0.02575159 0.07118052 0.9971311 -1.09679e-4 0.001010835 0.9999996 7.04298e-4 -0.001336991 0.9999989 -0.006311655 -0.01788192 0.9998202 0.00639528 0.03026461 0.9995215 0.06559801 0.03295183 0.9973019 3.40182e-4 0.01245695 0.9999224 -0.02385365 0.9990671 0.03600198 -0.01551008 0.01749438 0.9997267 -0.01063221 0.02280676 0.9996834 -0.001073062 -0.02697539 0.9996356 -0.0263921 -0.04422467 0.998673 0.001365423 4.54845e-4 0.999999 0 -1 -4.23481e-4 -0.005700826 -0.999912 0.01198536 0.008501052 -0.9996321 0.02575647 0 -1 1.82054e-5 -0.003904521 -0.9999513 0.009071171 0 -1 1.89326e-5 0.002015948 -0.9999653 0.008086681 -7.26578e-4 -0.9999997 1.87915e-4 -0.001815795 -0.999921 0.01244294 0 -1 -9.20746e-5 0.04756778 -0.03399604 0.9982894 -0.01471072 8.7216e-4 0.9998915 -0.01361107 -0.009419441 0.9998631 0.02460908 0.01705145 0.9995517 -4.44286e-4 2.27874e-4 0.9999999 -0.02261346 0.004515886 0.9997341 0.006511569 0.03660762 0.9993085 0.004781067 0.0277186 0.9996044 1.21811e-4 -5.68086e-6 1 -0.006984353 0.002628505 0.9999722 -0.02563583 -0.0367856 0.9989944 0.01877671 0.01622724 0.999692 0 0.9999822 0.005963206 0.01235038 0.01899534 0.9997434 -0.004189372 0.9999681 0.006806731 -0.01946133 0.04601287 0.9987513 -0.003243267 7.68354e-4 0.9999945 0.01054495 -0.03424382 0.9993579 0.005815863 -0.001558125 0.9999819 -0.0225684 -0.04381227 0.9987848 0.03070861 0.02136588 0.9993 -0.02639651 0.02705901 0.9992853 0.0298565 0.02564841 0.9992251 -0.02899068 -0.02999579 0.9991295 0.03543436 4.20582e-4 0.999372 -0.01833719 0.005356311 0.9998176 -0.01459866 0.03243809 0.9993671 0.002598643 0.01849919 0.9998255 0.8526113 0.5225459 2.97206e-6 9.38339e-4 0.03144836 0.999505 0.8526159 0.5225383 -1.9045e-4 0.002010524 -6.55718e-4 0.9999979 0.01468056 0.001533389 0.9998912 -1.25186e-4 3.43243e-5 1 -6.7235e-5 -8.98505e-5 1 -9.97275e-5 4.57197e-5 1 7.44682e-5 2.38041e-5 1 -3.22119e-4 -6.54627e-4 0.9999998 0.001301288 -0.002182364 0.9999969 -3.68402e-4 -4.10244e-4 0.9999999 -2.45743e-4 -6.06361e-5 1 -0.003901004 -0.02035731 0.9997853 -0.01718938 -4.95634e-5 0.9998524 0.0039891 -4.75458e-4 0.999992 0.005018293 -1.48156e-4 0.9999874 -0.006204366 -8.69879e-4 0.9999804 -0.01251161 -1.80342e-4 0.9999217 8.31789e-4 -2.3702e-4 0.9999997 9.51905e-4 7.41956e-5 0.9999996 -7.61605e-4 -0.001051902 0.9999992 -1.38053e-4 7.38246e-5 1 -1.80111e-4 -4.39183e-5 1 3.68251e-4 -1.15879e-4 1 2.91636e-4 2.28986e-4 1 -3.47255e-4 1.15696e-4 1 -0.01934057 -0.004943966 0.9998008 0.001805603 -3.6028e-4 0.9999984 0.03716003 0.03806036 0.9985843 -0.0388773 -0.02320498 0.9989745 0.0232712 -0.07160949 0.9971612 0.02956169 -0.07180166 0.9969809 3.54072e-4 -3.62238e-5 1 -0.002314984 0.03740841 0.9992974 -0.001755297 -0.001733601 0.999997 -0.02061122 -0.004587709 0.9997771 1.49855e-4 -6.92696e-5 1 0.02914834 -2.956e-4 0.9995751 0.06342703 0.01834315 0.9978179 0.0168547 0.01631337 0.9997249 0.02458888 0.008473634 0.9996618 -3.56362e-4 5.79737e-5 1 0.02451324 -0.007078826 0.9996744 -0.02298438 0.007014036 0.9997113 0.02383172 -0.01878833 0.9995394 0.01875793 -0.004745304 0.9998129 0.0263611 0.01942372 0.9994638 0.02820008 -0.002640187 0.9995989 0.03223586 0.02015066 0.9992772 0.001417517 0.003925979 0.9999914 -0.05002999 0.006201088 0.9987285 -0.05180788 0.01047432 0.9986022 -8.99004e-4 3.91328e-4 0.9999995 0.0168628 -0.02895319 0.9994385 0.02147316 0.003919839 0.9997618 7.37251e-4 0.9999896 0.004515826 -0.04844719 0.9984012 0.02911859 0 1 -3.17084e-4 -8.45195e-4 0.9999997 -2.97e-5 -7.38004e-4 0.9999615 0.008748054 4.86525e-4 0.9999999 3.71167e-4 0 1 1.94647e-4 -0.00982666 0.9998437 0.01470333 -7.27889e-4 0.9999614 0.008751392 0 1 9.93688e-5 -0.01489406 0.06050044 0.9980571 -0.1244621 0.05039972 0.9909436 -4.38156e-4 -0.001056432 0.9999994 -4.08027e-4 -0.001075387 0.9999994 0.002031922 -0.001884639 0.9999962 0.009926438 0.04469251 0.9989516 0.02230733 -0.01522141 0.9996353 4.9193e-5 -0.001081705 0.9999994 -0.04947584 0.006881892 0.9987516 -0.02161127 -0.007824361 0.9997359 0.02433186 -1.22455e-4 0.999704 0.04023051 -0.01177966 0.999121 -0.04308056 -0.001223742 0.9990709 -0.0244376 0.03799313 0.9989792 -0.04526025 -0.003756463 0.9989683 0.001962065 5.23738e-4 0.999998 0.01922959 -0.04466527 0.998817 6.98211e-4 0.001538336 0.9999986 -0.02292472 0.0088436 0.9996982 0.02458411 4.69263e-4 0.9996976 0.001121282 -2.4704e-4 0.9999994 0.006122291 0.001755774 0.9999798 0.02872288 0.01326787 0.9994994 -0.999893 -0.007381319 0.01263469 0.9998157 -0.01900941 0.002686262 0.9998379 0 0.01800745 -0.99989 0.006791949 0.01318484 -0.03080928 -0.02628451 0.9991797 2.68641e-4 -2.05781e-4 1 2.75743e-4 -2.13621e-4 1 -0.02679425 0.002313792 0.9996383 0.02583903 9.9848e-4 0.9996657 9.45279e-4 3.70824e-4 0.9999995 0.02011013 -0.005996644 0.9997799 -0.02737897 -0.0135253 0.9995337 -6.69079e-4 0.002050042 0.9999977 0.03874945 -0.04092949 0.9984105 -0.008929967 -0.008300065 0.9999257 0.01653844 -0.00151813 0.9998621 0.01793539 0.002007365 0.9998372 -0.02946031 0.05281835 0.9981696 -0.04651546 0.04084122 0.9980824 -0.01012581 -0.006354987 0.9999286 -0.008835852 -0.01486915 0.9998505 -0.8551973 -0.5181441 0.01282501 -0.01401281 -0.07520604 0.9970695 -0.0112586 -0.007726252 0.9999068 5.69481e-4 4.37051e-5 1 0.02420687 0.003986179 0.999699 2.43016e-5 3.51207e-4 1 -0.03970694 -0.01649481 0.9990753 0.03070652 0.02488178 0.9992188 -0.02159231 -0.01117539 0.9997045 0.02880698 0.03033393 0.9991247 -1.02553e-4 -1 4.72815e-5 0 -1 5.05171e-5 -4.43664e-4 0.9999967 0.002551913 -0.01142126 -0.9998584 0.01236099 -6.14936e-5 1 -9.5117e-5 0.004256904 0.9999712 0.006304323 2.60549e-5 1 -3.71831e-5 0.002168476 -0.9998984 0.01409256 -0.009700477 -0.9996777 0.02346295 -0.001531243 0.9999982 -0.001239538 -0.00586462 0.9985125 0.05420827 -0.001404583 -0.9999984 0.001152813 0 1 -3.91696e-5 0.002222776 0.9999963 -0.001612365 0 1 1.1974e-5 0.003070712 0.9996635 0.02575963 0.005581557 -0.9999845 3.61268e-5 -0.006273925 -0.9999803 3.23118e-4 -0.02187085 0.9995362 0.02119523 -7.73579e-4 -0.9999994 -8.77891e-4 0.009049236 -0.9990277 0.04314953 0.006932675 0.9999319 0.009399712 0.02022659 -0.009173333 0.9997534 6.81451e-5 -2.89878e-4 1 -0.02032011 -0.004315316 0.9997843 8.48127e-4 -0.001163363 0.999999 -0.01945239 0.002432167 0.9998078 0.01604795 -0.001460492 0.9998702 0.02218174 0.0080446 0.9997217 0.0257017 0.001508951 0.9996685 0.01519393 -0.01502883 0.9997716 -0.001000642 1.98739e-4 0.9999996 -9.09273e-4 2.98456e-4 0.9999996 0.028521 -0.003742694 0.9995862 0.001799762 0.001479864 0.9999974 -0.009053111 0.03972697 0.9991696 -0.9997006 -0.0156275 0.01883155 -0.9999202 -0.01122015 0.005811572 -0.9998968 0.003037214 0.01404637 0.9999909 6.9944e-4 0.004218995 -0.9999925 0.002012073 -0.003307878 -0.9997517 0.01817119 0.01290071 0.9995694 -0.02470219 0.01584345 0.9999939 -0.001181066 -0.003281235 0.9999988 0.001042306 -0.001227259 -0.9999983 0 -0.001886248 -0.9999964 -0.002534151 9.61507e-4 0.9979352 -0.03462004 0.05410057 0.9999895 0.002005875 -0.004119515 1 0 5.71946e-5 0.9996541 0.004339635 0.02593916 -0.9997047 0.01080054 0.02177113 1 -1.80532e-5 5.1682e-5 -0.9999087 0.01351946 1.41852e-4 -0.9999998 0 6.19111e-4 -0.9994775 0.02762496 0.01678746 -0.9996542 0.01114392 0.02381891 0.9998369 0.01805955 -8.55211e-5 0.9999997 0 -8.90524e-4 -0.9999997 0 -8.35879e-4 -0.05065065 -0.01759386 0.9985615 -0.05048739 -0.01699566 0.9985802 6.79812e-4 -8.91246e-5 0.9999998 -0.008633077 -0.01972079 0.9997683 0.01784783 -0.01815319 0.9996759 -0.01652139 -0.02719444 0.9994937 3.16953e-4 -0.9999259 0.01217532 9.10238e-4 -0.001101732 0.999999 -3.68271e-4 -3.06067e-4 0.9999999 3.4279e-4 3.98443e-5 1 1.47456e-4 2.6632e-4 1 -1.18935e-4 7.80404e-4 0.9999998 0.02028191 0.01670551 0.9996547 7.98689e-5 3.94012e-5 1 -0.04123729 -0.02464163 0.9988455 -8.52281e-4 3.29394e-4 0.9999997 0.07611519 0.06273686 0.9951234 0.02363455 0.002055108 0.9997186 0.02408355 0.001137137 0.9997093 -3.05567e-4 -1.52054e-5 1 8.5729e-4 9.82457e-4 0.9999992 4.56216e-4 1.76223e-4 0.9999999 2.97023e-4 9.64014e-4 0.9999995 -0.005696475 -0.001391053 0.9999828 6.0959e-5 4.58808e-4 0.9999999 1.95109e-4 1.25216e-4 1 -0.02658802 0.003697037 0.9996396 -0.01674902 -7.41467e-4 0.9998595 -3.55294e-4 -1.51198e-4 1 -0.03801333 -0.002505302 0.9992741 0.06033122 -0.03961133 0.9973922 0.01240181 -0.03351187 0.9993614 0.02365809 0.01556533 0.999599 0.02794927 -0.00833559 0.9995747 -0.05447733 -0.109948 0.9924433 1.21124e-4 -2.53221e-4 1 -0.03141218 0.04992192 0.998259 0.01806032 -0.00495249 0.9998247 0.03008133 0.0120598 0.9994747 -2.99057e-4 4.83511e-5 1 1.84188e-4 -2.91912e-5 1 -0.889402 -0.400093 0.2211104 -0.002494812 -0.002642273 0.9999934 -0.02511394 -0.002134919 0.9996823 -2.10804e-4 -2.26328e-5 1 8.91341e-4 1.71158e-4 0.9999997 0.01532745 0.0444824 0.9988926 -9.50503e-4 -4.68698e-4 0.9999995 0.03268551 -0.001780211 0.9994642 -3.12403e-4 6.06291e-4 0.9999998 6.02759e-5 1.05933e-5 1 0.03191357 -0.02328604 0.9992194 -0.1238263 -0.005643188 0.9922879 1.74831e-4 1.87095e-4 1 -0.001750648 0.001755833 0.999997 1.96247e-4 -1.80274e-4 1 -0.02759867 -0.002765893 0.9996153 -5.69667e-4 -0.001005947 0.9999994 0.01697486 -0.01556724 0.9997348 -2.87776e-4 -3.28218e-4 1 0.02500802 -0.05798637 0.9980041 -0.07819986 0.02605539 0.9965972 0.03585177 -0.006366133 0.9993369 0.03766185 0.001468241 0.9992896 4.81141e-4 -3.36538e-4 0.9999998 5.22273e-4 2.44951e-4 0.9999998 0 -0.9999998 -6.71212e-4 0.02614277 -0.0463286 0.9985841 -0.03777319 -0.9992806 0.003398478 0 0.9999693 0.007842123 0.03707355 0.01182365 0.9992426 0.03614312 0.999104 0.02202087 -0.01548606 9.45666e-4 0.9998797 4.21358e-4 6.71668e-4 0.9999998 -0.02181988 -0.01074397 0.9997043 0.03089851 -0.01959127 0.9993306 1.12197e-4 6.66224e-4 0.9999998 0.999665 0.01713049 0.01940089 0.9991347 -0.03865414 -0.01535648 -0.9998754 -0.007427155 0.01393133 -0.999675 -0.01822775 0.01782011 -0.9998316 0.01483774 0.01080518 0.9999992 0 -0.001276373 0.999509 0.02599167 0.01749742 -0.999861 0.007134377 0.01507061 -0.02238959 -0.002180159 0.999747 3.8392e-4 -3.85767e-4 0.9999999 0.04341238 0.0208078 0.9988406 0.02882254 0.006179392 0.9995655 -0.02380818 0.002645075 0.9997131 -6.44881e-5 2.07559e-4 1 -0.001132011 0.001340508 0.9999985 -0.01780301 5.69855e-4 0.9998414 7.67891e-5 9.22653e-5 1 0.04191672 -0.008164823 0.9990878 -3.79916e-4 9.61635e-4 0.9999995 -0.02669829 -2.47995e-4 0.9996435 -0.058155 0.06495928 0.9961919 -0.001100361 0.004633069 0.9999887 0.02161645 -0.001659154 0.999765 -2.23617e-4 -2.68301e-4 1 -0.03330963 0.001907706 0.9994433 8.15642e-4 0.001112759 0.9999991 0.04001784 -0.006878554 0.9991753 4.23341e-4 -3.26422e-5 1 -0.02435618 -3.07698e-4 0.9997034 6.9057e-4 -0.001352012 0.9999989 0.009992003 -4.1575e-4 0.9999501 -3.67397e-4 -4.84498e-4 0.9999999 2.55492e-4 -5.25444e-4 0.9999998 -0.01277154 0.002295851 0.9999158 -0.006296813 -0.001245796 0.9999794 -0.02916419 -0.006240367 0.9995552 -0.03431528 0.0280171 0.9990184 -1.78419e-4 2.47566e-4 1 3.04328e-4 -7.4752e-4 0.9999997 -0.0225315 7.53363e-4 0.9997459 0.001054823 -9.1283e-4 0.9999991 -0.01777631 -0.001022398 0.9998415 -0.01669001 0.005302548 0.9998467 -0.01425892 -0.009280264 0.9998553 2.14292e-4 -6.33536e-4 0.9999998 0.01623225 1.335e-4 0.9998683 -7.10374e-4 2.2227e-5 0.9999998 4.72692e-5 -0.001173734 0.9999994 0.01664572 -0.009006738 0.999821 -2.00644e-4 6.06764e-5 1 0 1 -2.77352e-5 0.05899876 0.03688102 0.9975765 -0.02223378 0.9974951 0.06715071 0.00109148 -0.999998 0.001676261 -3.58026e-4 1 -3.29901e-4 0.02232384 -0.9985539 0.04890561 0 -1 3.51124e-4 0.009850442 -0.007111489 0.9999263 0.002834498 -0.02895593 0.9995768 0.00128442 4.29037e-5 0.9999992 -0.005924761 -0.9999136 0.01173526 0.0033499 -0.9998773 0.01530891 0 -1 -1.19848e-5 -0.0211032 -0.0109778 0.9997171 0.01634836 -0.01528501 0.9997496 -0.00385195 0.9999186 0.0121628 0 1 1.85728e-4 -0.005183815 -0.02603936 0.9996475 2.25859e-4 0.998961 0.04557216 -1.72952e-4 -4.63221e-5 1 -6.59303e-4 -0.001219272 0.9999991 -4.0896e-4 7.47285e-4 0.9999997 -0.02217519 0.02979171 0.9993101 -0.009359955 -0.9999018 0.01044076 2.38229e-5 1 3.1108e-5 -0.05306977 0.08725625 0.9947714 0 1 4.65611e-4 -3.13473e-4 2.29706e-4 1 -9.41955e-4 0.9999973 0.002121269 7.6994e-5 -1 1.13041e-4 -0.001862645 -0.9999007 0.01397478 5.58302e-5 -5.62967e-6 1 -4.20656e-4 -7.74194e-4 0.9999997 0.01109689 -0.02260917 0.9996829 -0.01809793 -0.002584457 0.9998329 -0.02664732 -0.001801729 0.9996433 -6.151e-4 0.001659631 0.9999985 -0.03104126 -0.02517443 0.9992011 -0.06174015 -0.02967327 0.9976511 -0.03043526 0.01080238 0.9994784 3.91559e-5 7.83659e-4 0.9999997 -0.02802264 0.002674698 0.9996037 -7.16295e-4 -6.58896e-4 0.9999995 -6.59241e-4 -7.46304e-5 0.9999998 -0.001659095 -2.09221e-5 0.9999986 -0.02742725 -0.001354694 0.9996229 0.004648983 0.03299331 0.9994448 -0.02166152 -0.01253598 0.9996868 6.81857e-4 3.49967e-4 0.9999997 3.08424e-4 -1.29308e-4 1 0.009379088 0.04023629 0.9991462 -4.87244e-4 -6.9333e-4 0.9999997 -0.03436768 0.006293118 0.9993895 0.02796351 0.01704204 0.9994637 -0.0279358 -0.002281725 0.9996072 4.65408e-4 -7.94825e-4 0.9999996 -0.02631694 -5.4929e-4 0.9996535 -0.0320385 0.06698602 0.9972394 -0.01095539 -0.9998226 0.01532626 0 -1 -9.62877e-5 0 -0.9999988 -0.0016312 -0.03337371 -0.9990251 -0.02889823 -0.02520722 -0.9995845 0.01398372 -0.01509243 -0.9998667 0.006234645 0.003871679 -0.999866 0.01591217 0.001134932 -0.002822041 0.9999954 -0.00172466 -0.9999906 0.004002392 0.02499932 -0.9995158 -0.01852965 0 -0.9999993 0.001189172 0.02081406 -0.9997653 0.006031692 0.01227754 -0.9998562 0.01170593 0 -0.9999992 -0.001325011 0.02183508 -0.9996246 0.01655358 -0.001238226 0.08060985 0.9967451 0.00185132 0.01684314 0.9998565 -0.002261042 0.9999306 0.01156383 0 0.9999976 -0.002223193 0 0.9999998 6.21416e-4 0.01691377 0.0805605 0.9966062 0.001213431 0.01906192 0.9998176 0.1016939 -0.02888745 0.9943963 0.02833485 0.0071612 0.9995729 -0.02532362 -0.004365265 0.9996699 0.04564231 -0.02338641 0.9986841 0.01576137 0.03484404 0.9992685 0.02830308 0.02341741 0.999325 0.006240189 -0.003421306 0.9999747 0.01434534 0.03858494 0.9991524 -0.01674991 0.01468706 0.9997519 -0.01034808 -0.03986716 0.9991515 -0.03188806 0.05689018 0.9978711 -0.02363914 0.04631739 0.998647 0.07742124 0.01513779 0.9968836 0.001283586 0.003071367 0.9999945 0.008920788 0.05775755 0.9982908 0.01452428 0.04257023 0.9989879 0.02043157 0.03142029 0.9992974 0.0180909 0.02504658 0.9995226 -0.02439391 0.01233756 0.9996264 -0.04992318 0.01442748 0.9986489 0.002766788 -7.42356e-4 0.9999959 0 1 -1.00102e-4 -0.01260036 0.0287382 0.9995076 0.04673033 -0.1123412 0.9925703 -0.02322673 0.9991376 0.03441733 0 -0.9999867 -0.005173206 0.05346214 -0.9981819 0.02783435 -4.65225e-4 -0.001018464 0.9999995 0.004175603 0.006589174 0.9999697 -0.01206803 -0.04571408 0.9988818 0.04434126 0.04694557 0.9979129 0.004925847 0.1004808 0.9949269 -0.0365625 0.04271811 0.9984179 0.07370746 0.03177148 0.9967738 -0.03013336 -0.003726422 0.999539 5.59103e-4 9.44821e-4 0.9999994 0.9994723 0.0293371 0.01394212 0.9999898 0 -0.004534304 0.03957933 -0.01813316 0.9990519 0.9997561 0.01707464 0.01401066 -0.07068204 -0.05906903 0.9957484 -0.9999987 2.4331e-4 -0.001593291 0.00220561 0.03146743 0.9995024 -0.01117891 -0.0282436 0.9995386 -0.0291137 0.01872843 0.9994007 -0.01241993 -0.02674937 0.9995651 0.002736032 0.00173974 0.9999948 0.004736781 0.03305506 0.9994423 8.69874e-4 -0.00166285 0.9999983 0.05811923 0.03386306 0.9977352 -0.03086513 0.04995113 0.9982746 0.001734972 1.78575e-4 0.9999985 -0.002685368 -0.001995623 0.9999945 -0.05886375 -0.04235589 0.9973671 0.02356892 0.01587891 0.9995961 0.01326012 -0.03560268 0.9992781 0.01520186 -0.03384345 0.9993116 -0.0369153 -0.01473206 0.9992099 0.009898126 -0.05479872 0.9984484 5.52096e-4 -0.001782655 0.9999983 0.01591271 0.01915997 0.9996898 3.77687e-4 0.002177298 0.9999976 0.01281249 -0.007794737 0.9998875 -0.01727896 0.01952499 0.9996601 -6.3225e-4 -0.005666375 0.9999839 0.04840213 -0.07120555 0.9962866 -0.03509527 0.01657134 0.9992466 -0.01828509 0.008093118 0.9998001 -0.00487256 4.09299e-4 0.9999881 0.01964795 -0.03349393 0.9992458 0.02722245 0.0525155 0.998249 -0.01227331 0.05903327 0.9981806 0.004491627 -0.03276062 0.9994532 0.009994149 -0.04918307 0.9987398 0.04729759 -0.0225408 0.9986265 0.0355814 0.001600444 0.9993656 0.0376901 -9.04683e-4 0.9992891 6.80035e-4 -0.003447353 0.9999939 -0.01294595 -0.01917845 0.9997323 0.005307674 -0.06145352 0.9980959 6.19648e-4 0.001992225 0.9999979 -0.01614135 0.01977419 0.9996743 0.005763411 0.02007412 0.999782 -2.12161e-5 0.001156151 0.9999994 0.01797151 0.01385545 0.9997426 -0.004405736 0.00121808 0.9999896 0.007119417 4.48641e-4 0.9999746 0.0395627 7.07841e-5 0.9992171 4.22628e-4 1.50579e-4 0.9999999 -0.01912605 0.04962724 0.9985848 0.9988583 -0.04031527 0.02562761 0.999773 -0.01927489 0.009076774 0.9999996 0 -9.28345e-4 0.9985884 -0.04163026 -0.03299009 0.9997465 0.01779961 -0.01379442 0.9999995 0 -0.001089155 -0.999871 0.007686555 0.01410722 -0.9999993 0.001142561 4.85216e-4 -0.9999999 0 -4.57339e-4 -0.9999536 -0.003777921 0.008868932 -0.9995885 -3.01933e-4 0.02868574 -0.9999061 0.01370406 3.43895e-4 -0.9997412 -0.004526615 0.02229344 -0.9998286 0.01277655 0.01340085 -0.9989702 0.04511356 0.004833877 -0.9999991 0 0.001330733 -0.9999877 -0.004744231 -0.001503169 -5.39105e-4 0.02916711 0.9995744 0.01227337 0.07051056 0.9974356 0.001991927 -0.004597961 0.9999875 -0.01154893 0.03765362 0.9992241 0.009862899 0.04191529 0.9990726 -0.004233121 0.03097361 0.9995113 -0.05005973 0.0121411 0.9986725 -0.02811259 0.001965641 0.9996029 0.001390099 0.03479093 0.9993937 0.004175126 0.06635719 0.9977872 0.01369667 0.02117437 0.999682 -0.01584273 -0.0495522 0.998646 0.001879155 0.005148589 0.999985 0.9999749 0 -0.007096171 -0.9999228 0 -0.01242673 -0.999167 -0.04005914 0.007785022 0.999873 -0.01343536 0.008576989 0.999555 -0.02953803 -0.004182159 -0.003254532 -0.03888899 0.9992383 5.89912e-5 -0.0600807 0.9981936 0.02540391 0.01769781 0.9995207 7.9372e-4 -0.01130723 0.9999358 0.08598792 -0.006085276 0.9962777 0.004880011 0.007424294 0.9999606 0.02283036 -0.00626415 0.9997198 9.98932e-4 -0.02580839 0.9996664 0.02332419 -0.04004663 0.9989256 0.008432805 0.04374098 0.9990074 -0.05075806 0.1003226 0.9936594 -0.02050387 -0.03970158 0.9990012 0.02186501 0.04666268 0.9986714 0.03645479 0.01250749 0.9992571 -0.0222454 0.002952873 0.9997482 -0.09601509 0.09873247 0.9904712 -0.01739561 -0.005093336 0.9998357 -0.0142281 8.94882e-6 0.9998989 -0.01281052 -0.002960085 0.9999136 0.001876711 0.04201596 0.9991152 0.005124032 -0.03760969 0.9992794 0.002656102 0.08598583 0.9962929 -0.001196622 -4.51336e-4 0.9999993 -0.001128494 -6.87325e-4 0.9999992 -9.8761e-5 -1.42095e-4 1 0.02658247 -0.03525406 0.9990248 -0.03669941 -0.02465575 0.9990222 -0.006102681 -0.007280468 0.9999549 -0.03089725 -0.04902631 0.9983195 4.56421e-4 -5.50884e-5 0.9999999 -8.43459e-4 -8.42017e-5 0.9999997 4.49445e-4 -7.02451e-4 0.9999997 2.48945e-4 1.23287e-4 1 2.75669e-4 -1.13786e-4 1 0.001649558 0.06887286 0.9976241 5.56703e-4 0.00672996 0.9999773 -4.30085e-4 -0.06047075 0.99817 -0.005382239 -0.001361072 0.9999847 1 0 -1.17405e-4 0.9993436 -0.02883952 -0.02192223 -0.9995274 -0.02448266 -0.01859003 -1 0 2.53159e-5 0.9994738 -0.01782864 0.02709883 -0.9999016 0 0.01403337 0.9964808 0.03223162 0.0773772 1 1.97738e-4 -1.707e-4 0.9999793 9.90193e-4 0.006358981 1 0 2.15779e-5 0.9999668 -0.001137256 0.008080363 1 0 4.63695e-6 1 0 -2.02818e-4 0.9994528 -0.03267258 0.005166769 0.9999999 0 4.96854e-4 4.6353e-4 -8.02279e-4 0.9999996 1.60443e-5 -3.9663e-5 1 2.69904e-5 1.97496e-5 1 0.004692852 5.94596e-4 0.9999889 2.84807e-4 7.93094e-4 0.9999997 1.80057e-5 -2.09074e-6 1 0.03104233 0.01810872 0.999354 -0.03045028 -0.001512825 0.9995352 -2.24412e-4 -1.3313e-4 1 0.006190359 8.10003e-4 0.9999805 -1.94378e-4 9.15122e-4 0.9999996 0.01484221 -0.0139259 0.9997929 -0.01513689 -0.01301407 0.9998008 -0.009139657 -0.006320714 0.9999383 -0.02828937 0.01717829 0.9994522 -0.001161932 0.02502244 0.9996863 -8.10154e-4 -0.003035545 0.9999951 -0.03440314 -0.002433478 0.9994052 -0.02701354 -0.01388448 0.9995387 0 0.9999799 0.006363034 -0.02895772 0.9988039 0.0394001 5.8749e-4 8.95885e-4 0.9999995 -0.03505265 -0.001315295 0.9993847 -0.01195275 -0.02331072 0.9996568 0.004753887 -0.0142979 0.9998866 -0.004206061 0.03271561 0.9994559 0.01426154 -0.03888064 0.9991421 0.002918839 0.01153087 0.9999293 -5.33439e-4 5.72489e-4 0.9999998 0.8128702 0.5824294 0.004279375 0.8229357 0.5676965 0.02230578 0.8382205 0.5443188 0.03321886 0.002681255 0.002864956 0.9999923 -0.003183007 -0.01793736 0.9998341 0.007482171 -0.02105569 0.9997504 0.003245353 0.01664531 0.9998562 0.03143393 0.05554932 0.9979611 0.01009511 -0.03428095 0.9993613 -0.01565182 0.02068495 0.9996636 -0.001644313 -0.002056002 0.9999966 -0.006875634 -0.03314524 0.999427 0.002010464 0.006507575 0.9999768 0.04054766 0.09160888 0.9949693 0.009426474 -0.03274124 0.9994195 -0.001413941 -0.01521992 0.9998832 0.02489447 -0.008850097 0.9996509 -6.46046e-4 -0.02013438 0.9997972 -0.003381371 0.0574752 0.9983412 -0.02330303 0.07224076 0.997115 0.01262235 0.1175664 0.9929848 -0.002787649 0.001159071 0.9999955 -0.01296085 0.03096318 0.9994365 0.03810501 -0.008752584 0.9992354 -0.02576375 -2.71974e-4 0.999668 0.01074862 -0.01523894 0.9998261 0.01901817 -0.01093137 0.9997594 -0.02727842 -4.0712e-4 0.9996278 1.85398e-4 -4.01518e-5 1 -1.4272e-5 4.58916e-5 1 -4.53842e-4 0.001161396 0.9999993 -0.03634774 0.01001155 0.9992892 -0.02236896 0.005513548 0.9997346 -5.67655e-4 -0.06041562 0.9981732 -0.8281339 -0.5602616 -0.01735699 -0.8528468 -0.5219108 0.01616889 -0.8192659 -0.5733433 -0.009001672 0.07299906 -0.1014892 0.9921548 -0.03724914 -0.1101307 0.993219 -0.03923118 0.009761989 0.9991826 -0.0273171 0.02635401 0.9992794 -0.002224385 -0.02057898 0.9997858 0.9983326 -0.02810007 0.0504226 -0.03435868 -0.007498621 0.9993816 -0.9998856 0.01355868 0.006712615 -0.9999991 0 0.001426517 0.9999714 0 0.007568299 0.04798483 -0.06090182 0.9969897 0.999701 0.001806139 0.02438604 0.9989477 0 0.04586577 -0.00143522 0.02665817 0.9996436 0.01643335 -0.9997481 0.01529556 -0.08859235 -0.9937697 0.06762593 0 -0.9999997 8.56558e-4 -0.002559185 0.01044219 0.9999423 0.003290414 0.008815884 0.9999558 -0.0380147 -0.03455311 0.9986797 0.9980111 0.03285527 0.05380052 0.9998191 0 0.019019 0.01320576 0.01946288 0.9997234 0.9972279 0.03011214 0.06804263 0.9993212 0 0.03684002 -0.01101249 0.03987258 0.9991442 -0.001120626 -0.001321792 0.9999985 -0.001125991 1.22714e-4 0.9999994 0.02717882 0.9994602 0.01845836 0 1 5.08819e-4 -0.02521187 0.9994123 0.02322787 0.004849433 -0.02279627 0.9997285 2.8276e-4 2.16358e-4 1 0.02653545 0.0178579 0.9994884 -6.39193e-5 3.42213e-6 1 -0.001131534 8.67568e-4 0.9999991 -7.59771e-5 -8.52359e-4 0.9999997 0.05698353 0.0765317 0.9954375 -0.001146554 8.87591e-4 0.999999 -0.006844699 0.008100032 0.9999439 0.001235663 7.06861e-4 0.999999 -0.002035737 0.004604876 0.9999874 0.005797743 1.46499e-4 0.9999832 -0.01119846 0.9997207 0.02081632 -0.008108079 -0.9999601 -0.003759264 -0.02350819 -0.9996781 0.009542584 0.01007723 0.9999487 0.001067519 0 0.9999632 -0.008587598 -0.9999999 0 -4.57338e-4 -0.02626061 -0.002694785 0.9996515 -0.999807 0.01745802 0.009021639 -0.9996431 0.004802167 0.02628225 -0.06951987 -0.03511482 0.9969624 0.02530604 0.04008853 0.9988757 -0.0098567 -0.04891145 0.9987545 0.9999016 0.01333063 0.004386246 -0.9991091 0.03833669 0.01764917 0.9998629 0 0.01656264 -0.9999286 0 -0.01195651 0.1235587 0.1152422 0.985623 -0.02287715 -0.002395212 0.9997355 -0.01889681 -0.009504675 0.9997763 -0.01904618 -0.006730318 0.999796 -0.01107132 -0.01956093 0.9997475 0.01613551 -0.008131206 0.9998368 -0.03222203 -0.009147882 0.999439 0.03776156 0.001461625 0.9992858 -0.01119548 0.004036247 0.9999293 -0.002921223 0.03652399 0.9993285 0.00885117 -0.0256434 0.999632 7.78412e-4 -0.001249015 0.999999 0.02952349 0.03370106 0.9989959 -0.005102813 -0.02967047 0.9995468 -0.01246452 0.02454584 0.999621 0.06003266 -0.1006965 0.9931045 -0.00778985 0.03550469 0.9993392 -0.01784718 0.005824744 0.9998238 -0.06965357 -0.06128847 0.9956868 0.04127031 0.03101575 0.9986666 0.00796169 0.03171741 0.9994652 -0.009866952 0.02930855 0.9995218 -0.9999021 0 0.01399606 -0.9993103 0.02451676 0.02789056 -5.30613e-5 -8.07373e-4 0.9999998 0.002703547 9.68916e-4 0.9999959 -0.006139993 0.02495837 0.9996696 0.01233595 -0.03476643 0.9993193 0.004610717 -0.03491181 0.9993798 -8.97923e-4 0.003323733 0.9999942 0.01034337 0.04970854 0.9987103 -0.007313609 0.0305134 0.9995077 -0.005915641 0.004082679 0.9999743 -2.36814e-5 4.92971e-4 1 0.9997657 -0.01555806 0.01504963 0.9994925 0 -0.03185755 -0.001071155 -0.03244578 0.999473 0.001730799 -0.03511512 0.9993818 -0.01825886 -0.03291505 0.9992914 -0.005278289 0.001974582 0.9999842 -0.01162832 0.0443108 0.9989502 -0.002626657 0.02080148 0.9997802 -0.00159949 -0.03263407 0.9994661 0.002108752 -1.59157e-4 0.9999979 -0.01276457 -0.01025646 0.999866 0.01830589 0.03965711 0.9990457 0.001650214 0.02256041 0.9997441 0.01116287 0.02224642 0.9996902 -0.001831769 0.02459681 0.9996958 -0.005550146 -0.004530549 0.9999744 -0.03254216 0.04114198 0.9986233 0.02615112 -0.00995934 0.9996084 8.76509e-4 7.78319e-4 0.9999994 0.01237404 0.02274113 0.9996649 -9.54383e-4 0.02865171 0.9995891 7.89132e-4 -9.88456e-4 0.9999993 -4.62719e-4 0.01846218 0.9998295 -0.02783465 -0.02984064 0.999167 0.002074599 -3.92531e-4 0.9999978 -0.01665866 -0.01898998 0.9996809 -0.00544548 -0.05482125 0.9984814 -0.00582695 0.01974493 0.9997881 0.01854747 -0.04354947 0.9988791 -0.02955192 -0.0270164 0.9991981 0.001318871 0.003244161 0.9999939 -0.002803504 0.03004801 0.9995446 -0.04236477 0.003815829 0.9990949 -0.01715898 0.04729467 0.9987336 0.003337442 0.03306877 0.9994476 -0.001332104 0.001342952 0.9999983 0.006510019 -0.01101547 0.9999182 0.003877878 0.01095581 0.9999325 0.002895772 -0.03735959 0.9992978 0.004631519 0.002128362 0.9999871 -0.002720892 -0.02993541 0.9995482 -6.40031e-4 -0.02877789 0.9995856 0.025433 -0.02480798 0.9993687 3.09543e-5 -3.54476e-6 1 0.007738888 0.008511424 0.9999338 2.77691e-5 2.02413e-5 1 0.03789019 -0.02014011 0.9990789 -4.15394e-5 4.15046e-5 1 -7.56933e-6 -5.53936e-5 1 -5.1886e-4 4.79835e-4 0.9999998 -9.09588e-5 4.9042e-6 1 -0.04055732 -0.01815664 0.9990122 -0.03211188 -0.01507973 0.9993705 2.871e-5 4.90754e-6 1 -2.34674e-4 -8.11221e-4 0.9999997 -0.002705931 -5.53259e-4 0.9999963 0.9993649 0.0201106 0.02941983 0.999634 0.0194922 -0.01876091 1 0 -4.17573e-4 0.9999162 -0.01289767 -0.001139342 0.9994301 -0.02972728 0.01600146 0.9998977 0 -0.01430922 0.02753335 0.03156244 0.9991225 -0.9319092 -0.3626673 0.004209876 0.004735589 0.03566229 0.9993528 5.27547e-4 0.03137546 0.9995076 -0.001868605 0.004514634 0.9999881 -9.50214e-4 0.03849196 0.9992585 -0.0032503 0.03682726 0.9993165 -1.01006e-4 -0.03872501 0.99925 0.001351058 0.001843631 0.9999974 -0.002208352 8.7948e-4 0.9999972 0.004679083 -0.007853806 0.9999582 -0.01252484 -0.04237842 0.9990232 -0.004609584 -0.001940011 0.9999875 -5.80301e-4 0.002103865 0.9999976 -0.007397055 -0.03115135 0.9994874 0.002093434 -0.04958754 0.9987676 0.03726643 -0.02299773 0.9990407 -0.002087652 0.01116788 0.9999355 0.003542304 -0.03068262 0.9995229 -1.86061e-4 0.002071678 0.9999979 1.92833e-5 1.17599e-4 1 0.01247334 -0.00123167 0.9999215 1.86868e-5 4.42346e-5 1 -0.009659767 0.001832187 0.9999517 1.92612e-4 6.93577e-4 0.9999998 -0.002151787 4.59978e-4 0.9999976 -5.89916e-4 4.1614e-4 0.9999998 2.97678e-4 6.68068e-4 0.9999998 7.41373e-4 2.22811e-4 0.9999997 -1.64523e-4 -6.04109e-4 0.9999999 1.79751e-4 0.001738369 0.9999986 0.009900987 -0.0200982 0.9997491 0.0034222 -0.005084276 0.9999812 1.63789e-4 -7.75693e-4 0.9999997 1.27641e-4 -7.80815e-4 0.9999998 0.02960354 0.03435271 0.9989713 4.21812e-4 0.001163065 0.9999993 0.04936236 3.97911e-4 0.9987809 -0.02115046 0.02456241 0.9994746 9.11163e-5 0.006708145 0.9999776 -3.41553e-4 1.6611e-4 1 0.002501249 7.96798e-4 0.9999966 0.003661215 0.03030198 0.9995341 -9.14078e-5 2.57106e-5 1 8.35448e-4 0.001462936 0.9999986 -0.01449519 -0.004360735 0.9998854 -0.007697761 -0.01256006 0.9998916 8.67325e-4 0.00151509 0.9999986 -0.01699435 -0.003362476 0.99985 -2.23225e-4 -0.009613692 0.9999538 -0.01544106 -0.04959481 0.9986501 -3.22268e-6 -0.003298997 0.9999946 -0.03303921 0.02518522 0.9991367 -0.02824753 0.01602691 0.9994726 -0.04534721 -0.003675699 0.9989646 0.0316686 -0.03967988 0.9987105 0.01430088 -0.05662685 0.998293 -0.06934934 -0.06036144 0.9957647 7.44579e-6 8.77194e-5 1 -0.02527356 -0.00155729 0.9996795 6.99629e-5 -4.4307e-5 1 0.03196704 -0.002210497 0.9994865 0.07348608 0.05519837 0.9957675 0.002708494 -0.004750728 0.9999851 0.002510726 -0.03127175 0.9995079 7.67023e-5 4.73462e-4 0.9999999 0.006118297 -4.09327e-5 0.9999813 -2.3384e-4 -5.54721e-4 0.9999999 7.58094e-4 -8.54723e-4 0.9999994 0.004373252 -0.9999868 0.002727687 0.008614957 -0.9997681 0.01974177 0 -0.9999893 -0.004633307 0 -1 -2.39372e-4 0.004268467 -0.9999806 0.004546165 0.02732348 -0.9989639 0.03639739 -8.01135e-4 -1.94062e-4 0.9999998 0.02369183 0.01903337 0.9995382 0.04405927 0.05390542 0.9975736 -0.004246413 0.004207015 0.9999822 -2.29158e-6 2.22491e-4 1 -0.05904096 -0.08364635 0.994745 -0.002891898 -0.002297639 0.9999932 -9.94451e-4 -0.001318931 0.9999987 0 -0.9999676 0.008049488 -0.01560306 -0.9998537 0.007022678 4.35435e-4 -0.9996638 0.02592605 0 -0.9999098 0.0134356 0.01499545 -0.9997176 0.01843452 0.007263123 -0.9996054 0.02713847 0.9994501 -0.02826684 0.01733565 0.9999995 0 -0.001043379 -0.9999838 0 0.005710959 -0.9999428 -1.00349e-4 0.01069551 -0.9997649 0.01284897 0.01746851 -0.9996312 0.007606923 0.02607059 -1 -2.42928e-4 -2.66672e-4 0.9999998 0 -7.13572e-4 0.9999445 -4.71214e-4 0.01053363 0.9999427 -1.44437e-4 0.01071149 0.9999998 -1.62851e-4 -7.83382e-4 0.9999392 -6.93209e-4 0.01100641 -0.9999999 5.61582e-6 -5.79457e-4 -0.999512 0.002442479 0.03114366 -0.9999989 -0.001401722 4.75899e-4 -0.9999995 -4.61689e-4 -8.92779e-4 0.9999284 7.00622e-4 0.01194441 -0.9999978 0.001999378 6.7955e-4 -0.9999714 0.004552364 0.006056368 -0.9999991 9.94093e-4 -0.001019597 0.99987 0.006524682 0.01475274 -0.9999993 -8.83961e-4 -8.58943e-4 -0.9999997 4.27154e-4 -8.1251e-4 0.9999999 6.15285e-4 2.32194e-4 1 -3.47624e-4 1.9132e-4 -0.9999541 0.008958101 0.00342971 -0.9998279 0.009141266 0.01614272 -0.9999994 -7.15828e-6 0.001179039 -0.9999113 -0.006261229 0.01176011 -0.001188993 0.9999784 0.00647515 -0.003960609 0.999983 0.004299998 0 1 -2.87164e-4 0 1 -2.15595e-4 -0.001230955 0.999907 0.01359075 0.005156695 0.9999752 0.004813969 0 1 -4.44686e-5 0.008529365 0.9999256 0.008719921 0.01267248 0.9998672 0.01025944 -4.25682e-5 1 -2.5479e-6 -6.50075e-5 1 1.78677e-4 0.01466834 0.01041454 0.9998382 6.44621e-5 2.33897e-4 1 -0.03539633 0.008028984 0.9993412 -9.98466e-4 -4.07315e-4 0.9999995 -0.005921125 -0.0119754 0.9999108 5.34446e-4 7.99451e-4 0.9999996 0 -5.74025e-5 1 -6.78129e-4 -3.09739e-4 0.9999998 -0.01323622 -0.01053643 0.9998569 0.003345251 -0.001672625 0.9999931 -0.01878142 -0.01757508 0.9996692 -0.002537369 -0.9999158 0.01273471 -0.03579789 -0.9990405 0.02523183 -0.4563102 0.8886612 0.04541116 0.01649546 -0.9996184 0.0221613 0.9996945 -0.01253241 0.02130585 0.3162018 0.948684 0.003899455 0.380885 0.9187119 0.1043812 0.06724721 0.9977359 0.001046657 0.7779911 0.6282514 -0.005492568 -0.01846444 -0.9981811 -0.05738955 -0.9571006 -0.2846322 -0.05425047 -0.8385518 0.5411117 0.06347548 -0.210824 -0.9764371 0.046085 0.596032 -0.8028827 0.01119697 0.006612896 -0.04319113 0.999045 0.9994419 -0.003399908 0.0332328 0.275138 0.9600529 0.05096697 0.9770988 0.2067573 0.0502932 0.4970591 0.8673515 -0.02517586 0.4161055 0.9074181 0.05872458 0.1484643 0.9888912 -0.007254123 0.9990717 0.04168713 -0.01086527 0.9997315 -0.01351279 0.01882785 0.09536695 -0.991355 -0.09011358 0.8816809 -0.4663042 0.07210671 -0.8530377 -0.5210143 0.02950948 -0.9341416 0.3567655 0.009900867 -0.8970679 0.4409807 0.02837979 -0.9857326 0.1682944 0.002863287 -0.9581922 0.2838847 0.03573876 0.1369029 0.9901969 -0.02770859 0.001661121 0.001731157 0.9999972 -0.8310792 -0.555768 -0.02071899 -0.8416067 0.5400081 -0.00945419 -0.8714228 0.489777 0.02721911 -0.6358439 -0.7717996 0.005280852 -0.6589511 -0.7516097 0.02943754 0.9226838 -0.383343 0.04126429 0.8868755 -0.4619982 0.003081142 0.9714185 0.2287992 0.06322199 -0.9273185 -0.3715602 0.04498511 0.2998319 -0.9539237 0.01142799 0.5529311 -0.8325459 0.03368312 -0.6090115 0.7917402 0.04746049 -0.590763 0.8063973 0.02688282 0.007949173 -0.9972284 -0.07397592 -0.7700028 -0.6378244 -0.01660841 0.947426 0.3179342 0.03608167 -0.04334509 -0.9989507 0.01479244 0.8568016 -0.5152737 0.01959538 -0.7967388 0.5989006 -0.08078068 0.04500502 0.9986132 0.02731823 -0.003929316 0.9998004 0.0195899 0.9764933 -0.209834 -0.04930156 0.2181615 0.9731848 0.07291752 -0.9559886 -0.2868817 0.06151986 -0.04812413 -0.9985896 0.02242469 0.06679046 -0.9973258 0.02967083 0.1622861 -0.986216 0.03226917 0.1453751 -0.9888036 0.03366839 0.08808577 -0.9960224 0.01343035 -0.9608811 0.2766004 -0.01413476 0.5626161 -0.8265959 0.01422643 0.5030999 -0.8628088 0.04951286 -0.03891277 -0.02350777 0.9989661 -0.9008345 0.4314252 -0.04867726 -0.03747296 -0.03573727 0.9986584 0.7151239 -0.6972734 0.04906922 0.3054147 -0.950529 0.05671411 -0.5944415 0.8037874 0.02377521 0.5138184 0.8578877 -0.004405856 0.6132053 0.7889322 0.03956413 -0.9917279 -0.1255186 -0.02685207 8.98781e-4 0.001327157 0.9999988 -0.001022338 -0.001222968 0.9999988 0.07493484 -0.9968703 0.02518868 -0.828619 -0.5560786 -0.06455457 0.3774222 -0.9244476 0.05430734 0.2877566 -0.9575571 0.01675128 -0.6664323 0.7445872 0.03818303 0.3130683 0.9496164 -0.01473015 0.1617642 0.9844984 0.06778913 0.8975501 0.4400385 0.0277481 -0.8959084 -0.44278 -0.03597277 0.1699621 0.98217 -0.08034318 -0.5578459 0.8294805 0.02775239 2.13919e-4 2.24073e-4 1 -1.67777e-4 -4.8255e-5 1 -0.02890086 -0.9995 0.01282477 -0.9996739 -0.02167111 0.0135132 0.9961412 -0.08170181 -0.032058 0.001018583 0.001751124 0.999998 -0.02332198 -0.004712402 0.999717 0.8212243 0.5698731 0.02890133 0.8146784 0.5797701 0.01288151 0.4796674 -0.8774463 0.002711057 0.4219638 -0.9058125 0.03808444 -0.9591267 0.2829679 0.002291619 -0.9705104 0.2381569 0.0372951 -0.9658792 0.2577745 0.02509349 -0.3851104 0.9221941 0.03532969 -0.3146538 0.9491934 0.00500071 -0.9169504 -0.3988513 0.01094502 0.8998706 -0.2981258 0.3183611 -0.9948443 -0.09855675 0.02390927 0.01209264 0.007344186 0.9998999 0.9821749 0.1863909 0.02430784 -0.04598134 0.9988679 0.01219171 -0.07011067 0.9975377 0.001701772 -0.5975314 0.801752 -0.01224225 0.3393525 0.9400835 -0.03291118 0.8603244 -0.5062617 -0.05950713 -6.41035e-4 -0.003746271 0.9999929 -0.9675149 0.2441023 0.06579411 0.05436772 -0.9980326 0.0312283 -0.5832034 0.8114883 0.03688824 -0.7414765 0.6706439 0.02119714 -0.4622711 0.8860053 0.03605765 -0.2702994 -0.9624541 0.0249055 0.8986068 0.4387204 0.005522847 0.9507359 0.3099712 0.004379868 0.3435122 -0.9389948 0.01697689 -0.001543402 0.00139141 0.9999979 0.5693069 0.8207257 0.04795074 0.9532154 -0.2957778 0.06241726 0.001409113 -0.005785942 0.9999824 -0.004526793 -0.02181178 0.9997519 0.8001989 0.5995168 0.01616913 -0.9999997 1.68308e-4 -8.51125e-4 -0.7641516 -0.6449859 0.008095204 -0.8043107 -0.5933034 0.03279566 -0.9571718 -0.2882108 0.02750772 -0.9704724 -0.2412097 -0.001093089 -0.02264618 -0.002750039 0.9997398 -0.9998683 -0.005460739 0.01528871 0.1258156 0.9911222 0.04298001 0.1804561 0.9835053 0.01236546 -0.05311566 0.9985884 -4.14325e-4 -0.4415532 -0.8971336 0.01349556 0.6362552 0.7711778 0.02154934 0.9993209 0.01733356 0.0325182 0.996061 0.08865481 0.001671493 0.08917605 -0.995886 0.01608741 -0.1594053 -0.9859402 0.05012005 -0.3162887 0.9486564 0.003548026 -0.2405191 0.9700769 0.03318935 -0.4644299 0.8849871 0.0332067 -0.1927868 0.9811675 0.01198184 0.3094059 -0.9507794 -0.01692646 0.4591535 -0.8883524 -0.002847254 0.7372303 0.6756288 0.004161298 0.7801377 0.6244083 0.03872466 1.26465e-4 -1.90205e-6 1 0.2031043 0.9790409 0.01509225 0.9948315 0.09493535 -0.03602337 -0.06084454 0.9976101 0.03274369 0.8159338 0.5754042 0.05623406 -0.9782058 -0.2075295 -0.006709933 -0.9407416 -0.3385362 0.01996314 -0.9372463 -0.348545 -0.009271979 0.9998567 -0.014391 0.008924603 0.08524841 -0.9963466 -0.00512129 0.9374275 -0.3480234 0.01046925 0.8906818 -0.4541459 0.02091741 0.6289116 -0.7749745 0.06232899 0.001797735 -0.01667422 0.9998594 0.01382917 0.003963351 0.9998965 -0.9998598 0.01193147 0.01176178 -0.9984297 0.0474826 0.02972865 0.005837082 0.05111294 0.9986758 -0.01035398 0.01703411 0.9998013 0.3062711 0.9519332 0.004632592 0.243277 0.9696273 0.02528464 4.26708e-4 0.9998346 0.01818257 -0.6028802 0.7977388 0.01218354 -0.9999998 -3.47855e-4 -5.93098e-4 -0.2500995 -0.9682051 0.005396366 -0.00266689 4.94751e-4 0.9999964 -0.3450924 -0.9375899 0.04285633 0.5286324 0.8488477 0.002333283 -0.8008838 0.5948529 0.0688135 -0.03876101 -0.01854103 0.9990766 -0.9999594 -0.003227591 0.00841844 0.01139938 0.04349863 0.9989885 -0.1569444 0.9868869 0.03772222 0.442397 -0.8963469 0.02910906 0.8590771 0.5061234 0.0763266 -0.3662921 0.9304068 -0.01316034 -0.4748487 0.8795449 0.03032487 0.006899774 0.01652097 0.9998397 0.2790678 0.9602364 -0.008201539 0.07712721 0.9953936 0.05694675 -0.9685918 0.2475941 -0.02296274 0.80029 -0.5991408 0.02379685 -0.6365934 -0.767553 -0.07490837 0.03891825 -0.9990767 0.01819992 0.05546027 -0.9977547 0.03754681 -0.1078564 0.9933016 0.04146122 0.6797924 0.733376 0.006476938 0.7499297 0.6614447 -0.009818673 0.01982331 -0.9994176 -0.02777713 0 -1 -1.36197e-4 0.3436472 0.9364992 0.06982791 -1 0 -2.12558e-4 -0.6912189 0.7222303 0.02449572 -0.1009643 -0.9944714 0.02885973 -0.1508035 -0.9885386 0.007054209 0.9983586 0.0561999 0.01103562 0.002900481 -0.02347058 0.9997203 0.007378637 -0.9999045 0.01169753 0.8006364 -0.5980718 -0.03593695 -0.001062691 -0.002848565 0.9999954 0 -1 -6.38549e-5 0.005426049 -0.9999242 0.01105344 0.4457632 0.8949137 0.02060616 0.9763982 -0.209021 0.05437541 0.9971871 -0.07430487 0.009836137 -1 2.94106e-4 3.07057e-4 -1 0 2.15241e-5 0.9935038 -0.1136145 0.006485581 0.01127415 0.9998696 0.01156532 -0.006022453 0.9985536 0.05342912 -0.005294561 -0.9999338 0.01021456 -0.006672739 -0.9999427 0.008384227 -0.1328576 -0.9907379 0.02805942 0.9916087 -0.1292384 -0.003111958 0.976175 -0.2148897 0.03008037 -0.2468712 0.9674022 0.05645996 -0.9999815 -0.00188905 0.005793392 -0.994902 0.04612928 0.089679 -0.1605713 0.9831259 0.08763861 -0.004854559 0.9999868 0.00170505 0.866051 -0.4997603 -0.01397716 0.8131872 -0.5812105 0.03034943 0.9584468 -0.2851891 0.006862163 0.9999263 -3.04059e-4 0.01214188 0.9361165 0.3516794 -0.002737641 0.9664058 0.2547627 0.03399837 0.8845145 0.4664979 0.003734886 0.06954514 0.9975682 0.004597246 0.8385068 0.5445304 0.01982903 -0.9982928 -0.05840313 -8.18831e-4 -6.7125e-4 0.001020908 0.9999993 -0.9999835 -3.43386e-4 0.005745053 -0.9998669 -0.009274482 0.01343166 -0.967934 0.2507084 -0.01578634 -0.8193445 0.5733003 -0.001276731 -0.6274881 -0.7780367 0.03029304 4.97653e-4 6.19993e-4 0.9999997 -1 0 1.78299e-5 -0.001041471 -5.9625e-4 0.9999994 -6.29063e-4 -4.91456e-6 0.9999999 -0.85198 -0.5234675 0.01058071 -0.05466133 0.9980678 0.0295425 -0.08446043 0.9963174 0.01476752 -0.3261291 -0.945016 0.02417975 -0.9986746 -0.04098486 0.0311324 -0.9751159 -0.2167631 0.04650437 0.02699446 0.9991519 0.03109353 0.99934 0.02554029 0.02583539 -0.2677241 0.9633523 -0.01662355 0.5189843 -0.8544237 0.02480816 -1 -2.81069e-4 -8.73982e-5 -1 0 1.39415e-4 5.85135e-5 -1 -3.13014e-5 0 -1 3.24027e-5 -0.9999989 -9.93288e-4 0.001154005 -0.004360318 -0.01644039 0.9998553 0.005468428 -0.9997434 0.02198541 -0.6420747 -0.7664478 0.0172643 -0.6618648 -0.7489238 0.03237491 -0.04683417 -0.9988851 0.005924999 -0.9731568 -0.2301142 0.003661453 -0.9926499 -0.1149724 0.03778684 -0.01055479 -0.02894145 0.9995254 0 -1 -9.30593e-5 5.33185e-5 -1 2.23657e-4 0.008223056 -0.01665794 0.9998275 0.8593773 0.5096424 0.04165971 -0.9999302 -0.004561662 0.010903 0.8976504 0.4400461 0.02414906 0.8552041 0.5182577 -0.005911707 0.01201856 0.005438566 0.999913 -0.4197781 -0.907618 0.003977835 -0.3609191 -0.932066 0.03147214 0.6073921 -0.7943457 0.009475529 -0.1816161 0.98162 -0.05863404 0.01287561 0.9997069 0.0205059 1.23995e-4 0.9999398 0.01097291 -0.01889997 0.9996808 0.01676934 0.5777908 0.8155075 0.03324997 -0.7224211 -0.6741067 -0.153909 -0.001040279 0.001467466 0.9999985 0.0153926 -0.004871606 0.9998697 -0.7970759 -0.6035034 -0.02130514 0 0 -1 -1.31377e-7 0 -1 0 0 -1 1.31376e-7 0 -1 0 0 -1 0 0 -1 0 -1.24979e-7 -1 0 -1.25902e-7 -1 -1.31376e-7 -1.26339e-7 -1 -1.31379e-7 -1.25429e-7 -1 -1.31379e-7 0 -1 2.62755e-7 0 -1 1.31378e-7 0 -1 0 0 -1 0 0 -1 0 -1.25429e-7 -1 0 -1.26341e-7 -1 0 -1.25902e-7 -1 0 -1.24982e-7 -1 0 0 -1 0 0 -1 0 0 -1 0 0 -1 0 0 -1 0 0 -1 0 0 -1 0 0 -1 0 0 -1 0 0 -1 0 0 -1 0 0 -1 0 0 -1 0 0 -1 0 0 -1 0 0 -1 0 0 -1 0 0 -1 0 0 -1 0 0 -1 0 0 -1 0 0 -1 0 0 -1 0 0 -1 0 0 -1 0 0 -1 0 0 -1 0 0 -1 0 0 -1 0.8039262 -0.0505796 0.5925745 0.8039262 -0.05057793 0.5925747 0.7912477 -0.1509391 0.5925745 0.7912479 -0.1509378 0.5925747 0.7660913 -0.2489176 0.5925743 0.766091 -0.2489181 0.5925745 0.7288521 -0.3429725 0.5925746 0.7288527 -0.3429715 0.5925744 0.6801195 -0.4316167 0.5925745 0.6801193 -0.4316174 0.5925743 0.62066 -0.5134544 0.5925756 0.6206603 -0.5134555 0.5925744 0.5514137 -0.5871955 0.5925744 0.5514131 -0.5871956 0.5925749 0.47347 -0.6516762 0.5925742 0.4734702 -0.6516758 0.5925747 0.38806 -0.7058783 0.5925751 0.3880605 -0.7058788 0.5925742 0.29653 -0.7489495 0.5925746 0.29653 -0.7489496 0.5925745 0.2003236 -0.7802086 0.592575 0.2003237 -0.7802087 0.5925748 0.1009577 -0.7991636 0.592575 0.1009575 -0.7991639 0.5925748 0 -0.805516 0.5925742 0 -0.8055152 0.5925752 -0.1009577 -0.799163 0.5925758 -0.1009579 -0.7991647 0.5925736 -0.2003242 -0.7802083 0.5925752 -0.2003239 -0.7802088 0.5925745 -0.2965296 -0.7489494 0.592575 -0.2965298 -0.7489499 0.5925742 -0.3880605 -0.7058786 0.5925745 -0.3880602 -0.7058787 0.5925747 -0.4734703 -0.6516758 0.5925745 -0.4734706 -0.6516758 0.5925742 -0.5514131 -0.5871953 0.5925753 -0.5514141 -0.5871952 0.5925744 -0.6206602 -0.5134546 0.5925753 -0.6206607 -0.5134554 0.5925741 -0.6801199 -0.4316155 0.5925749 -0.6801195 -0.4316163 0.5925748 -0.7288519 -0.3429722 0.5925749 -0.7288522 -0.3429722 0.5925745 -0.7660909 -0.2489184 0.5925744 -0.7660909 -0.2489179 0.5925746 -0.791248 -0.150938 0.5925745 -0.7912479 -0.1509378 0.5925745 -0.8039261 -0.05057859 0.5925747 -0.8039262 -0.05057901 0.5925745 -0.8039262 0.05057853 0.5925745 -0.8039261 0.05057883 0.5925746 -0.7912483 0.150938 0.5925741 -0.7912476 0.1509397 0.5925747 -0.7660908 0.2489186 0.5925744 -0.7660912 0.2489178 0.5925744 -0.728852 0.3429725 0.5925746 -0.7288526 0.3429714 0.5925746 -0.6801198 0.431616 0.5925747 -0.6801194 0.4316172 0.5925742 -0.6206603 0.513455 0.5925747 -0.62066 0.5134556 0.5925745 -0.5514137 0.5871955 0.5925744 -0.5514126 0.5871966 0.5925744 -0.47347 0.6516761 0.5925745 -0.47347 0.6516763 0.5925741 -0.3880602 0.7058793 0.5925738 -0.3880599 0.7058785 0.592575 -0.2965297 0.7489496 0.5925746 -0.29653 0.7489504 0.5925734 -0.2003235 0.7802084 0.5925753 -0.2003242 0.7802093 0.5925739 -0.1009577 0.7991647 0.5925735 -0.1009567 0.799164 0.5925748 0 0.8055161 0.5925741 0 0.8055154 0.592575 0.1009581 0.7991642 0.592574 0.1009573 0.7991629 0.5925761 0.2003241 0.7802087 0.5925747 0.200324 0.7802081 0.5925754 0.2965297 0.7489498 0.5925745 0.2965297 0.7489492 0.592575 0.3880605 0.7058787 0.5925742 0.3880605 0.7058785 0.5925745 0.4734706 0.6516758 0.5925742 0.4734705 0.6516762 0.592574 0.5514134 0.5871955 0.5925748 0.5514139 0.587195 0.5925748 0.62066 0.5134559 0.5925744 0.620661 0.5134545 0.5925745 0.6801195 0.4316161 0.592575 0.6801198 0.4316167 0.5925742 0.7288531 0.3429706 0.5925745 0.7288523 0.3429712 0.592575 0.7660911 0.2489175 0.5925747 0.7660909 0.2489188 0.5925742 0.791248 0.1509375 0.5925745 0.7912478 0.1509382 0.5925747 0.8039261 0.05057859 0.5925746 0.8039261 0.05057889 0.5925747 -4.30935e-6 0 1 2.15464e-6 -4.42375e-7 1 2.15462e-6 0 1 2.15463e-6 1.15815e-6 1 -1.07734e-6 0 1 -5.38663e-7 0 1 0 0 1 1.07733e-6 0 1 2.15465e-6 0 1 2.15462e-6 -9.125e-7 1 -2.15466e-6 7.6707e-7 1 4.30927e-6 4.42374e-7 1 4.30932e-6 0 1 0 4.42378e-7 1 6.46394e-6 7.67069e-7 1 -4.30938e-6 -9.1253e-7 1 2.15463e-6 0 1 0 0 1 -1.07731e-6 0 1 2.15464e-6 1.15816e-6 1 4.30931e-6 -4.42378e-7 1 4.3093e-6 0 1 1.09019e-6 0 1 -5.45092e-7 -2.12454e-7 1 1.36273e-7 0 1 0 3.05182e-7 1 -1.09019e-6 0 1 -1.09019e-6 0 1 0 0 1 1.36273e-7 0 1 -5.45096e-7 3.2705e-7 1 -1.09019e-6 2.12454e-7 1 -7.42339e-7 0 1 0 0 1 0 0 1 5.71756e-7 0 1 1.42939e-7 1.7017e-7 1 0 0 1 -1.58289e-7 0 1 0 0 1 0 0 1 0 0 1 0 0 1 0.1010022 -0.006354391 0.994866 0.1010024 -0.006354331 0.9948659 0.09940952 -0.01896321 0.994866 0.09940946 -0.01896345 0.994866 0.09624862 -0.03127312 0.994866 0.09624898 -0.03127294 0.994866 0.09157067 -0.04308962 0.9948659 0.09157019 -0.04308974 0.994866 0.08544766 -0.05422669 0.9948659 0.08544772 -0.05422651 0.9948659 0.07797759 -0.06450873 0.9948659 0.07797729 -0.06450867 0.994866 0.06927782 -0.07377296 0.9948659 0.06927752 -0.07377296 0.994866 0.05948513 -0.08187413 0.9948659 0.05948501 -0.08187419 0.994866 0.04875433 -0.08868402 0.994866 0.04875439 -0.08868402 0.9948659 0.03725498 -0.09409523 0.9948659 0.03725516 -0.09409528 0.9948659 0.025168 -0.09802263 0.9948659 0.02516794 -0.09802258 0.9948659 0.01268351 -0.100404 0.9948659 0.01268404 -0.100404 0.9948659 0 -0.1012019 0.994866 0 -0.101202 0.9948659 -0.0126844 -0.100404 0.994866 -0.01268368 -0.100404 0.994866 -0.02516758 -0.09802263 0.9948659 -0.02516794 -0.09802246 0.994866 -0.03725528 -0.09409523 0.9948659 -0.03725492 -0.09409528 0.994866 -0.04875439 -0.08868414 0.9948659 -0.04875421 -0.0886839 0.994866 -0.05948537 -0.08187413 0.9948659 -0.05948501 -0.08187401 0.994866 -0.0692777 -0.07377296 0.9948659 -0.06927746 -0.07377302 0.994866 -0.07797724 -0.06450849 0.994866 -0.07797747 -0.06450861 0.994866 -0.08544766 -0.05422681 0.9948659 -0.0854479 -0.05422645 0.994866 -0.09157037 -0.04308962 0.994866 -0.09157031 -0.04308968 0.994866 -0.09624886 -0.03127312 0.9948659 -0.0962488 -0.031273 0.994866 -0.09940946 -0.01896333 0.9948659 -0.09940946 -0.01896315 0.9948659 -0.1010025 -0.006354391 0.9948659 -0.1010022 -0.006354272 0.994866 -0.1010028 0.006354749 0.9948659 -0.1010021 0.00635457 0.994866 -0.09940958 0.01896375 0.9948659 -0.09940952 0.01896315 0.994866 -0.09624898 0.03127324 0.9948659 -0.0962488 0.0312733 0.9948659 -0.09157037 0.04308986 0.9948659 -0.09157049 0.0430898 0.994866 -0.08544808 0.05422681 0.9948659 -0.08544743 0.05422687 0.994866 -0.07797759 0.06450885 0.9948659 -0.07797753 0.06450861 0.9948659 -0.06927758 0.07377338 0.9948659 -0.06927728 0.07377308 0.994866 -0.05948507 0.08187425 0.9948659 -0.05948519 0.08187425 0.9948659 -0.04875439 0.0886842 0.9948659 -0.04875457 0.08868414 0.9948659 -0.03725486 0.09409546 0.9948659 -0.03725481 0.09409534 0.9948659 -0.025168 0.09802269 0.9948659 -0.02516818 0.09802269 0.9948659 -0.01268398 0.1004042 0.994866 -0.0126838 0.1004042 0.9948659 0 0.1012021 0.994866 0 0.1012022 0.994866 0.01268351 0.1004041 0.9948659 0.01268422 0.1004041 0.9948659 0.025168 0.09802275 0.9948659 0.02516806 0.09802269 0.9948659 0.03725486 0.09409523 0.9948659 0.03725486 0.0940954 0.9948659 0.04875487 0.08868414 0.9948659 0.04875439 0.08868414 0.994866 0.05948531 0.08187413 0.9948659 0.05948513 0.08187425 0.9948659 0.06927758 0.07377314 0.9948659 0.06927758 0.0737732 0.9948659 0.07797759 0.06450861 0.9948659 0.07797753 0.06450879 0.994866 0.08544778 0.05422675 0.9948659 0.08544778 0.05422693 0.994866 0.09157037 0.04308986 0.9948659 0.09157049 0.04308962 0.9948659 0.09624898 0.03127312 0.9948659 0.0962488 0.0312733 0.9948659 0.09940952 0.01896351 0.9948659 0.09940952 0.01896345 0.994866 0.1010023 0.00635451 0.9948659 0.1010025 0.00635457 0.9948659 0.7386916 0.04647511 0.6724395 0.7386937 0.04647547 0.6724371 0.5835413 0.03671348 0.8112531 0.5835441 0.03671413 0.8112512 0.7270432 0.138691 0.6724381 0.7270461 0.1386901 0.6724351 0.5743396 0.1095609 0.8112524 0.5743393 0.1095609 0.8112526 0.7039306 0.2287194 0.6724354 0.7039281 0.2287207 0.6724374 0.5560778 0.1806804 0.8112535 0.5560809 0.1806811 0.8112511 0.6697139 0.3151413 0.6724355 0.6697089 0.3151412 0.6724405 0.5290518 0.2489528 0.8112502 0.5290493 0.2489515 0.8112522 0.624933 0.3965955 0.6724364 0.6249315 0.3965935 0.672439 0.4936771 0.3132965 0.811251 0.4936761 0.3132962 0.8112517 0.5702981 0.4717926 0.6724372 0.5702981 0.4717911 0.6724383 0.4505188 0.3727013 0.81125 0.4505164 0.3726996 0.8112522 0.5066702 0.5395479 0.6724385 0.5066745 0.5395517 0.6724321 0.4002543 0.4262275 0.81125 0.4002507 0.4262244 0.8112534 0.435052 0.5987958 0.6724385 0.4350537 0.5987976 0.6724357 0.343676 0.473028 0.8112531 0.3436746 0.4730278 0.8112537 0.3565687 0.6485947 0.6724461 0.3565737 0.6486083 0.6724302 0.2816796 0.5123732 0.8112523 0.2816815 0.5123759 0.8112501 0.2724697 0.6881788 0.6724361 0.2724666 0.6881739 0.6724423 0.2152425 0.5436426 0.8112481 0.2152421 0.5436397 0.8112502 0.1840704 0.7169026 0.6724351 0.1840696 0.7169018 0.672436 0.1454097 0.5663309 0.8112492 0.1454079 0.5663249 0.8112537 0.09276586 0.7343176 0.6724376 0.09276527 0.7343141 0.6724414 0.07328242 0.5800903 0.811249 0.07328134 0.5800839 0.8112538 0 0.7401467 0.6724455 0 0.7401601 0.6724308 0 0.584701 0.8112489 0 0.584698 0.8112511 -0.09276592 0.7343208 0.672434 -0.09276473 0.7343137 0.672442 -0.07328218 0.5800885 0.8112505 -0.0732817 0.5800889 0.8112502 -0.1840696 0.7169018 0.6724359 -0.1840676 0.7168966 0.6724421 -0.1454095 0.5663312 0.811249 -0.1454086 0.5663301 0.81125 -0.2724683 0.6881762 0.6724393 -0.2724664 0.6881744 0.6724418 -0.2152397 0.5436364 0.8112531 -0.2152439 0.5436447 0.8112463 -0.3565728 0.6486014 0.6724375 -0.3565659 0.648594 0.6724483 -0.2816809 0.5123755 0.8112505 -0.2816802 0.5123761 0.8112503 -0.4350506 0.5987955 0.6724395 -0.4350526 0.5987979 0.6724362 -0.3436739 0.4730274 0.8112543 -0.3436777 0.4730315 0.8112503 -0.5066707 0.5395507 0.6724359 -0.5066698 0.5395482 0.6724386 -0.4002524 0.4262256 0.8112519 -0.4002524 0.4262263 0.8112516 -0.5703009 0.4717952 0.6724331 -0.5702983 0.4717906 0.6724385 -0.4505164 0.372699 0.8112525 -0.4505162 0.3727002 0.8112521 -0.624931 0.3965935 0.6724394 -0.6249322 0.3965955 0.6724373 -0.493675 0.3132961 0.8112525 -0.4936783 0.3132974 0.8112499 -0.6697113 0.3151425 0.6724374 -0.6697127 0.3151424 0.6724361 -0.5290484 0.2489515 0.8112527 -0.5290504 0.2489527 0.8112511 -0.7039291 0.2287212 0.6724362 -0.7039275 0.2287203 0.6724382 -0.556081 0.1806815 0.8112511 -0.556079 0.1806816 0.8112524 -0.727043 0.1386903 0.6724385 -0.7270448 0.1386898 0.6724366 -0.5743392 0.1095618 0.8112526 -0.5743405 0.1095607 0.8112519 -0.7386921 0.04647648 0.6724389 -0.7386927 0.04647517 0.6724383 -0.5835444 0.03671407 0.8112509 -0.5835431 0.03671318 0.8112519 -0.7386933 -0.04647499 0.6724376 -0.738694 -0.04647475 0.6724368 -0.5835416 -0.03671354 0.811253 -0.5835444 -0.03671306 0.8112511 -0.7270432 -0.1386904 0.6724383 -0.7270448 -0.1386905 0.6724365 -0.574341 -0.1095612 0.8112514 -0.5743398 -0.1095612 0.8112523 -0.7039269 -0.2287207 0.6724387 -0.7039285 -0.2287206 0.6724371 -0.5560795 -0.18068 0.8112524 -0.5560824 -0.1806814 0.8112501 -0.6697123 -0.3151407 0.6724374 -0.6697115 -0.3151445 0.6724363 -0.5290508 -0.2489525 0.8112508 -0.5290486 -0.2489519 0.8112525 -0.6249333 -0.3965929 0.6724377 -0.6249349 -0.3965939 0.6724357 -0.4936775 -0.313296 0.8112511 -0.4936773 -0.3132964 0.811251 -0.5702956 -0.4717913 0.6724402 -0.5702981 -0.4717911 0.6724383 -0.4505183 -0.3727009 0.8112505 -0.4505183 -0.3727012 0.8112503 -0.5066688 -0.5395473 0.6724401 -0.5066738 -0.5395511 0.672433 -0.4002556 -0.4262276 0.8112494 -0.4002546 -0.4262266 0.8112505 -0.4350541 -0.5987993 0.6724339 -0.4350463 -0.5987924 0.6724451 -0.3436782 -0.4730334 0.811249 -0.3436746 -0.4730279 0.8112537 -0.3565685 -0.6485941 0.6724468 -0.3565711 -0.6486036 0.6724363 -0.2816783 -0.5123707 0.8112545 -0.2816839 -0.5123804 0.8112463 -0.2724689 -0.6881783 0.672437 -0.2724673 -0.6881738 0.6724422 -0.2152422 -0.5436407 0.8112494 -0.2152427 -0.5436397 0.8112499 -0.1840706 -0.7169029 0.6724346 -0.1840704 -0.7169069 0.6724303 -0.1454089 -0.5663287 0.8112509 -0.145408 -0.5663247 0.8112539 -0.0927661 -0.7343206 0.6724342 -0.09276652 -0.7343239 0.6724306 -0.07328212 -0.5800882 0.8112506 -0.0732817 -0.5800838 0.8112539 0 -0.7401559 0.6724354 0 -0.740149 0.672443 0 -0.5846993 0.8112502 0 -0.584694 0.8112541 0.09276545 -0.7343159 0.6724394 0.09276676 -0.7343244 0.67243 0.07328206 -0.5800861 0.8112521 0.073282 -0.5800889 0.8112502 0.1840683 -0.7168967 0.672442 0.184069 -0.7169019 0.6724361 0.1454071 -0.5663232 0.8112552 0.1454086 -0.5663298 0.8112502 0.2724687 -0.6881763 0.6724389 0.2724688 -0.6881787 0.6724367 0.2152416 -0.5436376 0.8112516 0.2152402 -0.5436347 0.811254 0.3565731 -0.6486027 0.6724361 0.3565724 -0.648603 0.6724361 0.281682 -0.5123772 0.8112491 0.281679 -0.5123714 0.8112537 0.43505 -0.5987968 0.6724389 0.43505 -0.5987958 0.6724397 0.3436744 -0.473028 0.8112537 0.3436765 -0.4730318 0.8112505 0.5066692 -0.539549 0.6724384 0.5066708 -0.5395501 0.6724363 0.4002556 -0.4262272 0.8112495 0.4002545 -0.4262271 0.8112503 0.5702984 -0.4717924 0.6724372 0.5702979 -0.4717916 0.6724381 0.4505171 -0.3727007 0.8112513 0.4505172 -0.3727005 0.8112512 0.624934 -0.3965941 0.6724363 0.6249336 -0.3965936 0.6724371 0.4936758 -0.3132962 0.811252 0.4936741 -0.3132956 0.8112533 0.6697117 -0.3151431 0.6724367 0.6697105 -0.3151426 0.672438 0.5290502 -0.2489511 0.8112516 0.5290502 -0.2489534 0.811251 0.7039293 -0.2287198 0.6724366 0.7039268 -0.2287207 0.6724388 0.5560806 -0.1806812 0.8112514 0.5560795 -0.1806805 0.8112524 0.7270435 -0.1386904 0.6724379 0.7270435 -0.1386914 0.6724379 0.5743387 -0.1095619 0.811253 0.5743407 -0.1095607 0.8112518 0.7386943 -0.04647499 0.6724365 0.7386929 -0.04647445 0.6724382 0.5835434 -0.03671348 0.8112517 0.5835433 -0.03671348 0.8112518 0.1995982 -0.0380752 0.9791379 0.1996001 -0.03807556 0.9791374 0.394622 -0.07527792 0.9157549 0.3946236 -0.07527887 0.915754 0.1932526 -0.06279128 0.9791377 0.1932509 -0.06279087 0.9791381 0.382076 -0.1241431 0.9157545 0.3820746 -0.1241431 0.9157552 0.1838588 -0.08651745 0.9791377 0.1838572 -0.08651721 0.979138 0.3635031 -0.1710509 0.9157549 0.3635016 -0.1710523 0.9157553 0.1715669 -0.1088783 0.9791375 0.1715666 -0.1088777 0.9791377 0.3391991 -0.2152622 0.9157545 0.3391966 -0.2152624 0.9157554 0.1565638 -0.1295227 0.9791382 0.1565689 -0.1295226 0.9791375 0.3095426 -0.2560777 0.9157552 0.3095466 -0.256078 0.9157539 0.1390981 -0.1481246 0.9791378 0.1390984 -0.1481245 0.9791378 0.2750073 -0.2928538 0.9157553 0.2750074 -0.2928531 0.9157555 0.1194366 -0.1643901 0.9791378 0.1194363 -0.16439 0.9791379 0.2361345 -0.3250108 0.9157558 0.2361356 -0.3250131 0.9157546 0.09789168 -0.1780632 0.9791377 0.09789073 -0.1780633 0.9791378 0.1935374 -0.3520429 0.915756 0.1935381 -0.3520444 0.9157553 0.07480329 -0.1889296 0.9791375 0.07480031 -0.1889259 0.9791384 0.1478899 -0.3735275 0.9157542 0.1478893 -0.3735267 0.9157547 0.05053335 -0.1968133 0.9791378 0.05053204 -0.1968114 0.9791383 0.09990966 -0.3891212 0.9157525 0.09990745 -0.3891173 0.9157546 0.02546763 -0.2015934 0.9791381 0.02546751 -0.2015975 0.9791373 0.0503515 -0.3985706 0.9157546 0.0503503 -0.3985667 0.9157562 0 -0.2031959 0.9791382 0 -0.2031996 0.9791374 0 -0.4017392 0.9157542 0 -0.4017382 0.9157546 -0.02546757 -0.2015957 0.9791377 -0.02546757 -0.2015951 0.9791378 -0.05035132 -0.3985706 0.9157546 -0.05035084 -0.3985707 0.9157546 -0.05053347 -0.1968138 0.9791378 -0.05053329 -0.1968134 0.9791378 -0.09990841 -0.3891159 0.915755 -0.09990817 -0.3891171 0.9157546 -0.07480281 -0.1889293 0.9791375 -0.07480102 -0.1889261 0.9791383 -0.1478896 -0.3735277 0.9157542 -0.1478892 -0.3735269 0.9157546 -0.09789139 -0.1780638 0.9791377 -0.09789079 -0.1780632 0.9791379 -0.1935399 -0.352046 0.9157543 -0.19354 -0.352048 0.9157536 -0.1194362 -0.1643901 0.9791378 -0.1194356 -0.1643892 0.9791381 -0.2361379 -0.325014 0.9157537 -0.2361345 -0.3250098 0.9157561 -0.1390988 -0.1481248 0.9791377 -0.1390992 -0.148125 0.9791377 -0.2750047 -0.2928515 0.9157568 -0.2750089 -0.292854 0.9157548 -0.1565653 -0.129522 0.9791381 -0.1565661 -0.1295227 0.9791379 -0.3095436 -0.2560782 0.9157548 -0.3095446 -0.2560771 0.9157547 -0.1715651 -0.1088777 0.979138 -0.1715648 -0.1088786 0.9791379 -0.3391967 -0.2152619 0.9157554 -0.3391991 -0.2152619 0.9157546 -0.1838573 -0.08651733 0.979138 -0.1838597 -0.08651709 0.9791376 -0.3635041 -0.1710519 0.9157544 -0.3635045 -0.1710512 0.9157543 -0.1932525 -0.0627911 0.9791378 -0.1932512 -0.06279146 0.979138 -0.382076 -0.1241436 0.9157546 -0.3820748 -0.1241437 0.915755 -0.199597 -0.03807562 0.9791381 -0.1996024 -0.03807473 0.979137 -0.394621 -0.07527768 0.9157553 -0.3946227 -0.07527858 0.9157545 -0.2027969 -0.01275873 0.9791377 -0.2027973 -0.01275897 0.9791377 -0.4009461 -0.02522504 0.9157543 -0.400946 -0.02522587 0.9157544 -0.202796 0.01275938 0.979138 -0.2027971 0.01275885 0.9791377 -0.4009459 0.02522629 0.9157544 -0.4009456 0.02522522 0.9157546 -0.1995974 0.0380752 0.979138 -0.1995974 0.03807556 0.979138 -0.3946218 0.07527858 0.9157548 -0.3946236 0.07527822 0.915754 -0.193254 0.06279152 0.9791375 -0.1932534 0.06279116 0.9791376 -0.3820739 0.1241433 0.9157555 -0.3820725 0.1241443 0.9157559 -0.1838592 0.08651733 0.9791377 -0.1838549 0.08651769 0.9791385 -0.363503 0.1710514 0.9157549 -0.3635035 0.1710519 0.9157546 -0.1715655 0.1088793 0.9791377 -0.1715638 0.1088777 0.9791381 -0.3392007 0.2152626 0.9157539 -0.3391973 0.2152606 0.9157555 -0.1565635 0.1295229 0.9791383 -0.1565679 0.1295227 0.9791375 -0.3095419 0.2560783 0.9157553 -0.3095467 0.2560777 0.9157539 -0.1390973 0.1481243 0.979138 -0.1390984 0.1481247 0.9791378 -0.2750089 0.2928551 0.9157543 -0.2750101 0.2928548 0.9157541 -0.1194358 0.1643896 0.979138 -0.1194363 0.1643901 0.9791378 -0.2361363 0.3250153 0.9157536 -0.2361356 0.3250138 0.9157544 -0.09789049 0.1780632 0.9791379 -0.09789186 0.1780653 0.9791374 -0.1935414 0.3520494 0.9157528 -0.1935371 0.3520425 0.9157562 -0.07480281 0.1889271 0.979138 -0.07480114 0.1889283 0.9791379 -0.1478908 0.3735276 0.9157541 -0.1478886 0.3735271 0.9157546 -0.05053335 0.1968135 0.9791378 -0.05053389 0.1968159 0.9791373 -0.09990787 0.3891149 0.9157555 -0.09990745 0.3891173 0.9157544 -0.02546727 0.201596 0.9791377 -0.02546757 0.2015952 0.9791378 -0.05035048 0.3985667 0.9157562 -0.05035078 0.3985708 0.9157544 0 0.2031959 0.9791381 0 0.2031967 0.979138 0 0.4017366 0.9157553 0 0.4017373 0.915755 0.02546745 0.2015945 0.9791379 0.02546757 0.2015951 0.9791378 0.05035102 0.3985683 0.9157555 0.05035078 0.3985707 0.9157544 0.05053341 0.1968137 0.9791378 0.05053257 0.1968136 0.9791378 0.09990811 0.3891142 0.9157558 0.09990817 0.3891171 0.9157546 0.07480198 0.1889272 0.979138 0.07480186 0.1889281 0.9791379 0.1478899 0.3735265 0.9157546 0.1478892 0.3735269 0.9157546 0.09789192 0.1780632 0.9791378 0.09788966 0.1780612 0.9791383 0.1935404 0.3520467 0.9157539 0.193539 0.3520462 0.9157544 0.1194369 0.1643896 0.9791379 0.1194377 0.16439 0.9791377 0.236137 0.3250147 0.9157538 0.2361319 0.3250104 0.9157565 0.1390983 0.1481246 0.9791377 0.1390992 0.1481255 0.9791375 0.2750078 0.2928536 0.9157552 0.2750101 0.2928548 0.9157541 0.1565642 0.1295218 0.9791383 0.1565657 0.1295222 0.9791381 0.3095427 0.2560769 0.9157555 0.3095469 0.2560794 0.9157533 0.1715637 0.1088787 0.9791381 0.1715648 0.1088789 0.9791379 0.339201 0.2152626 0.9157536 0.3391981 0.2152598 0.9157555 0.1838604 0.08651721 0.9791375 0.1838572 0.08651739 0.979138 0.3635023 0.1710509 0.9157553 0.3635026 0.1710515 0.9157551 0.1932548 0.0627911 0.9791373 0.1932512 0.06279152 0.979138 0.3820763 0.1241431 0.9157544 0.3820724 0.1241441 0.9157559 0.1995965 0.03807544 0.9791381 0.1996001 0.0380752 0.9791375 0.3946221 0.07527786 0.9157547 0.3946243 0.07527822 0.9157537 0.202796 0.01275908 0.9791379 0.2027944 0.01275897 0.9791382 0.400949 0.02522563 0.915753 0.4009458 0.02522569 0.9157544 0.2027953 -0.01275837 0.979138 0.2027972 -0.01275885 0.9791377 0.4009438 -0.02522569 0.9157553 0.4009458 -0.0252254 0.9157544 0.245886 0.04690521 -0.9681633 0.2458864 0.04690551 -0.9681631 0.7075681 0.134974 -0.6936351 0.7075667 0.134976 -0.693636 0.2380684 0.07735276 -0.9681633 0.2380684 0.07735282 -0.9681632 0.68507 0.2225922 -0.6936367 0.6850708 0.2225924 -0.6936359 0.2264961 0.1065805 -0.9681633 0.2264962 0.1065809 -0.9681632 0.6517717 0.3066998 -0.6936346 0.651771 0.3067007 -0.6936348 0.2113516 0.1341273 -0.9681634 0.2113544 0.1341292 -0.9681625 0.6081925 0.3859693 -0.6936352 0.6081923 0.3859695 -0.6936351 0.1928742 0.1595594 -0.9681634 0.1928752 0.1595598 -0.9681631 0.555023 0.4591537 -0.6936335 0.5550212 0.4591541 -0.6936346 0.1713547 0.1824745 -0.9681636 0.1713562 0.1824755 -0.9681631 0.493099 0.5250965 -0.6936333 0.4930977 0.5250955 -0.6936349 0.1471346 0.2025133 -0.9681631 0.1471336 0.2025114 -0.9681636 0.423397 0.5827552 -0.6936364 0.4234002 0.5827597 -0.6936307 0.1205924 0.219357 -0.9681633 0.1205928 0.2193573 -0.9681631 0.3470221 0.6312298 -0.6936315 0.3470202 0.6312268 -0.6936352 0.09214895 0.2327414 -0.9681633 0.09214842 0.2327398 -0.9681637 0.2651691 0.669741 -0.6936371 0.265172 0.6697463 -0.6936308 0.06225252 0.2424582 -0.9681625 0.0622515 0.2424538 -0.9681637 0.1791391 0.6977018 -0.6936292 0.1791375 0.6976964 -0.693635 0.03137344 0.2483451 -0.9681634 0.03137344 0.2483464 -0.9681631 0.09028112 0.7146456 -0.6936361 0.09028106 0.7146467 -0.693635 0 0.2503192 -0.9681634 0 0.250324 -0.9681621 0 0.720326 -0.6936358 0 0.7203254 -0.6936364 -0.03137338 0.2483475 -0.9681628 -0.03137296 0.2483441 -0.9681637 -0.09028142 0.7146534 -0.6936279 -0.09028029 0.7146468 -0.693635 -0.06225287 0.2424601 -0.9681621 -0.06225103 0.2424517 -0.9681643 -0.1791387 0.6976998 -0.6936313 -0.1791355 0.6976889 -0.693643 -0.09214848 0.2327402 -0.9681636 -0.09214907 0.232742 -0.9681631 -0.2651714 0.669748 -0.6936295 -0.2651687 0.6697394 -0.6936389 -0.1205929 0.2193579 -0.968163 -0.1205927 0.2193573 -0.9681631 -0.347017 0.6312206 -0.6936424 -0.3470216 0.6312308 -0.6936308 -0.1471324 0.2025104 -0.968164 -0.1471346 0.2025133 -0.9681632 -0.4233968 0.5827558 -0.6936361 -0.4233998 0.5827598 -0.6936308 -0.1713575 0.1824771 -0.9681626 -0.1713544 0.1824741 -0.9681637 -0.4930972 0.5250954 -0.6936354 -0.4930949 0.5250927 -0.6936391 -0.1928741 0.1595594 -0.9681634 -0.1928742 0.1595593 -0.9681635 -0.5550184 0.4591519 -0.6936383 -0.5550227 0.4591553 -0.6936327 -0.2113521 0.1341283 -0.9681633 -0.2113521 0.134128 -0.9681633 -0.6081928 0.3859704 -0.6936342 -0.6081916 0.3859698 -0.6936357 -0.226495 0.1065803 -0.9681636 -0.2264959 0.1065808 -0.9681633 -0.6517701 0.3067002 -0.6936359 -0.6517722 0.3067002 -0.693634 -0.2380679 0.07735294 -0.9681633 -0.2380685 0.07735329 -0.9681631 -0.6850712 0.2225926 -0.6936353 -0.6850701 0.2225931 -0.6936364 -0.2458863 0.04690533 -0.9681631 -0.2458857 0.0469051 -0.9681634 -0.7075672 0.1349751 -0.6936357 -0.7075676 0.1349766 -0.693635 -0.2498261 0.01571792 -0.9681633 -0.2498251 0.01571732 -0.9681634 -0.7189055 0.04523026 -0.6936347 -0.7189048 0.04522985 -0.6936355 -0.2498251 -0.01571786 -0.9681634 -0.249826 -0.01571738 -0.9681633 -0.7189049 -0.04523032 -0.6936354 -0.7189055 -0.04522997 -0.6936349 -0.2458862 -0.04690533 -0.9681633 -0.2458862 -0.04690533 -0.9681631 -0.7075681 -0.1349744 -0.6936349 -0.7075666 -0.1349755 -0.6936362 -0.2380684 -0.07735311 -0.9681632 -0.2380682 -0.07735282 -0.9681633 -0.6850703 -0.2225933 -0.693636 -0.6850708 -0.2225922 -0.6936359 -0.2264962 -0.1065815 -0.9681631 -0.2264959 -0.1065809 -0.9681633 -0.6517697 -0.3066992 -0.6936368 -0.651771 -0.3067001 -0.6936351 -0.2113521 -0.1341281 -0.9681633 -0.2113514 -0.1341277 -0.9681634 -0.6081911 -0.3859696 -0.6936361 -0.608192 -0.3859705 -0.6936349 -0.1928747 -0.1595597 -0.9681633 -0.1928741 -0.1595595 -0.9681634 -0.5550231 -0.4591548 -0.6936327 -0.555018 -0.4591519 -0.6936388 -0.1713538 -0.1824735 -0.9681639 -0.1713568 -0.1824761 -0.968163 -0.4930986 -0.5250956 -0.6936342 -0.493099 -0.5250962 -0.6936334 -0.1471345 -0.2025132 -0.9681631 -0.1471347 -0.2025134 -0.9681631 -0.4233983 -0.5827578 -0.6936334 -0.4233976 -0.5827568 -0.6936346 -0.1205916 -0.219356 -0.9681636 -0.1205927 -0.2193575 -0.9681631 -0.3470191 -0.6312247 -0.6936377 -0.3470218 -0.6312306 -0.693631 -0.09214907 -0.2327421 -0.9681631 -0.09214907 -0.2327421 -0.9681631 -0.2651682 -0.6697388 -0.6936396 -0.2651717 -0.6697465 -0.6936308 -0.06225144 -0.2424536 -0.9681637 -0.0622527 -0.2424582 -0.9681625 -0.1791386 -0.6976991 -0.6936321 -0.1791368 -0.6976922 -0.6936393 -0.03137338 -0.2483456 -0.9681633 -0.0313735 -0.2483465 -0.9681631 -0.09028083 -0.7146435 -0.6936383 -0.09028112 -0.7146468 -0.6936349 0 -0.2503217 -0.9681628 0 -0.2503179 -0.9681637 0 -0.7203243 -0.6936375 0 -0.7203264 -0.6936352 0.0313735 -0.2483479 -0.9681628 0.03137308 -0.2483443 -0.9681636 0.09028106 -0.7146482 -0.6936334 0.09028065 -0.7146467 -0.693635 0.06225222 -0.2424569 -0.968163 0.06225156 -0.2424538 -0.9681637 0.1791374 -0.6976951 -0.6936364 0.1791368 -0.6976927 -0.6936389 0.09214919 -0.2327426 -0.968163 0.09214901 -0.232742 -0.9681631 0.2651684 -0.6697391 -0.6936392 0.2651685 -0.6697388 -0.6936393 0.120592 -0.2193561 -0.9681636 0.1205927 -0.2193575 -0.9681631 0.3470221 -0.6312302 -0.6936311 0.34702 -0.6312271 -0.6936351 0.1471332 -0.2025114 -0.9681637 0.1471359 -0.2025151 -0.9681625 0.4233976 -0.5827583 -0.6936335 0.4233973 -0.5827564 -0.6936353 0.1713547 -0.1824744 -0.9681636 0.1713559 -0.1824755 -0.9681631 0.4930968 -0.5250942 -0.6936365 0.4930973 -0.5250959 -0.6936349 0.1928741 -0.1595595 -0.9681634 0.1928752 -0.1595604 -0.9681631 0.5550193 -0.4591522 -0.6936374 0.5550203 -0.4591517 -0.693637 0.2113521 -0.134128 -0.9681632 0.2113522 -0.1341285 -0.9681631 0.6081905 -0.3859695 -0.6936367 0.608192 -0.3859697 -0.6936353 0.2264964 -0.106581 -0.9681631 0.2264954 -0.1065809 -0.9681634 0.6517711 -0.3067018 -0.6936343 0.6517695 -0.306699 -0.693637 0.2380684 -0.07735329 -0.9681633 0.2380684 -0.07735317 -0.9681632 0.6850705 -0.2225924 -0.6936362 0.6850703 -0.2225921 -0.6936364 0.2458862 -0.04690539 -0.9681631 0.245886 -0.04690551 -0.9681632 0.7075663 -0.134976 -0.6936364 0.7075682 -0.1349757 -0.6936345 0.2498258 -0.01571762 -0.9681632 0.2498252 -0.0157175 -0.9681634 0.7189056 -0.04523032 -0.6936346 0.7189049 -0.04522967 -0.6936354 0.2498254 0.01571786 -0.9681633 0.2498259 0.0157172 -0.9681633 0.7189049 0.04522836 -0.6936355 0.7189057 0.04523098 -0.6936345 0.9263724 -0.05828326 0.3720718 0.9263725 -0.05828201 0.3720718 0.9836361 -0.06188607 -0.1692045 0.9836367 -0.06188434 -0.169202 0.9117631 -0.1739282 0.3720715 0.9117629 -0.1739276 0.3720723 0.968124 -0.1846798 -0.1692019 0.9681239 -0.1846786 -0.1692037 0.882774 -0.2868312 0.3720726 0.8827746 -0.2868316 0.3720707 0.9373435 -0.3045614 -0.1692031 0.937344 -0.3045614 -0.1692003 0.8398646 -0.3952096 0.3720712 0.8398642 -0.3952085 0.3720731 0.8917807 -0.4196411 -0.1691996 0.89178 -0.4196406 -0.169205 0.7837082 -0.4973574 0.3720716 0.7837074 -0.4973558 0.372075 0.8321536 -0.528101 -0.1692032 0.8321539 -0.5281 -0.1692052 0.715193 -0.5916597 0.3720725 0.7151939 -0.5916597 0.3720707 0.7594032 -0.628233 -0.1692047 0.7594036 -0.6282339 -0.1691993 0.6354025 -0.6766331 0.3720639 0.6353975 -0.6766295 0.3720789 0.6746777 -0.7184574 -0.1692008 0.6746766 -0.7184579 -0.169203 0.5455851 -0.7509346 0.3720676 0.5455836 -0.750932 0.3720749 0.5793099 -0.7973526 -0.1692011 0.5793096 -0.7973524 -0.1692032 0.4471647 -0.8133887 0.372079 0.4471653 -0.8133901 0.3720749 0.4748077 -0.8636709 -0.1692051 0.4748068 -0.8636702 -0.1692107 0.3416943 -0.8630215 0.3720739 0.3416942 -0.863021 0.372075 0.3628172 -0.9163717 -0.1691941 0.3628167 -0.9163702 -0.1692032 0.2308352 -0.8990441 0.3720684 0.2308355 -0.8990448 0.3720667 0.245104 -0.954618 -0.1692001 0.2451044 -0.9546187 -0.1691956 0.1163349 -0.9208862 0.3720684 0.1163341 -0.9208837 0.3720748 0.1235258 -0.9778075 -0.1692155 0.1235262 -0.977811 -0.1691955 0 -0.9281989 0.3720846 0 -0.9282059 0.3720672 0 -0.985581 -0.1692042 0 -0.9855812 -0.1692032 -0.1163351 -0.9208847 0.3720722 -0.1163347 -0.9208836 0.3720749 -0.1235266 -0.97781 -0.1692011 -0.1235264 -0.9778096 -0.169203 -0.2308357 -0.8990454 0.3720648 -0.2308343 -0.8990384 0.3720828 -0.2451038 -0.9546169 -0.169206 -0.2451043 -0.9546173 -0.1692032 -0.3416955 -0.863025 0.3720646 -0.3416938 -0.8630213 0.3720749 -0.3628169 -0.9163711 -0.1691986 -0.3628163 -0.9163704 -0.1692031 -0.4471667 -0.813393 0.3720669 -0.4471654 -0.8133901 0.3720749 -0.474808 -0.8636723 -0.1691973 -0.4748079 -0.8636711 -0.1692032 -0.5455848 -0.750934 0.3720692 -0.5455844 -0.7509315 0.3720747 -0.5793092 -0.7973516 -0.1692085 -0.5793099 -0.7973521 -0.1692029 -0.6353997 -0.6766301 0.372074 -0.6354017 -0.6766338 0.3720638 -0.6746771 -0.7184571 -0.1692052 -0.6746777 -0.7184578 -0.1691995 -0.7151913 -0.5916589 0.3720768 -0.7151924 -0.5916589 0.3720748 -0.7594034 -0.6282325 -0.1692054 -0.7594026 -0.6282341 -0.169203 -0.7837085 -0.4973549 0.372074 -0.7837087 -0.4973552 0.3720733 -0.8321539 -0.5281 -0.1692052 -0.8321538 -0.5281007 -0.1692031 -0.8398637 -0.3952105 0.3720721 -0.8398644 -0.3952106 0.3720706 -0.8917804 -0.4196401 -0.1692039 -0.8917814 -0.4196398 -0.1691994 -0.8827751 -0.2868301 0.3720709 -0.8827742 -0.2868309 0.3720723 -0.937344 -0.3045615 -0.1692 -0.9373432 -0.3045616 -0.169204 -0.911763 -0.1739268 0.3720724 -0.9117631 -0.1739276 0.3720715 -0.9681237 -0.1846798 -0.169204 -0.9681243 -0.1846784 -0.1692019 -0.9263724 -0.05828338 0.3720715 -0.9263724 -0.05828201 0.3720718 -0.9836365 -0.06188619 -0.1692022 -0.9836363 -0.06188434 -0.1692044 -0.9263725 0.05828207 0.3720717 -0.9263725 0.0582838 0.3720713 -0.9836362 0.06188505 -0.1692044 -0.9836366 0.06188607 -0.1692022 -0.9117633 0.1739268 0.3720716 -0.9117626 0.1739295 0.3720722 -0.9681241 0.1846788 -0.1692023 -0.9681237 0.1846797 -0.1692039 -0.8827743 0.2868311 0.3720719 -0.8827744 0.286831 0.3720718 -0.9373434 0.3045613 -0.169203 -0.9373434 0.3045627 -0.1692012 -0.8398656 0.39521 0.3720683 -0.8398639 0.3952096 0.3720729 -0.8917807 0.4196404 -0.1692014 -0.8917804 0.4196406 -0.1692031 -0.7837066 0.4973562 0.3720764 -0.7837075 0.4973555 0.3720753 -0.832154 0.5281007 -0.1692023 -0.8321533 0.5281004 -0.1692071 -0.7151921 0.5916585 0.3720761 -0.7151958 0.5916625 0.3720626 -0.7594038 0.6282328 -0.1692023 -0.759403 0.6282336 -0.1692031 -0.6353976 0.6766309 0.3720762 -0.635401 0.6766327 0.372067 -0.6746762 0.7184579 -0.1692051 -0.6746771 0.7184575 -0.169203 -0.5455834 0.7509323 0.3720747 -0.5455855 0.7509345 0.3720671 -0.5793096 0.7973524 -0.1692031 -0.5793104 0.7973533 -0.1691955 -0.447166 0.8133924 0.3720691 -0.4471651 0.8133903 0.3720749 -0.4748076 0.8636715 -0.1692025 -0.474808 0.8636725 -0.1691957 -0.3416945 0.8630226 0.3720715 -0.3416924 0.8630186 0.3720824 -0.3628155 0.9163696 -0.1692095 -0.3628168 0.9163717 -0.1691955 -0.2308357 0.899046 0.3720636 -0.2308351 0.8990415 0.3720747 -0.2451044 0.9546195 -0.1691908 -0.245104 0.9546174 -0.1692031 -0.1163347 0.9208853 0.3720704 -0.116333 0.9208807 0.3720827 -0.1235256 0.9778094 -0.1692043 -0.1235258 0.9778084 -0.1692106 0 0.9281989 0.3720846 0 0.9282054 0.3720682 0 0.985579 -0.1692164 0 0.9855824 -0.1691961 0.1163347 0.9208779 0.3720889 0.1163353 0.9208931 0.3720511 0.1235266 0.9778091 -0.1692055 0.1235263 0.9778057 -0.1692256 0.230835 0.899043 0.3720712 0.2308353 0.8990414 0.3720749 0.2451035 0.9546162 -0.1692105 0.2451038 0.9546161 -0.1692107 0.3416949 0.8630235 0.3720689 0.341695 0.8630243 0.3720669 0.3628163 0.9163696 -0.1692077 0.3628168 0.9163715 -0.1691956 0.4471666 0.8133921 0.3720692 0.4471643 0.8133872 0.3720825 0.4748073 0.8636699 -0.1692116 0.4748079 0.8636712 -0.169203 0.5455849 0.7509329 0.3720715 0.5455824 0.7509291 0.3720827 0.579311 0.7973513 -0.1692036 0.5793093 0.7973527 -0.1692029 0.6353997 0.676631 0.3720723 0.6353984 0.676631 0.3720746 0.6746772 0.7184578 -0.1692017 0.6746777 0.7184569 -0.169203 0.7151924 0.5916586 0.3720751 0.7151932 0.5916579 0.3720749 0.7594031 0.6282331 -0.1692044 0.7594032 0.6282333 -0.169203 0.7837085 0.4973574 0.372071 0.7837076 0.4973558 0.3720749 0.8321534 0.5281002 -0.1692067 0.8321545 0.5280998 -0.1692032 0.8398635 0.395209 0.3720741 0.8398647 0.3952096 0.3720707 0.8917803 0.4196399 -0.1692048 0.891781 0.4196393 -0.169203 0.8827754 0.2868305 0.3720697 0.8827744 0.28683 0.3720727 0.937344 0.3045606 -0.1692014 0.9373436 0.3045609 -0.1692029 0.9117628 0.1739275 0.3720723 0.911763 0.1739272 0.3720721 0.9681239 0.1846785 -0.1692044 0.968124 0.1846796 -0.1692023 0.9263724 0.0582844 0.3720713 0.9263725 0.05828255 0.3720716 0.9836365 0.06188613 -0.1692021 0.9836362 0.06188499 -0.1692044</float_array>
          <technique_common>
            <accessor source="#push_button_text_1_-mesh-normals-array" count="7123" stride="3">
              <param name="X" type="float"/>
              <param name="Y" type="float"/>
              <param name="Z" type="float"/>
            </accessor>
          </technique_common>
        </source>
        <vertices id="push_button_text_1_-mesh-vertices">
          <input semantic="POSITION" source="#push_button_text_1_-mesh-positions"/>
        </vertices>
        <triangles material="Material_001-material" count="6054">
          <input semantic="VERTEX" source="#push_button_text_1_-mesh-vertices" offset="0"/>
          <input semantic="NORMAL" source="#push_button_text_1_-mesh-normals" offset="1"/>
          <p>0 0 1 0 2 0 3 1 4 1 5 1 6 2 7 2 8 2 8 3 7 3 9 3 10 4 11 4 12 4 13 5 14 5 15 5 16 6 17 6 18 6 19 7 20 7 21 7 18 8 22 8 16 8 23 9 24 9 25 9 26 10 22 10 27 10 28 11 29 11 30 11 30 12 31 12 28 12 32 13 31 13 33 13 32 14 33 14 34 14 35 15 34 15 36 15 37 16 36 16 38 16 26 17 27 17 39 17 40 18 26 18 39 18 41 19 42 19 43 19 44 20 43 20 45 20 46 21 47 21 48 21 49 22 50 22 48 22 51 23 49 23 52 23 53 24 51 24 54 24 55 25 53 25 56 25 57 26 58 26 59 26 57 27 59 27 60 27 60 28 59 28 61 28 62 29 61 29 63 29 64 30 63 30 65 30 66 31 67 31 68 31 69 32 70 32 71 32 71 33 70 33 72 33 70 34 73 34 72 34 74 35 75 35 76 35 76 36 75 36 77 36 77 37 75 37 78 37 79 38 78 38 80 38 79 39 80 39 81 39 82 40 83 40 84 40 85 41 84 41 86 41 37 42 38 42 87 42 88 43 89 43 90 43 88 44 90 44 91 44 92 45 93 45 94 45 95 46 96 46 97 46 98 47 99 47 100 47 101 48 102 48 103 48 104 49 96 49 95 49 105 50 106 50 107 50 108 51 105 51 109 51 110 52 111 52 104 52 104 53 112 53 110 53 111 54 110 54 113 54 114 55 115 55 116 55 117 56 118 56 119 56 120 57 118 57 121 57 120 58 121 58 122 58 121 59 123 59 122 59 124 60 102 60 101 60 108 61 109 61 125 61 108 62 125 62 126 62 126 63 127 63 128 63 129 64 127 64 130 64 130 65 131 65 129 65 132 66 133 66 134 66 135 67 134 67 136 67 137 68 136 68 138 68 139 69 140 69 141 69 138 70 142 70 143 70 144 71 145 71 146 71 146 72 147 72 148 72 148 73 147 73 149 73 149 74 147 74 150 74 150 75 147 75 151 75 150 76 151 76 152 76 152 77 153 77 154 77 154 78 155 78 156 78 155 79 157 79 156 79 158 80 159 80 160 80 161 81 162 81 158 81 163 82 164 82 165 82 166 83 163 83 165 83 167 84 168 84 169 84 170 85 171 85 172 85 173 86 174 86 175 86 176 87 170 87 177 87 178 88 173 88 175 88 179 89 180 89 176 89 173 90 178 90 181 90 182 91 173 91 181 91 176 92 177 92 179 92 182 93 181 93 183 93 180 94 179 94 184 94 185 95 186 95 187 95 188 96 189 96 190 96 188 97 190 97 191 97 188 98 191 98 192 98 193 99 188 99 192 99 194 100 195 100 184 100 196 101 197 101 198 101 199 102 196 102 200 102 199 103 200 103 201 103 199 104 201 104 202 104 199 105 202 105 203 105 199 106 203 106 204 106 205 107 206 107 207 107 208 108 209 108 210 108 211 109 208 109 210 109 212 110 213 110 193 110 214 111 215 111 216 111 217 112 218 112 219 112 217 113 220 113 218 113 219 114 221 114 217 114 222 115 220 115 217 115 223 116 194 116 184 116 193 117 192 117 212 117 199 118 204 118 224 118 225 119 199 119 224 119 224 120 226 120 225 120 213 121 212 121 227 121 228 122 229 122 230 122 231 123 232 123 233 123 234 124 235 124 236 124 236 125 237 125 234 125 237 126 238 126 239 126 238 127 240 127 241 127 241 128 240 128 242 128 243 129 244 129 242 129 217 130 245 130 222 130 220 131 222 131 246 131 247 132 248 132 249 132 250 133 251 133 252 133 253 134 254 134 255 134 256 135 257 135 258 135 259 136 260 136 261 136 262 137 263 137 264 137 265 138 266 138 267 138 268 139 269 139 270 139 271 140 272 140 273 140 274 141 275 141 257 141 276 142 277 142 278 142 279 143 280 143 281 143 281 144 280 144 282 144 283 145 284 145 285 145 286 146 287 146 288 146 289 147 286 147 288 147 290 148 291 148 287 148 292 149 289 149 288 149 293 150 290 150 294 150 292 151 288 151 295 151 296 152 292 152 295 152 297 153 296 153 295 153 297 154 295 154 298 154 299 155 297 155 298 155 299 156 298 156 300 156 300 157 301 157 302 157 303 158 304 158 301 158 303 159 301 159 305 159 303 160 305 160 306 160 306 161 305 161 307 161 306 162 307 162 308 162 294 163 309 163 293 163 310 164 293 164 309 164 310 165 309 165 311 165 312 166 313 166 310 166 310 167 311 167 312 167 313 168 312 168 314 168 313 169 314 169 315 169 315 170 314 170 316 170 315 171 317 171 318 171 319 172 318 172 320 172 319 173 321 173 322 173 322 174 323 174 324 174 324 175 323 175 325 175 324 176 325 176 326 176 324 177 326 177 327 177 328 178 327 178 326 178 328 179 326 179 329 179 330 180 328 180 329 180 330 181 329 181 331 181 332 182 330 182 331 182 332 183 331 183 333 183 334 184 335 184 336 184 336 185 335 185 337 185 338 186 336 186 337 186 339 187 340 187 341 187 341 188 342 188 339 188 343 189 338 189 337 189 344 190 343 190 345 190 346 191 344 191 347 191 348 192 346 192 347 192 348 193 349 193 350 193 351 194 350 194 352 194 351 195 352 195 353 195 351 196 353 196 354 196 354 197 355 197 356 197 342 198 357 198 358 198 359 199 360 199 358 199 358 200 357 200 359 200 360 201 361 201 362 201 362 202 363 202 364 202 365 203 364 203 366 203 365 204 366 204 367 204 365 205 367 205 368 205 365 206 368 206 369 206 369 207 368 207 370 207 369 208 370 208 371 208 371 209 370 209 372 209 371 210 372 210 373 210 373 211 372 211 374 211 375 212 373 212 374 212 375 213 374 213 376 213 377 214 375 214 376 214 378 215 379 215 377 215 379 216 378 216 380 216 379 217 380 217 355 217 381 218 382 218 383 218 384 219 385 219 386 219 384 220 387 220 388 220 387 221 384 221 389 221 387 222 389 222 390 222 391 223 390 223 392 223 391 224 392 224 393 224 394 225 382 225 381 225 394 226 395 226 396 226 397 227 396 227 398 227 394 228 381 228 399 228 395 229 399 229 400 229 397 230 398 230 401 230 402 231 397 231 401 231 403 232 402 232 401 232 404 233 403 233 405 233 406 234 404 234 405 234 406 235 405 235 407 235 406 236 407 236 408 236 408 237 407 237 409 237 410 238 409 238 411 238 410 239 411 239 412 239 412 240 413 240 414 240 414 241 415 241 416 241 416 242 415 242 417 242 418 243 419 243 417 243 391 244 393 244 420 244 421 245 422 245 423 245 424 246 425 246 426 246 427 247 428 247 429 247 430 248 431 248 432 248 433 249 434 249 435 249 436 250 437 250 438 250 439 251 440 251 441 251 442 252 443 252 444 252 445 253 446 253 447 253 448 254 449 254 450 254 451 255 452 255 453 255 454 256 455 256 456 256 457 257 458 257 459 257 460 258 461 258 462 258 463 259 464 259 465 259 466 260 467 260 468 260 469 261 470 261 471 261 472 262 20 262 19 262 473 263 474 263 475 263 476 264 477 264 478 264 477 265 28 265 32 265 479 266 480 266 481 266 480 267 32 267 35 267 482 268 483 268 484 268 483 269 35 269 37 269 485 270 486 270 487 270 484 271 37 271 87 271 488 272 489 272 490 272 489 273 88 273 91 273 491 274 492 274 493 274 492 275 91 275 494 275 495 276 496 276 497 276 493 277 494 277 498 277 499 278 500 278 501 278 500 279 502 279 503 279 504 280 505 280 506 280 505 281 503 281 507 281 508 282 509 282 510 282 509 283 507 283 511 283 512 284 513 284 514 284 513 285 511 285 17 285 514 286 17 286 16 286 515 287 16 287 22 287 516 288 22 288 26 288 517 289 26 289 40 289 518 290 40 290 41 290 519 291 41 291 44 291 520 292 44 292 521 292 522 293 521 293 46 293 523 294 522 294 524 294 522 295 46 295 50 295 524 296 50 296 49 296 525 297 526 297 527 297 527 298 49 298 51 298 528 299 529 299 530 299 530 300 51 300 53 300 531 301 532 301 533 301 534 302 533 302 535 302 535 303 55 303 57 303 536 304 535 304 537 304 538 305 57 305 60 305 539 306 540 306 538 306 541 307 60 307 62 307 542 308 543 308 544 308 544 309 62 309 64 309 545 310 546 310 547 310 547 311 64 311 548 311 549 312 548 312 66 312 550 313 551 313 552 313 553 314 552 314 554 314 552 315 68 315 71 315 555 316 556 316 554 316 554 317 71 317 72 317 557 318 558 318 559 318 559 319 72 319 74 319 74 320 560 320 559 320 561 321 76 321 77 321 562 322 79 322 81 322 563 323 81 323 82 323 564 324 82 324 85 324 564 325 85 325 565 325 566 326 565 326 567 326 568 327 567 327 569 327 570 328 568 328 571 328 571 329 568 329 569 329 572 330 573 330 574 330 573 331 575 331 576 331 574 332 576 332 577 332 578 333 577 333 24 333 579 334 578 334 580 334 581 335 24 335 23 335 582 336 581 336 583 336 583 337 23 337 584 337 585 338 586 338 587 338 586 339 584 339 20 339 588 340 589 340 92 340 588 341 92 341 94 341 590 342 94 342 591 342 592 343 590 343 593 343 593 344 591 344 594 344 595 345 594 345 596 345 597 346 596 346 598 346 599 347 597 347 600 347 601 348 602 348 603 348 604 349 603 349 605 349 606 350 607 350 608 350 607 351 605 351 609 351 610 352 608 352 609 352 611 353 608 353 610 353 612 354 613 354 610 354 610 355 609 355 614 355 615 356 616 356 617 356 618 357 617 357 619 357 614 358 620 358 616 358 621 359 619 359 622 359 623 360 622 360 624 360 624 361 620 361 625 361 626 362 627 362 628 362 629 363 630 363 628 363 631 364 632 364 633 364 631 365 630 365 634 365 635 366 634 366 636 366 637 367 635 367 638 367 639 368 636 368 640 368 641 369 640 369 589 369 642 370 643 370 641 370 644 371 645 371 646 371 646 372 103 372 102 372 647 373 102 373 124 373 648 374 649 374 647 374 650 375 647 375 124 375 651 376 650 376 652 376 653 377 654 377 106 377 655 378 106 378 105 378 656 379 105 379 108 379 657 380 108 380 128 380 658 381 657 381 659 381 659 382 128 382 129 382 660 383 661 383 662 383 661 384 129 384 663 384 662 385 663 385 132 385 664 386 665 386 666 386 665 387 132 387 135 387 666 388 135 388 137 388 667 389 137 389 138 389 668 390 138 390 669 390 670 391 669 391 671 391 672 392 673 392 674 392 671 393 675 393 676 393 677 394 676 394 678 394 679 395 680 395 681 395 682 396 679 396 683 396 683 397 684 397 685 397 686 398 687 398 688 398 689 399 685 399 690 399 691 400 692 400 693 400 694 401 695 401 696 401 697 402 694 402 696 402 697 403 696 403 698 403 699 404 700 404 701 404 702 405 703 405 699 405 704 406 701 406 705 406 706 407 704 407 707 407 707 408 705 408 708 408 709 409 707 409 710 409 710 410 708 410 711 410 712 411 711 411 713 411 714 412 715 412 716 412 715 413 713 413 717 413 716 414 717 414 718 414 719 415 716 415 720 415 721 416 720 416 722 416 720 417 718 417 723 417 722 418 723 418 724 418 725 419 722 419 726 419 727 420 726 420 728 420 726 421 724 421 729 421 728 422 729 422 730 422 731 423 728 423 732 423 732 424 730 424 100 424 733 425 99 425 98 425 734 426 733 426 735 426 736 427 737 427 738 427 735 428 98 428 739 428 735 429 739 429 740 429 741 430 740 430 97 430 742 431 97 431 96 431 743 432 742 432 744 432 745 433 744 433 746 433 744 434 96 434 104 434 746 435 104 435 111 435 747 436 111 436 748 436 749 437 750 437 751 437 750 438 748 438 114 438 751 439 114 439 752 439 753 440 752 440 119 440 754 441 119 441 120 441 755 442 754 442 756 442 756 443 120 443 122 443 757 444 756 444 758 444 758 445 122 445 759 445 760 446 758 446 761 446 761 447 759 447 139 447 762 448 139 448 763 448 764 449 765 449 766 449 765 450 763 450 144 450 766 451 144 451 148 451 767 452 148 452 149 452 768 453 149 453 150 453 769 454 770 454 771 454 772 455 773 455 774 455 773 456 154 456 156 456 775 457 774 457 776 457 774 458 156 458 777 458 776 459 777 459 778 459 779 460 778 460 780 460 781 461 779 461 782 461 782 462 780 462 158 462 783 463 158 463 162 463 784 464 162 464 785 464 786 465 785 465 163 465 787 466 788 466 789 466 163 467 166 467 789 467 790 468 791 468 167 468 792 469 790 469 793 469 794 470 793 470 795 470 796 471 167 471 169 471 797 472 169 472 798 472 799 473 797 473 800 473 800 474 798 474 801 474 802 475 800 475 803 475 803 476 801 476 804 476 805 477 804 477 806 477 807 478 808 478 809 478 808 479 806 479 810 479 809 480 810 480 811 480 812 481 809 481 813 481 809 482 811 482 814 482 815 483 814 483 816 483 817 484 815 484 818 484 818 485 816 485 819 485 820 486 819 486 821 486 822 487 821 487 823 487 824 488 823 488 825 488 826 489 825 489 827 489 827 490 645 490 826 490 828 491 174 491 173 491 829 492 830 492 831 492 830 493 173 493 182 493 831 494 182 494 832 494 833 495 834 495 835 495 834 496 832 496 836 496 837 497 835 497 838 497 835 498 836 498 839 498 838 499 839 499 840 499 841 500 840 500 842 500 843 501 842 501 228 501 844 502 843 502 845 502 846 503 231 503 233 503 847 504 233 504 235 504 848 505 235 505 234 505 849 506 848 506 850 506 851 507 849 507 850 507 852 508 850 508 853 508 850 509 237 509 239 509 854 510 855 510 853 510 239 511 241 511 856 511 857 512 241 512 242 512 858 513 857 513 859 513 860 514 861 514 859 514 862 515 863 515 864 515 864 516 242 516 244 516 865 517 244 517 866 517 865 518 866 518 867 518 868 519 867 519 869 519 868 520 869 520 870 520 870 521 871 521 872 521 873 522 870 522 874 522 875 523 874 523 876 523 874 524 877 524 878 524 876 525 878 525 879 525 880 526 879 526 881 526 882 527 883 527 884 527 884 528 881 528 885 528 886 529 884 529 887 529 887 530 885 530 888 530 889 531 890 531 891 531 892 532 888 532 893 532 892 533 893 533 894 533 895 534 892 534 896 534 896 535 894 535 187 535 896 536 187 536 186 536 897 537 186 537 898 537 898 538 185 538 188 538 898 539 188 539 193 539 899 540 898 540 900 540 901 541 902 541 900 541 903 542 193 542 213 542 904 543 905 543 903 543 906 544 213 544 907 544 908 545 909 545 906 545 215 546 907 546 216 546 910 547 215 547 911 547 911 548 214 548 216 548 912 549 913 549 914 549 911 550 216 550 915 550 916 551 912 551 917 551 917 552 918 552 219 552 919 553 917 553 920 553 917 554 219 554 218 554 920 555 218 555 220 555 921 556 920 556 922 556 922 557 220 557 923 557 924 558 923 558 925 558 926 559 927 559 928 559 927 560 925 560 929 560 928 561 929 561 930 561 931 562 928 562 932 562 932 563 930 563 933 563 934 564 932 564 935 564 933 565 936 565 935 565 937 566 935 566 938 566 938 567 936 567 939 567 940 568 938 568 941 568 942 569 939 569 943 569 944 570 941 570 942 570 945 571 943 571 172 571 946 572 947 572 948 572 947 573 172 573 171 573 949 574 171 574 170 574 950 575 949 575 951 575 949 576 170 576 176 576 952 577 176 577 180 577 953 578 954 578 955 578 955 579 180 579 195 579 956 580 957 580 958 580 958 581 194 581 223 581 958 582 223 582 959 582 960 583 959 583 961 583 962 584 961 584 963 584 964 585 963 585 965 585 966 586 964 586 965 586 967 587 968 587 966 587 969 588 970 588 971 588 972 589 973 589 974 589 975 590 976 590 974 590 977 591 978 591 979 591 980 592 977 592 979 592 980 593 981 593 982 593 983 594 984 594 985 594 986 595 987 595 988 595 989 596 988 596 990 596 991 597 985 597 992 597 993 598 990 598 994 598 995 599 993 599 996 599 996 600 994 600 997 600 998 601 999 601 1000 601 1000 602 997 602 1001 602 1002 603 1001 603 1003 603 1004 604 1002 604 1003 604 1005 605 1006 605 1007 605 1007 606 1008 606 1009 606 1007 607 1009 607 1010 607 1011 608 1012 608 1013 608 1010 609 1009 609 198 609 197 610 1014 610 1015 610 197 611 1016 611 198 611 1017 612 197 612 196 612 1017 613 196 613 199 613 1018 614 1019 614 1020 614 1021 615 1019 615 1018 615 1022 616 1023 616 1024 616 1025 617 1026 617 206 617 1025 618 206 618 1027 618 1027 619 206 619 205 619 1028 620 1029 620 1027 620 1030 621 1031 621 1032 621 1033 622 1030 622 1034 622 1035 623 1034 623 1036 623 1034 624 1037 624 209 624 1038 625 1036 625 1039 625 1036 626 209 626 208 626 1040 627 1039 627 1041 627 1039 628 208 628 1042 628 1041 629 1042 629 1043 629 1044 630 1041 630 1045 630 1046 631 1045 631 1047 631 1047 632 1048 632 1049 632 1050 633 1047 633 1051 633 1052 634 1053 634 1054 634 1052 635 1054 635 1055 635 1056 636 1052 636 1055 636 1057 637 1055 637 1058 637 1055 638 1059 638 1060 638 1061 639 1058 639 1062 639 1058 640 1060 640 1063 640 1064 641 1062 641 1065 641 1062 642 1063 642 1066 642 1067 643 1068 643 1069 643 1069 644 175 644 174 644 1070 645 1071 645 1072 645 1073 646 1074 646 1075 646 1076 647 1077 647 1078 647 1079 648 1080 648 1081 648 1077 649 1082 649 1083 649 1084 650 1085 650 1086 650 1087 651 1088 651 1089 651 1090 652 1091 652 1088 652 1092 653 1093 653 1094 653 1095 654 1096 654 1097 654 1098 655 1099 655 1100 655 1101 656 1102 656 1103 656 1104 657 1105 657 1106 657 1107 658 1108 658 1105 658 1109 659 1110 659 1111 659 1112 660 1113 660 1114 660 1115 661 1116 661 1117 661 1118 662 1119 662 1120 662 1121 663 1122 663 1123 663 1124 664 1125 664 1122 664 1126 665 254 665 1127 665 1128 666 1129 666 1130 666 1131 667 1132 667 1133 667 1134 668 266 668 1132 668 1135 669 1136 669 1137 669 1138 670 1139 670 1140 670 1141 671 1142 671 1143 671 1144 672 1145 672 1142 672 1146 673 1147 673 1148 673 1149 674 1150 674 1151 674 1152 675 1153 675 1154 675 1155 676 1156 676 1153 676 1157 677 1158 677 1159 677 1160 678 1161 678 1162 678 1163 679 1164 679 1165 679 1166 680 1167 680 1168 680 1169 681 1170 681 1171 681 1165 682 1172 682 1169 682 1173 683 303 683 306 683 1174 684 1175 684 1176 684 1177 685 308 685 1178 685 1179 686 1178 686 1180 686 1181 687 1179 687 1182 687 1183 688 1182 688 1184 688 1185 689 1186 689 1187 689 1188 690 1186 690 1184 690 1189 691 1190 691 1191 691 1192 692 1191 692 1193 692 1194 693 1195 693 1196 693 1196 694 1193 694 1197 694 1198 695 1197 695 1199 695 1200 696 1201 696 1202 696 1203 697 1200 697 1204 697 1205 698 1206 698 1207 698 1208 699 1207 699 1209 699 1210 700 1211 700 1212 700 1213 701 1212 701 1214 701 1212 702 1215 702 1216 702 1217 703 1216 703 1218 703 1219 704 1217 704 1220 704 1221 705 1220 705 1222 705 1220 706 1218 706 1223 706 1222 707 1223 707 1224 707 1225 708 1222 708 1226 708 1226 709 1224 709 1227 709 1228 710 1227 710 286 710 1229 711 1230 711 1231 711 1231 712 286 712 289 712 1232 713 1231 713 1233 713 1234 714 1235 714 1233 714 1233 715 289 715 292 715 1236 716 292 716 296 716 1237 717 296 717 297 717 1238 718 299 718 302 718 1239 719 1240 719 1241 719 1240 720 302 720 304 720 1241 721 304 721 303 721 1242 722 1243 722 1244 722 1245 723 1244 723 1246 723 1244 724 291 724 290 724 1247 725 1248 725 1249 725 293 726 310 726 1249 726 1250 727 310 727 313 727 1251 728 1252 728 1253 728 1254 729 313 729 315 729 1255 730 1254 730 1256 730 1257 731 1258 731 1259 731 1258 732 315 732 318 732 1260 733 1261 733 1262 733 1262 734 319 734 322 734 1263 735 1264 735 1265 735 1265 736 322 736 324 736 1266 737 1267 737 1268 737 324 738 327 738 1269 738 1270 739 1271 739 1272 739 1273 740 1269 740 1270 740 1270 741 328 741 330 741 1274 742 1275 742 1276 742 1277 743 330 743 332 743 1278 744 1279 744 1277 744 332 745 1280 745 1281 745 1280 746 1282 746 1283 746 1284 747 1283 747 1285 747 1285 748 1282 748 1286 748 1287 749 1288 749 1289 749 1289 750 1286 750 1290 750 1291 751 1292 751 1293 751 1294 752 351 752 354 752 1295 753 1296 753 1297 753 1297 754 356 754 1298 754 1299 755 1297 755 1300 755 1301 756 1302 756 1300 756 1303 757 1304 757 1305 757 1298 758 1306 758 1305 758 1307 759 1306 759 1308 759 1309 760 1310 760 1311 760 1312 761 1313 761 1314 761 1315 762 1316 762 1317 762 1316 763 1314 763 1318 763 1319 764 1320 764 1317 764 1321 765 1318 765 1322 765 1323 766 1322 766 1324 766 1325 767 1323 767 1326 767 1326 768 1324 768 1327 768 1328 769 1326 769 1329 769 1330 770 1329 770 1331 770 1332 771 1331 771 1333 771 1331 772 1327 772 1334 772 1335 773 1334 773 1336 773 1337 774 1338 774 1339 774 1340 775 1341 775 1342 775 1341 776 1336 776 1343 776 1344 777 1342 777 1345 777 1345 778 1343 778 1346 778 1346 779 1347 779 1348 779 1349 780 1347 780 1350 780 1351 781 1350 781 334 781 1352 782 334 782 336 782 1353 783 336 783 338 783 1354 784 1353 784 1355 784 1355 785 338 785 343 785 1356 786 1355 786 1357 786 1358 787 1359 787 1360 787 1360 788 1359 788 344 788 1361 789 1360 789 1362 789 1363 790 1364 790 1362 790 1362 791 346 791 348 791 1365 792 1366 792 1367 792 1367 793 1368 793 350 793 1369 794 350 794 351 794 351 795 1294 795 1369 795 1370 796 1371 796 1372 796 1372 797 340 797 339 797 1373 798 1374 798 1375 798 1376 799 339 799 358 799 1377 800 1378 800 1379 800 360 801 362 801 1380 801 362 802 364 802 1381 802 1382 803 1381 803 1383 803 1383 804 364 804 365 804 1384 805 1385 805 1386 805 1385 806 365 806 369 806 1387 807 1386 807 1388 807 1389 808 1387 808 1388 808 1390 809 1388 809 373 809 1391 810 373 810 375 810 1392 811 1391 811 1393 811 1394 812 1395 812 1396 812 1397 813 1398 813 1396 813 1399 814 377 814 379 814 1400 815 1399 815 1401 815 1402 816 1401 816 1403 816 1403 817 379 817 1404 817 1405 818 1406 818 1407 818 1408 819 1409 819 1405 819 1410 820 1411 820 1405 820 1412 821 1407 821 1413 821 1414 822 1412 822 1415 822 1416 823 1417 823 1418 823 1419 824 1413 824 1420 824 1421 825 1417 825 1420 825 1422 826 1423 826 1417 826 1424 827 1425 827 1426 827 1427 828 1426 828 1428 828 1428 829 1429 829 340 829 1372 830 1371 830 1430 830 1431 831 388 831 387 831 1432 832 1433 832 1434 832 1433 833 387 833 390 833 1434 834 390 834 391 834 1435 835 1434 835 1436 835 1437 836 1436 836 1438 836 1439 837 391 837 420 837 1439 838 420 838 1440 838 1441 839 1440 839 1442 839 1443 840 1442 840 1444 840 1445 841 1444 841 1446 841 1447 842 1445 842 1448 842 1446 843 383 843 1448 843 1449 844 1450 844 1451 844 1452 845 382 845 394 845 1453 846 1454 846 1455 846 1455 847 394 847 396 847 1456 848 396 848 397 848 1457 849 397 849 402 849 1458 850 1459 850 1460 850 1461 851 1462 851 1463 851 403 852 404 852 1463 852 1464 853 1465 853 1466 853 1467 854 1468 854 1466 854 1466 855 404 855 406 855 1469 856 1470 856 1471 856 1472 857 1473 857 1474 857 1474 858 408 858 409 858 1475 859 1474 859 1476 859 1477 860 1478 860 1479 860 1480 861 1477 861 1481 861 1477 862 409 862 410 862 1482 863 1483 863 1484 863 1485 864 412 864 414 864 1486 865 1487 865 1488 865 414 866 1488 866 1487 866 1489 867 1490 867 1488 867 1491 868 416 868 417 868 1492 869 417 869 419 869 1493 870 1492 870 1494 870 1495 871 1494 871 1496 871 1497 872 419 872 1498 872 1496 873 1498 873 1499 873 1500 874 1496 874 1501 874 1501 875 1499 875 1502 875 1503 876 1504 876 1505 876 1505 877 1502 877 386 877 1506 878 1507 878 1508 878 1509 879 1510 879 1511 879 1511 880 386 880 385 880 1512 881 385 881 388 881 1513 882 1514 882 1515 882 1514 883 400 883 1516 883 1515 884 1516 884 1517 884 1518 885 1519 885 1520 885 1519 886 1517 886 1521 886 1522 887 1520 887 1523 887 1524 888 1525 888 1526 888 1527 889 1528 889 1529 889 1530 890 1531 890 1532 890 1532 891 1533 891 1534 891 1535 892 1536 892 1537 892 1538 893 1537 893 1539 893 1537 894 1534 894 1540 894 1541 895 1539 895 1542 895 1542 896 1540 896 1543 896 1544 897 1545 897 1546 897 1547 898 1546 898 1548 898 1549 899 1543 899 1550 899 1551 900 1552 900 1553 900 1554 901 1553 901 1555 901 1555 902 1556 902 1557 902 1558 903 1559 903 1560 903 1561 904 1557 904 1562 904 1514 905 1562 905 400 905 1563 906 1564 906 446 906 1565 907 1566 907 1567 907 1568 908 1569 908 422 908 1570 909 1571 909 1572 909 443 910 1573 910 1574 910 1575 911 1576 911 1577 911 1578 912 1579 912 1580 912 1581 913 1582 913 1583 913 1578 914 1584 914 1579 914 1585 915 1586 915 1587 915 3 916 1567 916 1588 916 3 917 1588 917 4 917 1589 918 1590 918 1581 918 1591 919 1592 919 93 919 1593 920 1584 920 1578 920 1594 921 1595 921 1593 921 1596 922 1597 922 1589 922 1103 923 1598 923 1599 923 1103 924 1599 924 1600 924 1601 925 1602 925 1603 925 1604 926 1139 926 1138 926 1605 927 1595 927 1594 927 1606 928 1607 928 1608 928 1609 929 1610 929 1138 929 1611 930 284 930 1612 930 1613 931 1612 931 1614 931 1615 932 1616 932 1617 932 1618 933 1619 933 1620 933 1621 934 274 934 1622 934 1608 935 1623 935 1624 935 1625 936 1597 936 1596 936 1626 937 1627 937 1628 937 1628 938 1629 938 1626 938 421 939 423 939 1630 939 1568 940 421 940 1631 940 1632 941 1633 941 1634 941 1632 942 1627 942 1626 942 1568 943 1635 943 1569 943 1636 944 1637 944 1638 944 1638 945 1639 945 1636 945 442 946 444 946 1640 946 442 947 1641 947 1642 947 1643 948 1644 948 1645 948 1643 949 1637 949 1636 949 1629 950 1646 950 1647 950 1648 951 1649 951 1639 951 1639 952 1649 952 1636 952 1630 953 1650 953 421 953 1640 954 1641 954 442 954 1651 955 1644 955 1643 955 1652 956 229 956 842 956 1653 957 1654 957 1655 957 1656 958 1657 958 1658 958 1097 959 1659 959 1660 959 1097 960 1660 960 1095 960 1661 961 1096 961 1662 961 1661 962 1662 962 1663 962 465 963 1664 963 1665 963 465 964 1665 964 463 964 456 965 1666 965 1667 965 456 966 1667 966 454 966 1668 967 1669 967 1670 967 1671 968 1663 968 1071 968 1672 969 1673 969 1661 969 1674 970 1673 970 1675 970 1676 971 1659 971 1097 971 1086 972 1677 972 1084 972 1678 973 1679 973 1680 973 1680 974 1681 974 1678 974 1682 975 1586 975 1683 975 452 976 1684 976 1685 976 1686 977 1666 977 456 977 1687 978 1688 978 465 978 1689 979 1690 979 1691 979 207 980 1692 980 1668 980 1162 981 1693 981 1694 981 1162 982 1694 982 1160 982 1695 983 1696 983 1697 983 1698 984 1699 984 1086 984 1700 985 247 985 1701 985 1702 986 1703 986 1704 986 1705 987 1706 987 1707 987 1708 988 1709 988 1148 988 1710 989 1711 989 1712 989 1713 990 1711 990 1710 990 1714 991 1715 991 1716 991 1717 992 1718 992 1162 992 1161 993 281 993 1719 993 1720 994 1717 994 1721 994 432 995 1722 995 430 995 1723 996 1724 996 457 996 1725 997 1726 997 1727 997 1725 998 1727 998 1682 998 1728 999 1729 999 1705 999 1730 1000 1731 1000 1732 1000 1136 1001 1732 1001 1733 1001 1734 1002 1735 1002 1736 1002 1737 1003 1738 1003 1652 1003 1739 1004 1740 1004 1741 1004 1742 1005 1743 1005 1714 1005 1716 1006 1744 1006 1745 1006 1746 1007 1747 1007 1748 1007 1749 1008 1695 1008 1750 1008 1751 1009 1752 1009 1753 1009 1697 1010 1754 1010 1695 1010 1755 1011 1756 1011 1757 1011 1758 1012 1759 1012 432 1012 1752 1013 1760 1013 459 1013 1761 1014 1683 1014 1762 1014 1763 1015 1764 1015 1765 1015 5 1016 1766 1016 1767 1016 1768 1017 1767 1017 1766 1017 1769 1018 1770 1018 1771 1018 1772 1019 1773 1019 959 1019 1774 1020 1775 1020 1591 1020 1776 1021 1777 1021 1778 1021 1168 1022 1779 1022 1780 1022 1168 1023 1780 1023 1166 1023 1781 1024 1167 1024 1782 1024 1781 1025 1782 1025 1783 1025 1784 1026 1738 1026 1737 1026 1785 1027 1786 1027 1151 1027 277 1028 1167 1028 1781 1028 1164 1029 1787 1029 276 1029 1788 1030 1789 1030 1738 1030 1788 1031 1738 1031 1784 1031 1790 1032 1791 1032 1792 1032 1793 1033 1794 1033 1795 1033 1037 1034 205 1034 1796 1034 1797 1035 1798 1035 1772 1035 1799 1036 1800 1036 1801 1036 1802 1037 1803 1037 1804 1037 1805 1038 1802 1038 1800 1038 1797 1039 1806 1039 1798 1039 1807 1040 915 1040 1808 1040 1809 1041 1810 1041 1811 1041 1799 1042 1812 1042 1813 1042 1814 1043 1815 1043 243 1043 1788 1044 1816 1044 1817 1044 1817 1045 1789 1045 1788 1045 1813 1046 1818 1046 1799 1046 1819 1047 1820 1047 1813 1047 1812 1048 1801 1048 1821 1048 1822 1049 1815 1049 1814 1049 1112 1050 1114 1050 1823 1050 1823 1051 1824 1051 1112 1051 1825 1052 1826 1052 1730 1052 1825 1053 1730 1053 1827 1053 1828 1054 1442 1054 1829 1054 1828 1055 1516 1055 400 1055 1830 1056 1831 1056 1741 1056 1009 1057 1791 1057 1790 1057 1832 1058 1806 1058 1797 1058 1833 1059 1834 1059 1822 1059 877 1060 1820 1060 1819 1060 259 1061 261 1061 1835 1061 259 1062 1747 1062 1836 1062 1837 1063 1838 1063 1839 1063 1840 1064 1841 1064 1825 1064 1842 1065 1837 1065 1843 1065 1833 1066 1844 1066 1834 1066 1845 1067 1846 1067 1809 1067 1847 1068 1848 1068 1849 1068 1850 1069 6 1069 8 1069 0 1070 1851 1070 1852 1070 1852 1071 1853 1071 0 1071 1678 1072 1854 1072 1855 1072 1678 1073 1855 1073 1679 1073 1127 1074 1856 1074 1857 1074 1127 1075 1857 1075 1126 1075 1120 1076 1858 1076 1859 1076 1120 1077 1859 1077 1118 1077 1860 1078 1582 1078 1590 1078 1861 1079 1774 1079 93 1079 1861 1080 93 1080 92 1080 1110 1081 1109 1081 1862 1081 260 1082 1745 1082 1863 1082 1863 1083 1110 1083 260 1083 893 1084 1794 1084 1793 1084 1802 1085 1805 1085 1860 1085 1821 1086 1584 1086 1864 1086 253 1087 255 1087 1865 1087 253 1088 1119 1088 256 1088 1866 1089 1844 1089 1833 1089 1721 1090 1867 1090 1712 1090 1845 1091 1868 1091 1846 1091 1869 1092 1870 1092 1773 1092 1871 1093 1860 1093 1872 1093 1873 1094 1442 1094 1828 1094 1613 1095 1874 1095 1612 1095 1624 1096 1875 1096 1608 1096 1876 1097 1877 1097 1878 1097 1878 1098 270 1098 1876 1098 1608 1099 1879 1099 1880 1099 1881 1100 1882 1100 1883 1100 1884 1101 1618 1101 1885 1101 1884 1102 1886 1102 1609 1102 1887 1103 1602 1103 1888 1103 1888 1104 1889 1104 1887 1104 1157 1105 1613 1105 1614 1105 1890 1106 1891 1106 1892 1106 1893 1107 1894 1107 1895 1107 1877 1108 1893 1108 1878 1108 1896 1109 1654 1109 1897 1109 1849 1110 1898 1110 1899 1110 1900 1111 1901 1111 10 1111 1902 1112 1903 1112 1904 1112 1905 1113 27 1113 18 1113 1906 1114 1858 1114 1120 1114 1907 1115 1856 1115 1127 1115 254 1116 258 1116 1908 1116 1908 1117 1909 1117 254 1117 1865 1118 1119 1118 253 1118 1910 1119 1911 1119 1119 1119 1601 1120 1888 1120 1602 1120 1098 1121 1912 1121 1879 1121 1620 1122 1913 1122 1914 1122 1885 1123 1915 1123 1884 1123 1777 1124 1776 1124 1916 1124 1917 1125 1624 1125 1918 1125 1099 1126 1875 1126 1624 1126 1919 1127 1894 1127 1893 1127 1604 1128 1920 1128 1921 1128 1614 1129 1922 1129 1923 1129 1883 1130 1781 1130 1924 1130 1876 1131 1925 1131 1101 1131 1876 1132 1600 1132 1877 1132 1157 1133 1926 1133 1891 1133 1927 1134 1870 1134 1869 1134 878 1135 1821 1135 1864 1135 1928 1136 1929 1136 1816 1136 1930 1137 1931 1137 1932 1137 1933 1138 1934 1138 1935 1138 1933 1139 1935 1139 1936 1139 1937 1140 1645 1140 1938 1140 1937 1141 1939 1141 1940 1141 1941 1142 1942 1142 1943 1142 1944 1143 507 1143 1775 1143 1945 1144 1925 1144 1876 1144 1946 1145 1669 1145 1947 1145 1832 1146 1948 1146 1949 1146 1949 1147 1806 1147 1832 1147 1950 1148 1951 1148 86 1148 1872 1149 1952 1149 997 1149 997 1150 1871 1150 1872 1150 1953 1151 1740 1151 1954 1151 1955 1152 1831 1152 1830 1152 1565 1153 1956 1153 1957 1153 1957 1154 1958 1154 1565 1154 1635 1155 1572 1155 1956 1155 1635 1156 1959 1156 1572 1156 1960 1157 1649 1157 447 1157 447 1158 1961 1158 1960 1158 1564 1159 1961 1159 447 1159 1961 1160 1962 1160 1651 1160 1963 1161 1647 1161 1964 1161 424 1162 1965 1162 1963 1162 1966 1163 1967 1163 1968 1163 1967 1164 1969 1164 1970 1164 1967 1165 1971 1165 1968 1165 1968 1166 1971 1166 1972 1166 1972 1167 1973 1167 1974 1167 1932 1168 1975 1168 1930 1168 1976 1169 1977 1169 1931 1169 1976 1170 1931 1170 1930 1170 1936 1171 1978 1171 1933 1171 1978 1172 1979 1172 1640 1172 444 1173 1934 1173 1933 1173 1943 1174 1980 1174 1941 1174 1980 1175 1981 1175 1630 1175 423 1176 1982 1176 1941 1176 1940 1177 1852 1177 1937 1177 1938 1178 1939 1178 1937 1178 1845 1179 1983 1179 1868 1179 1648 1180 1984 1180 445 1180 1565 1181 1567 1181 1569 1181 1565 1182 1569 1182 1956 1182 1985 1183 1962 1183 1961 1183 1986 1184 1573 1184 1987 1184 1974 1185 1573 1185 1968 1185 1964 1186 1988 1186 1898 1186 1964 1187 425 1187 1963 1187 1642 1188 1969 1188 1967 1188 1975 1189 1989 1189 1628 1189 1934 1190 1658 1190 1990 1190 1991 1191 1979 1191 1978 1191 1634 1192 1992 1192 1976 1192 1993 1193 1981 1193 1980 1193 1852 1194 1851 1194 1638 1194 1994 1195 1995 1195 1866 1195 879 1196 878 1196 1864 1196 915 1197 221 1197 219 1197 1996 1198 231 1198 229 1198 1997 1199 1998 1199 1897 1199 1897 1200 1998 1200 1896 1200 1999 1201 461 1201 2000 1201 2001 1202 2002 1202 1689 1202 2003 1203 2004 1203 11 1203 2003 1204 2005 1204 445 1204 1566 1205 1848 1205 2006 1205 1903 1206 1685 1206 2007 1206 1903 1207 2008 1207 1904 1207 2009 1208 2010 1208 1989 1208 2009 1209 1989 1209 1975 1209 2011 1210 2012 1210 2013 1210 449 1211 2014 1211 2015 1211 1990 1212 2016 1212 2014 1212 1990 1213 2017 1213 1934 1213 2018 1214 1809 1214 982 1214 1001 1215 997 1215 1952 1215 2019 1216 1949 1216 1948 1216 264 1217 263 1217 272 1217 272 1218 1917 1218 1918 1218 429 1219 2020 1219 2021 1219 471 1220 2022 1220 2023 1220 462 1221 469 1221 2023 1221 441 1222 2024 1222 2025 1222 2026 1223 450 1223 2027 1223 2028 1224 2026 1224 2029 1224 1674 1225 1676 1225 1673 1225 2030 1226 2031 1226 2032 1226 2032 1227 2033 1227 2030 1227 2034 1228 2035 1228 1674 1228 2035 1229 2036 1229 2037 1229 2038 1230 2031 1230 2030 1230 2039 1231 2040 1231 2041 1231 2039 1232 2041 1232 2042 1232 2042 1233 2043 1233 2039 1233 2044 1234 2045 1234 2043 1234 1070 1235 1072 1235 2046 1235 1070 1236 2047 1236 2048 1236 1071 1237 1070 1237 1671 1237 2049 1238 1675 1238 2050 1238 2051 1239 2052 1239 2053 1239 2051 1240 1071 1240 1663 1240 2045 1241 2052 1241 2051 1241 1947 1242 2054 1242 1946 1242 1994 1243 1792 1243 1995 1243 1830 1244 2055 1244 1955 1244 1829 1245 1517 1245 1828 1245 2056 1246 2057 1246 2058 1246 2056 1247 2058 1247 2059 1247 451 1248 453 1248 2060 1248 451 1249 2061 1249 2062 1249 2059 1250 2063 1250 2056 1250 1997 1251 2064 1251 2063 1251 452 1252 1686 1252 1684 1252 2065 1253 2066 1253 1687 1253 460 1254 2066 1254 2065 1254 2066 1255 2067 1255 1688 1255 2068 1256 2069 1256 2070 1256 2068 1257 2070 1257 2071 1257 2071 1258 2072 1258 2068 1258 2013 1259 2012 1259 2072 1259 2073 1260 2074 1260 2075 1260 2076 1261 2033 1261 2050 1261 2033 1262 2076 1262 2030 1262 2077 1263 2036 1263 2035 1263 2045 1264 2078 1264 2043 1264 2046 1265 2047 1265 1070 1265 2079 1266 2040 1266 2039 1266 2053 1267 1071 1267 2051 1267 2080 1268 1996 1268 2081 1268 2054 1269 2082 1269 1946 1269 2083 1270 2084 1270 252 1270 252 1271 2085 1271 2083 1271 2086 1272 2084 1272 2083 1272 1702 1273 2087 1273 2088 1273 1698 1274 1702 1274 2089 1274 1702 1275 1698 1275 1703 1275 2082 1276 226 1276 1814 1276 1953 1277 494 1277 2090 1277 1954 1278 502 1278 1953 1278 5 1279 1767 1279 2091 1279 5 1280 2091 1280 3 1280 2092 1281 2093 1281 2094 1281 428 1282 2095 1282 2096 1282 2097 1283 1765 1283 1764 1283 2098 1284 2099 1284 2100 1284 0 1285 2 1285 1851 1285 1947 1286 1669 1286 1692 1286 2101 1287 2102 1287 2103 1287 2103 1288 2104 1288 2101 1288 2105 1289 2102 1289 2101 1289 1713 1290 2106 1290 1711 1290 2107 1291 2108 1291 1713 1291 2108 1292 2109 1292 2106 1292 1950 1293 2055 1293 2110 1293 1653 1294 2064 1294 1897 1294 2064 1295 463 1295 2063 1295 2111 1296 2057 1296 2056 1296 2060 1297 2061 1297 451 1297 454 1298 2012 1298 2011 1298 2012 1299 1667 1299 2072 1299 2112 1300 2069 1300 2068 1300 2113 1301 2067 1301 2066 1301 461 1302 2002 1302 2001 1302 2114 1303 939 1303 1949 1303 1720 1304 2115 1304 1717 1304 2116 1305 2117 1305 2118 1305 2118 1306 279 1306 2116 1306 2119 1307 2120 1307 2121 1307 2119 1308 2117 1308 2116 1308 2122 1309 2115 1309 1720 1309 2123 1310 2124 1310 2125 1310 13 1311 2126 1311 2125 1311 2127 1312 1757 1312 1754 1312 2128 1313 1750 1313 2129 1313 2130 1314 2129 1314 2131 1314 2085 1315 2132 1315 1085 1315 2085 1316 1084 1316 2083 1316 2088 1317 2089 1317 1702 1317 2133 1318 1704 1318 2134 1318 2135 1319 2136 1319 267 1319 267 1320 2137 1320 2135 1320 2136 1321 2135 1321 2138 1321 1135 1322 1137 1322 2139 1322 1728 1323 1135 1323 2140 1323 1136 1324 1135 1324 1728 1324 1136 1325 1728 1325 1732 1325 2141 1326 1913 1326 1620 1326 1913 1327 2142 1327 2143 1327 2144 1328 1147 1328 2145 1328 2104 1329 1147 1329 2101 1329 2146 1330 2109 1330 2108 1330 1710 1331 1719 1331 2147 1331 2148 1332 1899 1332 1998 1332 2149 1333 1847 1333 2148 1333 2150 1334 58 1334 2151 1334 1592 1335 1591 1335 1740 1335 2151 1336 2152 1336 2150 1336 2150 1337 2153 1337 2154 1337 2155 1338 65 1338 2156 1338 2156 1339 2157 1339 2155 1339 2158 1340 2159 1340 2160 1340 2158 1341 2160 1341 2156 1341 1746 1342 2161 1342 2162 1342 1746 1343 2163 1343 2164 1343 1746 1344 1742 1344 1747 1344 2165 1345 2166 1345 2167 1345 2165 1346 2168 1346 1715 1346 2154 1347 2153 1347 2159 1347 2159 1348 2158 1348 2154 1348 2169 1349 2170 1349 2171 1349 2169 1350 33 1350 31 1350 2172 1351 134 1351 2173 1351 1712 1352 2144 1352 1721 1352 1694 1353 2120 1353 2119 1353 1026 1354 2174 1354 1947 1354 1755 1355 2175 1355 1758 1355 1755 1356 1758 1356 1756 1356 2176 1357 2175 1357 1755 1357 2175 1358 2177 1358 2178 1358 2179 1359 2180 1359 2124 1359 2179 1360 2181 1360 2182 1360 2183 1361 2184 1361 2185 1361 2183 1362 2185 1362 2186 1362 1751 1363 2187 1363 2188 1363 1751 1364 2189 1364 1760 1364 2155 1365 2190 1365 69 1365 2157 1366 2190 1366 2155 1366 2191 1367 1158 1367 2192 1367 1923 1368 1158 1368 1614 1368 1763 1369 2193 1369 1764 1369 2194 1370 2195 1370 2196 1370 2194 1371 2196 1371 2197 1371 2198 1372 2199 1372 2200 1372 2198 1373 2200 1373 2201 1373 1768 1374 1769 1374 1767 1374 2202 1375 2203 1375 2193 1375 2197 1376 2204 1376 2194 1376 2094 1377 2093 1377 2204 1377 1768 1378 2205 1378 2206 1378 2137 1379 1707 1379 2135 1379 1706 1380 2138 1380 2135 1380 2139 1381 2140 1381 1135 1381 2207 1382 269 1382 2208 1382 2209 1383 2210 1383 2211 1383 2212 1384 2211 1384 2210 1384 2213 1385 2214 1385 2215 1385 2216 1386 2217 1386 131 1386 2211 1387 2218 1387 168 1387 2219 1388 2173 1388 133 1388 2210 1389 165 1389 2220 1389 2221 1390 2222 1390 2223 1390 2224 1391 2221 1391 2225 1391 2212 1392 2226 1392 2218 1392 2220 1393 2227 1393 2210 1393 2228 1394 110 1394 2224 1394 2229 1395 2230 1395 2231 1395 2171 1396 2232 1396 2169 1396 232 1397 210 1397 2075 1397 2233 1398 2231 1398 118 1398 2234 1399 146 1399 2235 1399 2236 1400 116 1400 2237 1400 2238 1401 54 1401 52 1401 2235 1402 2239 1402 2234 1402 2233 1403 117 1403 2236 1403 2240 1404 2170 1404 2169 1404 2236 1405 2241 1405 2233 1405 2172 1406 2242 1406 136 1406 2213 1407 2232 1407 2214 1407 2243 1408 2237 1408 2244 1408 2237 1409 2241 1409 2236 1409 2245 1410 2231 1410 2233 1410 2246 1411 2244 1411 2228 1411 2247 1412 2246 1412 2228 1412 2225 1413 2247 1413 2224 1413 2248 1414 2249 1414 2250 1414 2173 1415 2251 1415 2172 1415 2215 1416 2252 1416 2213 1416 2252 1417 1951 1417 2110 1417 2251 1418 2173 1418 2219 1418 2253 1419 2217 1419 2216 1419 2230 1420 2254 1420 123 1420 2255 1421 2256 1421 2216 1421 2257 1422 2258 1422 2255 1422 2259 1423 2096 1423 2094 1423 2259 1424 2260 1424 428 1424 470 1425 2000 1425 2261 1425 2262 1426 2263 1426 429 1426 467 1427 2264 1427 2022 1427 440 1428 2265 1428 1 1428 2266 1429 438 1429 440 1429 2267 1430 2015 1430 2013 1430 437 1431 2024 1431 441 1431 2268 1432 2027 1432 450 1432 192 1433 1983 1433 1845 1433 2269 1434 2254 1434 2230 1434 2238 1435 2270 1435 2152 1435 2271 1436 2242 1436 2172 1436 2272 1437 246 1437 1869 1437 2235 1438 145 1438 2273 1438 2274 1439 2269 1439 2275 1439 2273 1440 2275 1440 2276 1440 2273 1441 2276 1441 2235 1441 2277 1442 2278 1442 2279 1442 2242 1443 2278 1443 2277 1443 2269 1444 2274 1444 2254 1444 2274 1445 2275 1445 2273 1445 1078 1446 2280 1446 2281 1446 2282 1447 2283 1447 2284 1447 2162 1448 2163 1448 1746 1448 1835 1449 1747 1449 259 1449 1715 1450 2285 1450 2165 1450 2168 1451 264 1451 1744 1451 2168 1452 1716 1452 1715 1452 2218 1453 143 1453 2277 1453 2277 1454 2279 1454 2218 1454 18 1455 1944 1455 1905 1455 1696 1456 2124 1456 2123 1456 2124 1457 458 1457 2179 1457 457 1458 1724 1458 2181 1458 2286 1459 2177 1459 2175 1459 2188 1364 2189 1364 1751 1364 2131 1460 9 1460 2130 1460 9 1461 2131 1461 2183 1461 2287 1462 1753 1462 2128 1462 2287 1463 1751 1463 1753 1463 430 1464 1722 1464 2184 1464 2288 1465 575 1465 2170 1465 2289 1466 101 1466 2290 1466 1727 1467 2291 1467 2199 1467 1682 1468 2292 1468 2098 1468 2292 1469 1682 1469 2198 1469 1680 1470 2093 1470 2092 1470 2093 1471 1771 1471 2204 1471 2265 1472 1765 1472 2097 1472 2293 1473 2205 1473 1768 1473 2294 1474 2195 1474 2194 1474 2295 1475 2202 1475 1763 1475 52 1476 2270 1476 2238 1476 2220 1477 165 1477 164 1477 177 1478 2114 1478 2019 1478 202 1479 1792 1479 1994 1479 2296 1480 73 1480 2190 1480 2297 1481 151 1481 2234 1481 2297 1482 2298 1482 151 1482 2190 1483 2299 1483 2296 1483 2298 1484 153 1484 151 1484 222 1485 245 1485 2300 1485 2301 1486 591 1486 1592 1486 107 1487 109 1487 105 1487 109 1488 2289 1488 125 1488 1775 1489 2302 1489 1591 1489 1130 1490 2303 1490 1128 1490 2304 1491 2305 1491 285 1491 285 1492 2306 1492 2304 1492 2305 1493 1149 1493 2307 1493 1149 1494 2305 1494 2304 1494 2308 1495 2309 1495 2310 1495 2309 1496 2308 1496 1785 1496 73 1497 2296 1497 2311 1497 2312 1498 1652 1498 2313 1498 2290 1499 2314 1499 2289 1499 21 1500 2240 1500 29 1500 2315 1501 2142 1501 1913 1501 2142 1502 2145 1502 2104 1502 2316 1503 1792 1503 202 1503 1778 1504 2317 1504 2318 1504 2318 1505 2319 1505 1778 1505 2261 1506 468 1506 470 1506 2014 1507 448 1507 2017 1507 2014 1508 2017 1508 1990 1508 95 1509 112 1509 104 1509 1164 1510 1163 1510 2320 1510 1164 1511 2320 1511 1787 1511 2320 1512 1163 1512 2321 1512 2322 1513 1780 1513 2323 1513 2323 1514 2324 1514 2322 1514 2322 1515 1166 1515 1780 1515 1901 1516 1973 1516 2325 1516 1898 1517 2326 1517 2327 1517 1898 1518 2327 1518 1964 1518 160 1519 2328 1519 2329 1519 2330 1520 155 1520 153 1520 2331 1521 2133 1521 2134 1521 2332 1522 1773 1522 1772 1522 1783 1523 2333 1523 1616 1523 1783 1524 1616 1524 1615 1524 1592 1525 1740 1525 2301 1525 2313 1526 1652 1526 1738 1526 183 1527 2334 1527 1784 1527 2335 1528 183 1528 1784 1528 2336 1529 881 1529 1605 1529 2095 1530 1942 1530 1681 1530 1 1531 2337 1531 2266 1531 1 1532 2266 1532 440 1532 2338 1533 2306 1533 284 1533 2339 1534 2310 1534 2319 1534 2310 1535 2340 1535 2308 1535 280 1536 2118 1536 2192 1536 280 1537 2192 1537 1923 1537 2341 1538 2335 1538 840 1538 159 1539 2342 1539 2328 1539 2311 1540 2343 1540 75 1540 48 1541 50 1541 46 1541 2344 1542 2323 1542 1780 1542 1172 1543 1164 1543 276 1543 1782 1544 2333 1544 1783 1544 2333 1545 1782 1545 1166 1545 2345 1546 2321 1546 1163 1546 1037 1547 2073 1547 209 1547 2346 1548 2347 1548 184 1548 2348 1549 157 1549 155 1549 2348 1550 2349 1550 157 1550 245 1551 221 1551 2350 1551 47 1552 2351 1552 48 1552 2352 1553 1008 1553 2353 1553 2352 1554 1995 1554 1792 1554 2354 1555 2349 1555 2342 1555 2343 1556 2355 1556 78 1556 2356 1557 47 1557 45 1557 2300 1558 965 1558 963 1558 605 1559 2355 1559 2343 1559 232 1560 211 1560 210 1560 2357 1561 83 1561 80 1561 2355 1562 2357 1562 80 1562 2358 1563 2359 1563 2360 1563 2361 1564 2356 1564 45 1564 1958 1565 1848 1565 1566 1565 11 1566 2005 1566 2003 1566 1115 1567 2362 1567 2363 1567 84 1568 2364 1568 2365 1568 84 1569 2365 1569 86 1569 2361 1570 43 1570 42 1570 1850 1571 1847 1571 2149 1571 6 1572 2366 1572 7 1572 2341 1573 2367 1573 2335 1573 2368 1574 930 1574 929 1574 100 1575 2223 1575 98 1575 2223 1576 2225 1576 2221 1576 200 1577 1790 1577 2316 1577 2353 1578 1625 1578 2352 1578 101 1579 2289 1579 109 1579 383 1580 1446 1580 381 1580 577 1581 576 1581 2288 1581 2369 1582 1575 1582 2370 1582 2371 1583 2372 1583 2373 1583 1157 1584 1891 1584 1890 1584 1895 1585 2374 1585 1893 1585 1098 1586 1100 1586 2375 1586 2376 1587 1914 1587 1144 1587 1887 1588 2377 1588 2317 1588 2378 1589 2379 1589 2380 1589 2381 1590 2378 1590 2380 1590 2382 1591 2383 1591 2378 1591 2382 1592 2384 1592 2383 1592 190 1593 1793 1593 191 1593 2368 1594 929 1594 2332 1594 2385 1595 1801 1595 1804 1595 1797 1596 2346 1596 1832 1596 1818 1597 1734 1597 1799 1597 2369 1598 2386 1598 1583 1598 1815 1599 2386 1599 2369 1599 1789 1600 1053 1600 2313 1600 2302 1601 502 1601 1954 1601 15 1602 2126 1602 13 1602 2126 1603 1757 1603 2127 1603 2387 1604 2366 1604 6 1604 2366 1605 2287 1605 2128 1605 2388 1606 1142 1606 1141 1606 1141 1607 2389 1607 2388 1607 1918 1608 1622 1608 273 1608 1918 1609 1623 1609 1622 1609 263 1610 1917 1610 272 1610 1917 1611 1099 1611 1624 1611 1053 1612 1789 1612 1054 1612 2390 1613 1816 1613 2334 1613 1078 1614 2281 1614 1076 1614 251 1615 2391 1615 2132 1615 1082 1616 1076 1616 2391 1616 2392 1617 1093 1617 2134 1617 2392 1618 2282 1618 1093 1618 2282 1619 2284 1619 1094 1619 2393 1620 866 1620 2370 1620 869 1621 1818 1621 1813 1621 2394 1622 1810 1622 1578 1622 1583 1623 1575 1623 2369 1623 2395 1624 1803 1624 2396 1624 100 1625 730 1625 2223 1625 1736 1626 1582 1626 1805 1626 1583 1627 2386 1627 1581 1627 1822 1628 224 1628 1833 1628 224 1629 1814 1629 226 1629 2397 1630 2398 1630 1112 1630 1823 1631 2399 1631 2400 1631 1824 1632 1106 1632 1112 1632 1111 1633 2363 1633 2401 1633 2401 1634 2402 1634 1862 1634 1862 1635 1114 1635 1110 1635 1110 1636 1114 1636 260 1636 867 1637 2393 1637 1818 1637 2403 1638 2404 1638 2405 1638 2403 1639 1165 1639 2404 1639 2406 1640 1153 1640 1152 1640 1152 1641 2407 1641 2406 1641 267 1642 1840 1642 2408 1642 267 1643 2408 1643 2137 1643 266 1644 1840 1644 267 1644 1840 1645 1843 1645 1841 1645 1731 1646 1730 1646 2384 1646 1730 1647 1732 1647 1827 1647 420 1648 1829 1648 1440 1648 1829 1649 2409 1649 1517 1649 1828 1650 399 1650 1873 1650 399 1651 1828 1651 400 1651 1578 1652 1580 1652 2394 1652 1812 1653 1821 1653 1819 1653 878 1654 877 1654 1819 1654 839 1655 2341 1655 840 1655 1066 1656 178 1656 175 1656 178 1657 1066 1657 1928 1657 1808 1658 907 1658 2410 1658 1446 1659 1873 1659 381 1659 594 1660 591 1660 2301 1660 90 1661 1830 1661 2090 1661 1831 1662 1739 1662 1741 1662 124 1663 107 1663 654 1663 107 1664 101 1664 109 1664 2385 1665 1580 1665 1579 1665 1798 1666 930 1666 2368 1666 1798 1667 1806 1667 933 1667 988 1668 2396 1668 990 1668 1834 1669 2386 1669 1822 1669 1054 1670 1817 1670 1059 1670 1793 1671 190 1671 893 1671 1794 1672 885 1672 2336 1672 1996 1673 229 1673 2411 1673 739 1674 95 1674 740 1674 95 1675 2222 1675 112 1675 2397 1676 261 1676 2398 1676 261 1677 2397 1677 1108 1677 1108 1678 1835 1678 261 1678 259 1679 1745 1679 260 1679 1745 1680 259 1680 1836 1680 27 1681 1905 1681 2412 1681 1775 1682 1774 1682 1905 1682 2396 1683 988 1683 2395 1683 2413 1684 1810 1684 1809 1684 2018 1685 2414 1685 1845 1685 1820 1686 869 1686 1813 1686 1077 1687 1080 1687 2415 1687 2415 1688 2416 1688 1077 1688 2417 1689 1088 1689 1087 1689 2417 1690 2418 1690 1088 1690 2419 1691 1105 1691 1104 1691 1104 1692 2420 1692 2419 1692 2421 1693 1132 1693 1131 1693 1131 1694 2422 1694 2421 1694 2423 1695 1122 1695 1121 1695 1121 1696 2424 1696 2423 1696 1581 1697 2386 1697 1834 1697 1134 1698 1843 1698 1840 1698 1826 1699 2384 1699 1730 1699 1766 1700 4 1700 2425 1700 2425 1701 8 1701 1766 1701 2292 1702 2099 1702 2098 1702 2292 1703 15 1703 2099 1703 1581 1704 1834 1704 1589 1704 1578 1705 1810 1705 2413 1705 2413 1706 1809 1706 1846 1706 1129 1707 1925 1707 1945 1707 1925 1708 274 1708 1101 1708 2149 1709 2387 1709 6 1709 1588 1710 2425 1710 4 1710 13 1711 2426 1711 12 1711 2100 1712 2099 1712 1984 1712 2427 1713 2337 1713 1853 1713 1851 1714 1587 1714 1638 1714 1587 1715 1851 1715 1585 1715 1855 1716 2091 1716 1679 1716 1681 1717 1942 1717 1982 1717 1982 1718 1678 1718 1681 1718 1127 1719 1909 1719 1907 1719 1909 1720 1127 1720 254 1720 2428 1721 1907 1721 1909 1721 1907 1722 2429 1722 1856 1722 2430 1723 256 1723 1118 1723 2431 1724 1859 1724 2432 1724 1859 1725 1116 1725 1118 1725 2433 1726 2434 1726 1126 1726 2435 1727 1857 1727 2436 1727 1857 1728 1123 1728 1126 1728 1120 1729 1911 1729 1906 1729 1911 1730 1120 1730 1119 1730 2423 1731 1906 1731 1911 1731 1906 1732 2437 1732 1858 1732 933 1733 930 1733 1798 1733 1593 1734 1578 1734 2413 1734 2413 1735 1846 1735 1593 1735 596 1736 594 1736 1739 1736 1817 1737 1054 1737 1789 1737 877 1738 869 1738 1820 1738 1929 1739 1817 1739 1816 1739 654 1740 107 1740 106 1740 2438 1741 1129 1741 1945 1741 2438 1742 1130 1742 1129 1742 1833 1743 204 1743 1866 1743 204 1744 1833 1744 224 1744 466 1745 1932 1745 2439 1745 1932 1746 2440 1746 1975 1746 2441 1747 1936 1747 2028 1747 1936 1748 1991 1748 1978 1748 2442 1749 1943 1749 2443 1749 1943 1750 1993 1750 1980 1750 1940 1751 1853 1751 1852 1751 1584 1752 1821 1752 1579 1752 832 1753 182 1753 2341 1753 1861 1754 2359 1754 2412 1754 2359 1755 1861 1755 2360 1755 2090 1756 1741 1756 1953 1756 1823 1757 2400 1757 1824 1757 260 1758 2398 1758 261 1758 2398 1759 1113 1759 1112 1759 1744 1760 271 1760 1863 1760 1863 1761 1111 1761 1110 1761 2401 1762 1862 1762 1109 1762 1593 1763 1846 1763 1594 1763 1008 1764 1791 1764 1009 1764 2444 1765 2034 1765 2373 1765 2034 1766 2077 1766 2035 1766 2445 1767 2031 1767 2038 1767 2031 1768 2446 1768 2032 1768 248 1769 1072 1769 2053 1769 2042 1770 2041 1770 2447 1770 2042 1771 2044 1771 2043 1771 508 1772 513 1772 512 1772 508 1773 510 1773 513 1773 473 1774 477 1774 476 1774 473 1775 475 1775 477 1775 2448 1776 474 1776 473 1776 2448 1777 472 1777 474 1777 476 1778 480 1778 479 1778 476 1779 478 1779 480 1779 479 1780 483 1780 482 1780 479 1781 481 1781 483 1781 485 1782 489 1782 488 1782 485 1783 487 1783 489 1783 488 1784 492 1784 491 1784 488 1785 490 1785 492 1785 491 1786 496 1786 495 1786 491 1787 493 1787 496 1787 495 1788 500 1788 499 1788 495 1789 497 1789 500 1789 499 1790 505 1790 504 1790 499 1791 501 1791 505 1791 504 1792 509 1792 508 1792 504 1793 506 1793 509 1793 2449 1794 472 1794 2448 1794 472 1795 587 1795 20 1795 482 1796 486 1796 485 1796 482 1797 484 1797 486 1797 1844 1798 1589 1798 1834 1798 1805 1799 1582 1799 1860 1799 192 1800 2414 1800 212 1800 256 1801 2430 1801 257 1801 253 1802 258 1802 254 1802 258 1803 253 1803 256 1803 1865 1804 1125 1804 1124 1804 1865 1805 1910 1805 1119 1805 1125 1806 255 1806 2434 1806 255 1807 1125 1807 1865 1807 1871 1808 1802 1808 1860 1808 1589 1809 1844 1809 1596 1809 1872 1810 1590 1810 2450 1810 2451 1811 263 1811 262 1811 1867 1812 1719 1812 1710 1812 2144 1813 2452 1813 1721 1813 1042 1814 211 1814 2080 1814 2207 1815 2208 1815 1733 1815 269 1816 2438 1816 1945 1816 2134 1817 1701 1817 2392 1817 2134 1818 1700 1818 1701 1818 1948 1819 1832 1819 2346 1819 2059 1820 1997 1820 2063 1820 2453 1821 453 1821 2454 1821 2455 1822 460 1822 462 1822 460 1823 2113 1823 2066 1823 2071 1824 2070 1824 2456 1824 2071 1825 2013 1825 2072 1825 1059 1826 1817 1826 1929 1826 2457 1827 2084 1827 2086 1827 1079 1828 1081 1828 2084 1828 1090 1829 2087 1829 2133 1829 1816 1830 2390 1830 1928 1830 596 1831 1739 1831 1831 1831 418 1832 393 1832 419 1832 393 1833 2409 1833 420 1833 990 1834 2396 1834 1802 1834 577 1835 25 1835 24 1835 2458 1836 2107 1836 2459 1836 2107 1837 2146 1837 2108 1837 2460 1838 2102 1838 2105 1838 2461 1839 1143 1839 2102 1839 1581 1840 1590 1840 1582 1840 1869 1841 246 1841 1927 1841 959 1842 1773 1842 961 1842 2462 1843 2049 1843 2463 1843 990 1844 1802 1844 1871 1844 1860 1845 1590 1845 1872 1845 381 1846 1873 1846 399 1846 203 1847 1866 1847 204 1847 1872 1848 2450 1848 1952 1848 1614 1849 1158 1849 1157 1849 1607 1850 1623 1850 1608 1850 268 1851 270 1851 2374 1851 1606 1852 1598 1852 1607 1852 1608 1853 1880 1853 1606 1853 1171 1854 1882 1854 2464 1854 1609 1855 1619 1855 1884 1855 2465 1856 2464 1856 2466 1856 1610 1857 1609 1857 1886 1857 1601 1858 1603 1858 2467 1858 1617 1859 1619 1859 2468 1859 2468 1860 1615 1860 1617 1860 2468 1861 1619 1861 1609 1861 1602 1862 1777 1862 1916 1862 1159 1863 1926 1863 1157 1863 1916 1864 1603 1864 1602 1864 1895 1865 2469 1865 2374 1865 2388 1866 1885 1866 2376 1866 1885 1867 2470 1867 1915 1867 1618 1868 1914 1868 2376 1868 1914 1869 1618 1869 1620 1869 1887 1870 1889 1870 2377 1870 2471 1871 2317 1871 2377 1871 1604 1872 1138 1872 1610 1872 2472 1873 1612 1873 1874 1873 1101 1874 1600 1874 1876 1874 1139 1875 1921 1875 1883 1875 1883 1876 1924 1876 1139 1876 1924 1877 1140 1877 1139 1877 1921 1878 1139 1878 1604 1878 1890 1879 1892 1879 1874 1879 1599 1880 1877 1880 1600 1880 1892 1881 2472 1881 1874 1881 1599 1882 2473 1882 1919 1882 1593 1883 1595 1883 1584 1883 823 1884 2290 1884 825 1884 1026 1885 1692 1885 206 1885 1897 1886 2064 1886 1997 1886 1896 1887 1646 1887 1654 1887 1904 1888 2008 1888 1986 1888 1902 1889 1900 1889 2426 1889 2453 1890 2454 1890 1902 1890 1648 1891 1639 1891 2474 1891 2100 1892 1984 1892 1648 1892 1656 1893 1658 1893 2475 1893 1690 1894 2476 1894 1989 1894 2477 1895 2122 1895 2478 1895 2122 1896 2479 1896 2115 1896 2121 1897 2117 1897 2119 1897 2480 1898 2481 1898 2117 1898 878 1899 1819 1899 1821 1899 189 1900 893 1900 190 1900 1864 1901 1595 1901 1605 1901 2138 1902 2482 1902 2136 1902 2483 1903 1133 1903 2136 1903 268 1904 1137 1904 2208 1904 268 1905 2469 1905 1137 1905 228 1906 842 1906 229 1906 97 1907 740 1907 95 1907 2346 1908 179 1908 1948 1908 1795 1909 2336 1909 1594 1909 2484 1910 2429 1910 1907 1910 1858 1911 2432 1911 1859 1911 256 1912 1119 1912 1118 1912 257 1913 275 1913 1908 1913 1908 1914 275 1914 1909 1914 1124 1915 1910 1915 1865 1915 1910 1916 1124 1916 1911 1916 2424 1917 2437 1917 1906 1917 1856 1918 2436 1918 1857 1918 1620 1919 1617 1919 2141 1919 1617 1920 1620 1920 1619 1920 1624 1921 1623 1921 1918 1921 2338 1922 1916 1922 1776 1922 1884 1923 1915 1923 1886 1923 2485 1924 2466 1924 2464 1924 1883 1925 1882 1925 277 1925 1876 1926 270 1926 1945 1926 270 1927 1878 1927 2374 1927 1777 1928 2317 1928 1778 1928 2375 1929 1912 1929 1098 1929 2389 1930 2470 1930 1885 1930 1598 1931 2473 1931 1599 1931 1101 1932 1103 1932 1600 1932 1922 1933 1612 1933 284 1933 1783 1934 1924 1934 1781 1934 1107 1935 2161 1935 1748 1935 2165 1936 2167 1936 1100 1936 1590 1937 1589 1937 2450 1937 2215 1938 1951 1938 2252 1938 1594 1939 2336 1939 1605 1939 1868 1940 1795 1940 1594 1940 2486 1941 2176 1941 2487 1941 2182 1942 2180 1942 2179 1942 2182 1943 2488 1943 2489 1943 2187 1944 2490 1944 2188 1944 2186 1945 9 1945 2183 1945 907 1946 1808 1946 216 1946 2491 1947 1814 1947 243 1947 1952 1948 2450 1948 2492 1948 1596 1949 1995 1949 1625 1949 1995 1950 1844 1950 1866 1950 990 1951 1871 1951 994 1951 2493 1952 433 1952 435 1952 433 1953 2295 1953 1763 1953 2197 1954 2094 1954 2204 1954 2201 1955 2292 1955 2198 1955 2494 1956 2495 1956 2496 1956 1571 1957 1957 1957 1956 1957 1957 1958 426 1958 2497 1958 426 1959 1571 1959 2498 1959 2499 1960 1564 1960 1563 1960 1564 1961 1985 1961 1961 1961 1563 1962 446 1962 2500 1962 2498 1963 424 1963 426 1963 1964 1964 2327 1964 425 1964 425 1965 2497 1965 426 1965 1970 1966 1971 1966 1967 1966 1971 1967 2499 1967 1563 1967 2500 1968 1972 1968 1563 1968 1972 1969 1974 1969 1968 1969 2501 1970 1935 1970 2017 1970 1935 1971 2028 1971 1936 1971 1937 1972 1637 1972 1645 1972 1637 1973 1937 1973 1852 1973 423 1974 1941 1974 1980 1974 1631 1975 1635 1975 1568 1975 1960 1976 1643 1976 1636 1976 1930 1977 1627 1977 1976 1977 1627 1978 1930 1978 1975 1978 444 1979 1933 1979 1978 1979 2502 1980 2503 1980 1963 1980 2503 1981 1632 1981 1626 1981 443 1982 1966 1982 1573 1982 1966 1983 443 1983 442 1983 1939 1984 436 1984 1940 1984 1942 1985 2443 1985 1943 1985 1830 1986 90 1986 2055 1986 2384 1987 2438 1987 1731 1987 1731 1988 2207 1988 1733 1988 577 1989 2288 1989 25 1989 503 1990 1775 1990 507 1990 1623 1991 1621 1991 1622 1991 1129 1992 275 1992 1925 1992 1945 1993 270 1993 269 1993 936 1994 933 1994 1806 1994 1870 1995 961 1995 1773 1995 1946 1996 238 1996 1669 1996 2074 1997 236 1997 2075 1997 885 1998 1794 1998 888 1998 2110 1999 38 1999 2252 1999 2110 2000 89 2000 38 2000 2365 2001 1950 2001 86 2001 1950 2002 1955 2002 2055 2002 1517 2003 2409 2003 1521 2003 1596 2004 1844 2004 1995 2004 1744 2005 1716 2005 2168 2005 1744 2006 1863 2006 1745 2006 1866 2007 203 2007 1994 2007 2504 2008 2505 2008 2506 2008 2504 2009 732 2009 2505 2009 2507 2010 712 2010 2508 2010 2507 2011 710 2011 712 2011 2509 2012 715 2012 714 2012 2509 2013 712 2013 715 2013 714 2014 716 2014 2510 2014 719 2015 720 2015 721 2015 2510 2016 716 2016 719 2016 2511 2017 722 2017 725 2017 727 2018 728 2018 2512 2018 725 2019 726 2019 727 2019 2512 2020 728 2020 731 2020 2508 2021 712 2021 2509 2021 721 2022 722 2022 2511 2022 731 2023 732 2023 2504 2023 2307 2024 2513 2024 2305 2024 2458 2025 2459 2025 2305 2025 664 2026 666 2026 2514 2026 2515 2027 653 2027 2516 2027 2517 2028 657 2028 2518 2028 2517 2029 656 2029 657 2029 658 2030 659 2030 2519 2030 660 2031 662 2031 2520 2031 2521 2032 665 2032 664 2032 652 2033 653 2033 2515 2033 2515 2034 2522 2034 652 2034 2516 2035 655 2035 2523 2035 2516 2036 653 2036 655 2036 2523 2037 656 2037 2517 2037 2523 2038 655 2038 656 2038 2518 2039 657 2039 658 2039 2524 2040 661 2040 660 2040 2519 2041 661 2041 2524 2041 2519 2042 659 2042 661 2042 2520 2043 665 2043 2521 2043 2520 2044 662 2044 665 2044 1447 2045 1448 2045 2525 2045 2526 2046 2527 2046 1431 2046 2528 2047 1433 2047 1432 2047 2528 2048 1431 2048 1433 2048 1432 2049 1434 2049 1435 2049 1435 2050 1436 2050 2529 2050 1437 2051 1438 2051 2530 2051 1441 2052 1443 2052 2531 2052 2531 2053 2532 2053 1441 2053 2531 2054 1443 2054 2533 2054 2534 2055 1445 2055 1447 2055 2529 2056 1436 2056 1437 2056 2530 2057 1441 2057 2532 2057 2530 2058 1438 2058 1441 2058 2533 2059 1445 2059 2534 2059 2533 2060 1443 2060 1445 2060 2535 2061 1431 2061 2528 2061 2536 2062 826 2062 2537 2062 2538 2063 820 2063 2539 2063 2540 2064 826 2064 2536 2064 2540 2065 824 2065 826 2065 807 2066 809 2066 812 2066 812 2067 813 2067 2541 2067 2542 2068 815 2068 817 2068 2543 2069 820 2069 2538 2069 2543 2070 818 2070 820 2070 2544 2071 824 2071 2540 2071 2544 2072 822 2072 824 2072 2545 2073 805 2073 2546 2073 2546 2074 808 2074 807 2074 2546 2075 805 2075 808 2075 813 2076 815 2076 2542 2076 2542 2077 2541 2077 813 2077 817 2078 818 2078 2543 2078 2539 2079 822 2079 2544 2079 2539 2080 820 2080 822 2080 745 2081 746 2081 2547 2081 749 2082 751 2082 2548 2082 2549 2083 742 2083 2550 2083 2549 2084 741 2084 742 2084 2550 2085 742 2085 743 2085 743 2086 744 2086 745 2086 2547 2087 747 2087 2551 2087 2547 2088 746 2088 747 2088 2551 2089 747 2089 2552 2089 2552 2090 750 2090 2553 2090 2552 2091 747 2091 750 2091 2553 2092 750 2092 749 2092 2548 2093 751 2093 2554 2093 2554 2094 753 2094 2555 2094 2554 2095 751 2095 753 2095 2555 2096 754 2096 2556 2096 2555 2097 753 2097 754 2097 2556 2098 754 2098 755 2098 178 2099 1928 2099 2390 2099 1059 2100 1929 2100 1060 2100 2403 2101 1163 2101 1165 2101 2322 2102 2324 2102 2478 2102 2322 2103 2333 2103 1166 2103 596 2104 1831 2104 598 2104 1946 2105 240 2105 238 2105 1775 2106 503 2106 2302 2106 423 2107 1854 2107 1982 2107 1643 2108 1645 2108 1637 2108 1956 2109 1569 2109 1635 2109 1959 2110 2557 2110 1572 2110 1649 2111 445 2111 447 2111 1635 2112 1631 2112 1959 2112 1643 2113 1960 2113 1651 2113 1960 2114 1636 2114 1649 2114 1961 2115 1651 2115 1960 2115 422 2116 1854 2116 423 2116 421 2117 1568 2117 422 2117 1980 2118 1630 2118 423 2118 1852 2119 1638 2119 1637 2119 1572 2120 1571 2120 1956 2120 2497 2121 1958 2121 1957 2121 1571 2122 426 2122 1957 2122 2498 2123 1571 2123 1570 2123 2005 2124 446 2124 445 2124 1564 2125 447 2125 446 2125 2499 2126 1985 2126 1564 2126 424 2127 1963 2127 425 2127 2327 2128 2497 2128 425 2128 424 2129 2558 2129 1965 2129 1970 2130 2499 2130 1971 2130 2500 2131 1973 2131 1972 2131 1563 2132 1972 2132 1971 2132 2559 2133 1931 2133 1977 2133 466 2134 2440 2134 1932 2134 1934 2135 2017 2135 1935 2135 2441 2136 1991 2136 1936 2136 1633 2137 2502 2137 2560 2137 2502 2138 1633 2138 1632 2138 1629 2139 2503 2139 1626 2139 1632 2140 1634 2140 1627 2140 1629 2141 1647 2141 2503 2141 1647 2142 1963 2142 2503 2142 1965 2143 2502 2143 1963 2143 2502 2144 1632 2144 2503 2144 442 2145 1642 2145 1966 2145 1642 2146 1967 2146 1966 2146 1968 2147 1573 2147 1966 2147 1975 2148 1628 2148 1627 2148 1978 2149 1640 2149 444 2149 2561 2150 444 2150 443 2150 443 2151 1574 2151 2561 2151 2442 2152 1993 2152 1943 2152 1941 2153 1982 2153 1942 2153 2427 2154 1853 2154 1940 2154 27 2155 22 2155 18 2155 2476 2156 1654 2156 1646 2156 2007 2157 2008 2157 1903 2157 2008 2158 2475 2158 1986 2158 2005 2159 2500 2159 446 2159 445 2160 1649 2160 1648 2160 1572 2161 2557 2161 1570 2161 1565 2162 1958 2162 1566 2162 1974 2163 1973 2163 1901 2163 2562 2164 1569 2164 1567 2164 2498 2165 2558 2165 424 2165 1982 2166 1854 2166 1678 2166 1899 2167 1896 2167 1998 2167 1904 2168 1900 2168 1902 2168 1904 2169 1987 2169 1900 2169 1975 2170 2440 2170 2009 2170 1976 2171 1992 2171 1977 2171 1574 2172 1573 2172 1986 2172 1988 2173 1647 2173 1646 2173 1965 2174 2560 2174 2502 2174 1934 2175 2561 2175 1658 2175 2561 2176 1934 2176 444 2176 1625 2177 2492 2177 1597 2177 1948 2178 179 2178 2019 2178 2563 2179 578 2179 579 2179 2564 2180 573 2180 2565 2180 2566 2181 574 2181 2567 2181 2567 2182 578 2182 2563 2182 2567 2183 574 2183 578 2183 570 2184 571 2184 2568 2184 571 2185 573 2185 2564 2185 2564 2186 2568 2186 571 2186 2565 2187 573 2187 572 2187 572 2188 574 2188 2566 2188 2569 2189 564 2189 2570 2189 2570 2190 566 2190 2571 2190 2570 2191 564 2191 566 2191 2571 2192 566 2192 2572 2192 2572 2193 568 2193 2573 2193 2572 2194 566 2194 568 2194 2573 2195 568 2195 570 2195 2574 2196 1041 2196 1044 2196 2575 2197 924 2197 2576 2197 2577 2198 922 2198 924 2198 1044 2199 1045 2199 2578 2199 2579 2200 519 2200 2580 2200 2576 2201 924 2201 2581 2201 755 2202 756 2202 2582 2202 2578 2203 1045 2203 2583 2203 2581 2204 927 2204 2584 2204 2581 2205 924 2205 927 2205 519 2206 520 2206 2585 2206 2585 2207 2580 2207 519 2207 2582 2208 756 2208 757 2208 2583 2209 1045 2209 1046 2209 1067 2210 2586 2210 2587 2210 2588 2211 805 2211 2545 2211 2588 2212 803 2212 805 2212 2584 2213 927 2213 926 2213 2589 2214 876 2214 2590 2214 1046 2215 1047 2215 2591 2215 514 2216 2592 2216 2593 2216 2593 2217 512 2217 514 2217 514 2218 515 2218 2592 2218 2594 2219 515 2219 2595 2219 2595 2220 515 2220 2596 2220 2596 2221 516 2221 2597 2221 2596 2222 515 2222 516 2222 2597 2223 516 2223 2598 2223 2598 2224 517 2224 2599 2224 2598 2225 516 2225 517 2225 2600 2226 517 2226 2601 2226 2601 2227 518 2227 2602 2227 2601 2228 517 2228 518 2228 2602 2229 518 2229 2603 2229 2603 2230 519 2230 2579 2230 2603 2231 518 2231 519 2231 2594 2220 2592 2220 515 2220 2599 2232 517 2232 2600 2232 1069 2233 2586 2233 1067 2233 757 2234 758 2234 2604 2234 2585 2235 520 2235 2605 2235 926 2236 928 2236 2606 2236 2607 2237 803 2237 2588 2237 2590 2238 880 2238 2608 2238 2590 2239 876 2239 880 2239 2591 2240 1047 2240 1050 2240 2609 2241 1069 2241 1068 2241 2609 2242 1065 2242 1069 2242 2606 2243 928 2243 931 2243 2610 2244 1065 2244 2609 2244 802 2245 803 2245 2607 2245 1050 2246 1051 2246 2611 2246 2604 2247 758 2247 760 2247 2608 2248 880 2248 2612 2248 2605 2249 520 2249 2613 2249 995 2250 996 2250 2614 2250 2615 2251 1065 2251 2610 2251 2611 2252 1051 2252 2616 2252 931 2253 932 2253 2617 2253 2618 2254 993 2254 995 2254 2619 2255 800 2255 802 2255 196 2256 198 2256 200 2256 1064 2257 1065 2257 2615 2257 1051 2258 1052 2258 2620 2258 760 2259 761 2259 2621 2259 2612 2260 880 2260 2622 2260 2614 2261 996 2261 2623 2261 2617 2262 932 2262 2624 2262 2625 2263 588 2263 2626 2263 2626 2264 590 2264 2627 2264 2627 2265 590 2265 2628 2265 2626 2266 588 2266 590 2266 2628 2264 590 2264 592 2264 592 2267 593 2267 2629 2267 2629 2268 593 2268 2630 2268 2630 2269 593 2269 2631 2269 2631 2270 595 2270 2632 2270 2631 2271 593 2271 595 2271 2632 2270 595 2270 2633 2270 2633 2272 595 2272 2634 2272 2634 2273 597 2273 2635 2273 2634 2274 595 2274 597 2274 2635 2275 597 2275 2636 2275 2636 2276 597 2276 599 2276 2637 2277 1062 2277 1064 2277 2620 2278 1052 2278 2638 2278 2620 2279 2616 2279 1051 2279 2639 2280 779 2280 2640 2280 2639 2281 776 2281 779 2281 520 2282 522 2282 2641 2282 2641 2283 2613 2283 520 2283 2642 2284 800 2284 2619 2284 2643 2285 993 2285 2618 2285 2644 2286 992 2286 993 2286 2645 2287 1062 2287 2637 2287 2624 2288 932 2288 934 2288 2638 2289 1052 2289 2646 2289 996 2290 1000 2290 2647 2290 2647 2291 2623 2291 996 2291 2622 2292 884 2292 883 2292 2622 2293 880 2293 884 2293 1061 2294 1062 2294 2645 2294 2648 2295 948 2295 2649 2295 2646 2296 1052 2296 1056 2296 2621 2297 761 2297 2650 2297 2651 2298 1058 2298 1061 2298 2640 2299 779 2299 2652 2299 2653 2300 562 2300 2654 2300 1056 2301 1055 2301 2655 2301 2656 2302 1058 2302 2651 2302 934 2303 935 2303 2657 2303 2655 2304 1055 2304 1057 2304 1057 2305 1058 2305 2656 2305 799 2306 800 2306 2642 2306 946 2307 948 2307 2648 2307 2647 2308 1000 2308 2658 2308 2657 2309 935 2309 2659 2309 2644 2310 993 2310 2643 2310 2652 2311 779 2311 781 2311 2641 2312 522 2312 2660 2312 2661 2313 1329 2313 1330 2313 2662 2314 1208 2314 2663 2314 2662 2315 1205 2315 1208 2315 2664 2316 562 2316 2653 2316 2653 2317 2665 2317 2664 2317 2666 2318 947 2318 946 2318 1330 2319 1331 2319 2667 2319 2663 2320 1208 2320 2668 2320 2669 2321 1041 2321 2574 2321 2659 2322 935 2322 937 2322 2650 2323 761 2323 2670 2323 2671 2324 797 2324 799 2324 2672 2325 1369 2325 2673 2325 2674 2326 1241 2326 2675 2326 875 2327 876 2327 2589 2327 937 2328 938 2328 2676 2328 2677 2329 947 2329 2666 2329 2677 2330 945 2330 947 2330 2658 2331 1000 2331 999 2331 1328 2332 1329 2332 2661 2332 2678 2333 1205 2333 2662 2333 666 2334 667 2334 2679 2334 2679 2335 2514 2335 666 2335 1040 2336 1041 2336 2669 2336 2676 2337 938 2337 2680 2337 781 2338 782 2338 2681 2338 2682 2339 2664 2339 2665 2339 2683 2340 561 2340 2664 2340 2667 2341 1331 2341 1332 2341 2668 2342 1208 2342 2684 2342 882 2343 884 2343 886 2343 2685 2344 945 2344 2677 2344 2686 2345 942 2345 945 2345 2680 2346 938 2346 940 2346 1365 2347 1369 2347 2672 2347 1239 2348 1241 2348 2674 2348 2687 2349 992 2349 2644 2349 2686 2350 945 2350 2685 2350 2688 2351 1039 2351 1040 2351 889 2352 892 2352 2689 2352 2690 2353 1326 2353 1328 2353 2691 2354 1205 2354 2678 2354 940 2355 941 2355 2692 2355 2693 2356 797 2356 2671 2356 2694 2357 942 2357 2686 2357 1332 2358 1333 2358 2695 2358 2684 2359 1208 2359 2696 2359 2692 2360 941 2360 2697 2360 944 2361 942 2361 2694 2361 2660 2362 522 2362 523 2362 1000 2363 2698 2363 998 2363 2697 2364 941 2364 944 2364 2681 2365 782 2365 2699 2365 2700 2366 2664 2366 2682 2366 2670 2367 762 2367 2701 2367 2670 2368 761 2368 762 2368 2702 2369 874 2369 875 2369 1367 2370 1369 2370 1365 2370 2703 2371 1240 2371 1239 2371 2704 2372 1039 2372 2688 2372 2689 2373 892 2373 895 2373 1351 2374 1352 2374 2705 2374 2705 2375 2706 2375 1351 2375 2707 2376 1231 2376 2708 2376 2707 2377 1228 2377 1231 2377 2679 2378 667 2378 2709 2378 1325 2379 1326 2379 2690 2379 2710 2380 1205 2380 2691 2380 2710 2381 2711 2381 1205 2381 886 2382 887 2382 2712 2382 541 2383 544 2383 2713 2383 2713 2384 2714 2384 541 2384 2715 2385 2716 2385 2717 2385 2715 2386 2718 2386 2716 2386 2719 2387 1195 2387 1194 2387 899 2388 900 2388 2720 2388 2721 2389 1351 2389 2706 2389 2721 2390 2722 2390 1351 2390 2723 2391 1228 2391 2707 2391 2695 2392 1333 2392 2724 2392 2696 2393 1211 2393 2725 2393 2696 2394 1208 2394 1211 2394 2726 2395 776 2395 2639 2395 895 2396 896 2396 2727 2396 2728 2397 2729 2397 2730 2397 2731 2398 2732 2398 2729 2398 244 2399 243 2399 2369 2399 243 2400 242 2400 2491 2400 2733 2401 710 2401 2507 2401 1038 2402 1039 2402 2704 2402 2734 2403 1367 2403 1366 2403 2734 2404 2735 2404 1367 2404 2736 2405 1240 2405 2703 2405 2737 2406 1238 2406 1240 2406 2705 2407 1352 2407 2738 2407 2708 2408 1231 2408 1230 2408 2739 2409 797 2409 2693 2409 2740 2410 898 2410 899 2410 2699 2411 782 2411 2741 2411 2683 2412 2664 2412 2700 2412 2742 2413 1323 2413 1325 2413 2743 2414 2711 2414 2710 2414 2744 2415 992 2415 2687 2415 1000 2416 1002 2416 2698 2416 2745 2417 541 2417 2714 2417 2717 2418 2716 2418 2746 2418 1194 2419 1196 2419 2747 2419 2727 2420 896 2420 2748 2420 2577 2421 924 2421 2575 2421 2724 2422 1335 2422 2749 2422 2724 2423 1333 2423 1335 2423 2725 2424 1211 2424 2750 2424 2751 2425 2722 2425 2721 2425 2752 2426 1228 2426 2723 2426 2753 2427 776 2427 2726 2427 222 2428 1927 2428 246 2428 2754 2429 1036 2429 1038 2429 2755 2430 898 2430 2740 2430 2756 2431 2735 2431 2734 2431 2737 2432 1240 2432 2736 2432 2748 2433 896 2433 2757 2433 2758 2434 874 2434 2702 2434 2712 2435 887 2435 2759 2435 2738 2436 1352 2436 2760 2436 897 2437 898 2437 2755 2437 2761 2438 1323 2438 2742 2438 2761 2439 2762 2439 1323 2439 2763 2440 2711 2440 2743 2440 2764 2441 922 2441 2577 2441 2709 2442 667 2442 2765 2442 2701 2443 762 2443 2766 2443 539 2444 541 2444 2745 2444 896 2445 186 2445 2767 2445 2767 2446 2757 2446 896 2446 2746 2447 2716 2447 2768 2447 2747 2448 1196 2448 2769 2448 2749 2449 1339 2449 2770 2449 2749 2450 1335 2450 1339 2450 2750 2451 1211 2451 1210 2451 709 2452 710 2452 2733 2452 2771 2453 186 2453 897 2453 2772 2454 2722 2454 2751 2454 2773 2455 1228 2455 2752 2455 2773 2456 1226 2456 1228 2456 2767 2457 186 2457 2774 2457 523 2458 524 2458 2775 2458 2774 2459 186 2459 2771 2459 2776 2460 1036 2460 2754 2460 2730 2461 2729 2461 2777 2461 775 2462 776 2462 2753 2462 2741 2463 783 2463 2778 2463 2779 2464 561 2464 2683 2464 2780 2465 2735 2465 2756 2465 2781 2466 1238 2466 2737 2466 2782 2467 2762 2467 2761 2467 2783 2468 2711 2468 2763 2468 2783 2469 1204 2469 2711 2469 2698 2470 1002 2470 2784 2470 2760 2471 1352 2471 2785 2471 1229 2472 1231 2472 1232 2472 2786 2473 922 2473 2764 2473 796 2474 797 2474 2739 2474 2739 2475 2787 2475 796 2475 538 2476 541 2476 539 2476 2770 2477 1339 2477 1338 2477 1210 2478 1212 2478 2788 2478 2768 2479 2789 2479 2790 2479 2769 2480 1196 2480 2791 2480 2792 2481 1226 2481 2773 2481 2793 2482 2722 2482 2772 2482 1035 2483 1036 2483 2776 2483 1363 2484 2735 2484 2780 2484 2794 2485 1238 2485 2781 2485 2795 2486 2762 2486 2782 2486 2796 2487 1321 2487 2762 2487 2797 2488 1204 2488 2783 2488 2798 2489 774 2489 775 2489 921 2490 922 2490 2786 2490 991 2491 992 2491 2744 2491 2785 2492 1353 2492 2799 2492 2785 2493 1352 2493 1353 2493 1232 2494 1233 2494 2800 2494 1339 2495 1341 2495 1337 2495 2788 2496 1212 2496 1213 2496 2801 2497 641 2497 2802 2497 2759 2498 887 2498 2803 2498 2790 2499 2789 2499 2804 2499 2768 2500 2716 2500 2789 2500 2791 2501 1196 2501 2805 2501 2806 2502 538 2502 540 2502 2807 2503 707 2503 709 2503 2808 2504 2722 2504 2793 2504 2808 2505 1349 2505 2722 2505 2809 2506 1226 2506 2792 2506 1362 2507 2735 2507 1363 2507 2810 2508 1238 2508 2794 2508 2810 2509 2811 2509 1238 2509 2796 2510 2762 2510 2795 2510 2812 2511 1204 2511 2797 2511 2778 2512 783 2512 2813 2512 2741 2513 782 2513 783 2513 873 2514 874 2514 2758 2514 2814 2515 561 2515 2779 2515 2815 2516 560 2516 561 2516 2816 2517 1034 2517 1035 2517 1337 2518 1341 2518 2817 2518 1213 2519 1214 2519 2818 2519 2765 2520 668 2520 2819 2520 2820 2521 920 2521 921 2521 2799 2522 1353 2522 2821 2522 2800 2523 1233 2523 1235 2523 2777 2524 604 2524 2822 2524 2805 2525 1198 2525 2823 2525 2805 2526 1196 2526 1198 2526 2804 2527 2789 2527 2824 2527 2825 2528 1321 2528 2796 2528 1203 2529 1204 2529 2812 2529 1361 2530 1362 2530 1364 2530 2826 2531 2811 2531 2810 2531 2827 2532 774 2532 2798 2532 2828 2533 1349 2533 2808 2533 2829 2534 1226 2534 2809 2534 2784 2535 1002 2535 2830 2535 537 2536 538 2536 2806 2536 2766 2537 762 2537 2831 2537 2817 2538 1341 2538 1340 2538 2818 2539 1214 2539 2832 2539 1319 2540 1321 2540 2825 2540 2833 2541 1200 2541 1203 2541 2834 2542 1317 2542 1320 2542 2835 2543 1200 2543 2836 2543 2835 2544 2837 2544 1200 2544 2838 2545 796 2545 2787 2545 1317 2546 1321 2546 1319 2546 2836 2547 1200 2547 2833 2547 2839 2548 2811 2548 2826 2548 2826 2549 2840 2549 2839 2549 2841 2550 1360 2550 1361 2550 2821 2551 1353 2551 1354 2551 1233 2552 1236 2552 1234 2552 1340 2553 1342 2553 2842 2553 2832 2554 1214 2554 2843 2554 1344 2555 1345 2555 2844 2555 2845 2556 1217 2556 1219 2556 2824 2557 1312 2557 2846 2557 2824 2558 2789 2558 1312 2558 2823 2559 1198 2559 2847 2559 2848 2560 1034 2560 2816 2560 2842 2561 1342 2561 1344 2561 2843 2562 1217 2562 2845 2562 2843 2563 1214 2563 1217 2563 1315 2564 1317 2564 2834 2564 2849 2565 2837 2565 2835 2565 2850 2566 920 2566 2820 2566 2851 2567 2839 2567 2852 2567 2853 2568 1359 2568 1358 2568 2854 2569 1360 2569 2841 2569 2855 2570 2839 2570 2840 2570 2856 2571 1349 2571 2828 2571 2857 2572 1348 2572 1349 2572 1225 2573 1226 2573 2829 2573 2858 2574 1494 2574 1495 2574 1500 2575 1501 2575 2859 2575 1495 2576 1496 2576 2860 2576 2860 2577 1496 2577 2861 2577 2862 2578 1501 2578 2863 2578 2859 2579 1501 2579 2862 2579 2864 2580 1505 2580 2865 2580 2863 2575 1501 2575 2864 2575 2866 2581 1508 2581 2867 2581 1503 2582 1508 2582 2866 2582 2865 2583 1505 2583 1504 2583 2864 2584 1501 2584 1505 2584 2861 2585 1496 2585 1500 2585 1505 2586 1508 2586 1503 2586 1358 2587 1360 2587 2854 2587 2852 2588 2839 2588 2855 2588 2868 2589 1237 2589 2839 2589 2844 2590 2869 2590 2870 2590 2844 2591 1345 2591 2869 2591 1219 2592 1220 2592 2871 2592 2872 2593 1359 2593 2853 2593 2872 2594 1357 2594 1359 2594 2868 2595 2839 2595 2851 2595 537 2596 2806 2596 2873 2596 2873 2597 2874 2597 537 2597 1234 2598 1236 2598 2875 2598 1354 2599 1355 2599 2876 2599 2846 2600 1312 2600 2877 2600 2847 2601 1198 2601 2878 2601 2879 2602 1316 2602 1315 2602 2879 2603 2880 2603 1316 2603 2881 2604 2837 2604 2849 2604 951 2605 952 2605 2882 2605 2882 2606 2883 2606 951 2606 2649 2607 948 2607 2884 2607 948 2608 949 2608 2885 2608 2885 2609 2884 2609 948 2609 2886 2610 949 2610 950 2610 950 2611 951 2611 2887 2611 2887 2612 951 2612 2888 2612 2888 2613 951 2613 2883 2613 2882 2614 952 2614 2889 2614 2889 2615 952 2615 2890 2615 952 2616 955 2616 2891 2616 2891 2617 2890 2617 952 2617 2891 2618 955 2618 2892 2618 2885 2619 949 2619 2886 2619 2892 2620 955 2620 2893 2620 2537 2621 645 2621 2894 2621 2894 2622 645 2622 2895 2622 644 2623 646 2623 2896 2623 2895 2624 645 2624 644 2624 2897 2625 646 2625 2898 2625 2896 2626 646 2626 2897 2626 2898 2627 647 2627 2899 2627 2898 2628 646 2628 647 2628 2899 2629 647 2629 649 2629 647 2630 650 2630 648 2630 648 2631 650 2631 2900 2631 2900 2632 650 2632 651 2632 651 2633 652 2633 2901 2633 2506 2634 2505 2634 2902 2634 2505 2635 733 2635 2903 2635 2903 2636 2902 2636 2505 2636 2903 2637 733 2637 2904 2637 2904 2638 733 2638 2905 2638 2905 2639 733 2639 734 2639 734 2640 735 2640 2906 2640 2906 2641 735 2641 738 2641 738 2642 735 2642 736 2642 737 2643 736 2643 2907 2643 2907 2644 736 2644 2908 2644 2908 2645 736 2645 2909 2645 2909 2646 741 2646 2910 2646 2909 2647 736 2647 741 2647 2910 2648 741 2648 2549 2648 579 2649 580 2649 2911 2649 580 2650 2912 2650 2913 2650 2913 2650 2911 2650 580 2650 580 2651 581 2651 2912 2651 2912 2652 581 2652 2914 2652 2914 2653 581 2653 582 2653 582 2654 583 2654 2915 2654 2915 2655 583 2655 2916 2655 2916 2656 583 2656 2917 2656 2917 2657 586 2657 2918 2657 2918 2658 586 2658 585 2658 2917 2659 583 2659 586 2659 585 2660 587 2660 2919 2660 2919 2661 587 2661 2920 2661 2901 2662 652 2662 2522 2662 2920 2663 587 2663 2449 2663 2921 2664 1222 2664 1225 2664 2857 2665 1349 2665 2856 2665 2775 2666 524 2666 2922 2666 638 2667 641 2667 2801 2667 2801 2668 2923 2668 638 2668 2870 2669 2869 2669 2924 2669 2871 2670 1220 2670 2925 2670 2926 2671 1357 2671 2872 2671 2927 2672 1237 2672 2868 2672 2877 2673 2880 2673 2928 2673 2877 2674 1312 2674 2880 2674 2878 2675 1198 2675 2929 2675 2803 2676 891 2676 2930 2676 2803 2677 887 2677 891 2677 2931 2678 707 2678 2807 2678 2932 2679 2880 2679 2879 2679 2933 2680 2837 2680 2881 2680 2813 2681 783 2681 2934 2681 2876 2682 1355 2682 1356 2682 2875 2683 1236 2683 2935 2683 2936 2684 774 2684 2827 2684 2928 2685 2880 2685 2932 2685 2929 2686 2837 2686 2933 2686 2929 2687 1198 2687 2837 2687 2937 2688 1348 2688 2857 2688 2938 2689 1222 2689 2921 2689 2939 2690 1357 2690 2926 2690 2940 2691 1237 2691 2927 2691 2940 2692 1236 2692 1237 2692 2941 2693 920 2693 2850 2693 2815 2694 561 2694 2814 2694 1356 2695 1357 2695 2939 2695 2935 2696 1236 2696 2940 2696 2924 2697 2869 2697 2942 2697 2925 2698 1220 2698 1221 2698 1033 2699 1034 2699 2848 2699 2942 2700 1348 2700 2937 2700 2942 2701 2869 2701 1348 2701 1221 2702 1222 2702 2938 2702 536 2703 537 2703 2874 2703 833 2704 835 2704 2943 2704 2944 2705 828 2705 2945 2705 2946 2706 834 2706 2947 2706 2586 2707 828 2707 2948 2707 2948 2708 2949 2708 2586 2708 2948 2709 828 2709 2944 2709 2945 2710 830 2710 2950 2710 2945 2711 828 2711 830 2711 2950 2712 830 2712 2951 2712 2951 2713 830 2713 829 2713 829 2714 831 2714 2952 2714 2952 2715 831 2715 2953 2715 2953 2716 831 2716 2954 2716 2954 2717 834 2717 2946 2717 2954 2718 831 2718 834 2718 2947 2719 834 2719 833 2719 2587 2720 2586 2720 2949 2720 2955 2721 985 2721 991 2721 2830 2722 1002 2722 2956 2722 2822 2723 604 2723 2957 2723 919 2724 920 2724 2941 2724 534 2725 535 2725 536 2725 2958 2726 870 2726 873 2726 2959 2727 1030 2727 1033 2727 2819 2728 668 2728 2960 2728 2765 2729 667 2729 668 2729 772 2730 774 2730 2936 2730 2961 2731 796 2731 2838 2731 2961 2732 795 2732 796 2732 2962 2733 1456 2733 2963 2733 2964 2734 533 2734 534 2734 2965 2735 917 2735 919 2735 783 2736 784 2736 2966 2736 2966 2737 2934 2737 783 2737 2967 2738 533 2738 2964 2738 2968 2739 846 2739 2969 2739 2831 2740 765 2740 2970 2740 2831 2741 762 2741 765 2741 2971 2742 1030 2742 2959 2742 2943 2743 835 2743 2972 2743 706 2744 707 2744 2931 2744 2930 2745 891 2745 890 2745 2973 2746 560 2746 2815 2746 531 2747 533 2747 2967 2747 2974 2748 638 2748 2923 2748 2975 2749 532 2749 531 2749 2976 2750 532 2750 2975 2750 2977 2751 917 2751 2965 2751 2978 2752 773 2752 772 2752 1031 2753 1030 2753 2971 2753 2979 2754 1019 2754 2980 2754 2956 2755 1004 2755 2981 2755 2956 2756 1002 2756 1004 2756 2982 2757 532 2757 2976 2757 2982 2758 2983 2758 532 2758 2984 2759 917 2759 2977 2759 1032 2760 2985 2760 1030 2760 2986 2761 1381 2761 2987 2761 2988 2762 1258 2762 1257 2762 2988 2763 1256 2763 1258 2763 2972 2764 835 2764 2989 2764 2957 2765 604 2765 2990 2765 2777 2766 2729 2766 604 2766 2969 2767 846 2767 2991 2767 2963 2768 1456 2768 2992 2768 2966 2769 784 2769 2993 2769 2994 2770 1409 2770 2995 2770 2996 2771 2997 2771 1409 2771 2998 2772 1285 2772 2999 2772 3000 2773 1019 2773 2979 2773 3001 2774 773 2774 2978 2774 3002 2775 2985 2775 1032 2775 2922 2776 524 2776 3003 2776 3004 2777 2983 2777 2982 2777 2987 2778 1381 2778 1382 2778 1257 2779 1259 2779 3005 2779 3006 2780 795 2780 2961 2780 916 2781 917 2781 2984 2781 2713 2782 544 2782 543 2782 3007 2783 870 2783 2958 2783 3008 2784 985 2784 2955 2784 3009 2785 846 2785 2968 2785 668 2786 3010 2786 3011 2786 3011 2787 2960 2787 668 2787 3012 2788 560 2788 2973 2788 891 2789 892 2789 889 2789 3013 2790 704 2790 706 2790 2995 2791 1409 2791 3014 2791 2999 2792 1288 2792 3015 2792 3016 2793 2985 2793 3002 2793 3017 2794 2983 2794 3004 2794 3018 2795 912 2795 916 2795 3019 2796 638 2796 2974 2796 3020 2797 1017 2797 3000 2797 2989 2798 835 2798 837 2798 3021 2799 2985 2799 3016 2799 544 2800 3022 2800 542 2800 3023 2801 1381 2801 2986 2801 3024 2802 1256 2802 2988 2802 3025 2803 2983 2803 3017 2803 3025 2804 530 2804 2983 2804 2991 2805 847 2805 3026 2805 2991 2806 846 2806 847 2806 3027 2807 773 2807 3001 2807 3028 2808 1025 2808 3029 2808 3030 2809 526 2809 525 2809 3031 2810 1025 2810 3028 2810 1028 2811 2985 2811 3021 2811 2996 2812 1409 2812 2994 2812 1284 2813 1285 2813 2998 2813 3032 2814 846 2814 3009 2814 3029 2815 1025 2815 3033 2815 3034 2816 530 2816 3025 2816 2970 2817 765 2817 3035 2817 1027 2818 2985 2818 1028 2818 1382 2819 1383 2819 3036 2819 3005 2820 1259 2820 3037 2820 1448 2821 1451 2821 3038 2821 3038 2822 2525 2822 1448 2822 3038 2823 1451 2823 3039 2823 3039 2824 1451 2824 1450 2824 1451 2825 1452 2825 1449 2825 1449 2826 1452 2826 3040 2826 3040 2827 1452 2827 3041 2827 3041 2826 1452 2826 3042 2826 3042 2828 1452 2828 3043 2828 3043 2829 1455 2829 3044 2829 3043 2830 1452 2830 1455 2830 3044 2831 1455 2831 1454 2831 1455 2832 1456 2832 3045 2832 1455 2833 3045 2833 1453 2833 3045 2834 1456 2834 2962 2834 525 2835 527 2835 3046 2835 3047 2836 912 2836 3018 2836 2981 2837 1004 2837 3048 2837 3033 2838 1025 2838 3049 2838 3050 2839 1027 2839 1029 2839 2993 2840 784 2840 3051 2840 3052 2841 1017 2841 3020 2841 3053 2842 1025 2842 3031 2842 3049 2843 1025 2843 1027 2843 1027 2844 3054 2844 3049 2844 3054 2845 1027 2845 3050 2845 528 2846 530 2846 3034 2846 3046 2847 527 2847 3055 2847 3014 2848 1409 2848 1408 2848 3015 2849 1288 2849 3056 2849 2999 2850 1285 2850 1288 2850 3057 2851 529 2851 528 2851 544 2852 3058 2852 3022 2852 3055 2853 529 2853 3059 2853 3055 2854 527 2854 529 2854 3059 2855 529 2855 3057 2855 3060 2856 3061 2856 3062 2856 2992 2857 1456 2857 3063 2857 1024 2858 1025 2858 3053 2858 837 2859 838 2859 3064 2859 2990 2860 3065 2860 3066 2860 2990 2861 604 2861 3065 2861 3067 2862 912 2862 3047 2862 3068 2863 773 2863 3027 2863 3068 2864 3069 2864 773 2864 3070 2865 560 2865 3012 2865 2980 2866 1019 2866 3071 2866 3000 2867 1017 2867 1019 2867 1024 2868 3053 2868 1022 2868 1380 2869 1381 2869 3023 2869 3023 2870 1377 2870 1380 2870 3072 2871 1256 2871 3024 2871 3073 2872 846 2872 3032 2872 3032 2873 3074 2873 3073 2873 3075 2874 1017 2874 3052 2874 3076 2875 197 2875 1017 2875 3026 2876 847 2876 3077 2876 3078 2877 704 2877 3013 2877 3071 2878 1019 2878 1021 2878 3079 2879 1024 2879 1023 2879 544 2880 547 2880 3058 2880 3080 2881 2997 2881 2996 2881 3081 2882 1283 2882 1284 2882 3082 2883 912 2883 3067 2883 1021 2884 1018 2884 3083 2884 3084 2885 689 2885 3085 2885 3086 2886 1024 2886 3079 2886 3036 2887 1383 2887 3087 2887 3037 2888 1259 2888 3088 2888 3083 2889 1018 2889 3089 2889 3090 2890 1024 2890 3086 2890 3091 2891 638 2891 3019 2891 3089 2892 1018 2892 3092 2892 1018 2893 1024 2893 3090 2893 3090 2894 3092 2894 1018 2894 871 2895 870 2895 3007 2895 3056 2896 1288 2896 3093 2896 1408 2897 1405 2897 3094 2897 3062 2898 3061 2898 3095 2898 668 2899 670 2899 3010 2899 3096 2900 3061 2900 3060 2900 3097 2901 962 2901 3061 2901 3076 2902 1017 2902 3075 2902 3064 2903 838 2903 3098 2903 3099 2904 912 2904 3082 2904 688 2905 689 2905 3084 2905 3100 2906 3069 2906 3068 2906 3051 2907 784 2907 3101 2907 3102 2908 3073 2908 3074 2908 3103 2909 985 2909 3008 2909 3058 2910 547 2910 3104 2910 3048 2911 1004 2911 3105 2911 1379 2912 1380 2912 1377 2912 1255 2913 1256 2913 3072 2913 913 2914 912 2914 3099 2914 3077 2915 847 2915 3106 2915 3107 2916 197 2916 3076 2916 1369 2917 3108 2917 3109 2917 2675 2918 1241 2918 3110 2918 3003 2919 526 2919 3111 2919 3112 2920 2997 2920 3080 2920 3112 2921 3113 2921 2997 2921 3114 2922 1283 2922 3081 2922 914 2923 911 2923 912 2923 689 2924 693 2924 3115 2924 3115 2925 3085 2925 689 2925 3098 2926 838 2926 3116 2926 3087 2927 1383 2927 3117 2927 1259 2928 1261 2928 3118 2928 3118 2929 3088 2929 1259 2929 3095 2930 964 2930 3119 2930 3095 2931 3061 2931 964 2931 3104 2932 547 2932 3120 2932 1456 2933 1457 2933 3121 2933 3121 2934 3063 2934 1456 2934 3122 2935 560 2935 3070 2935 3123 2936 3069 2936 3100 2936 3124 2937 3073 2937 3102 2937 3094 2938 1405 2938 1411 2938 3093 2939 1288 2939 1287 2939 688 2940 3084 2940 3125 2940 3126 2941 197 2941 3107 2941 3127 2942 911 2942 914 2942 3097 2943 3061 2943 3096 2943 3066 2944 3065 2944 3128 2944 3101 2945 784 2945 3129 2945 3035 2946 765 2946 3130 2946 3131 2947 704 2947 3078 2947 3132 2948 911 2948 3127 2948 3133 2949 215 2949 3134 2949 1369 2950 1294 2950 3108 2950 3110 2951 1173 2951 3135 2951 3110 2952 1241 2952 1173 2952 3136 2953 911 2953 3132 2953 1004 2954 1007 2954 3137 2954 3137 2955 3105 2955 1004 2955 3134 2956 215 2956 910 2956 3138 2957 197 2957 3126 2957 3139 2958 911 2958 3136 2958 3120 2959 547 2959 546 2959 910 2960 911 2960 3139 2960 3140 2961 1379 2961 1378 2961 3141 2962 1254 2962 1255 2962 3141 2963 1253 2963 1254 2963 3142 2964 3069 2964 3123 2964 847 2965 848 2965 3143 2965 3143 2966 3106 2966 847 2966 3116 2967 838 2967 3144 2967 3145 2968 3073 2968 3124 2968 3145 2969 845 2969 3073 2969 3129 2970 786 2970 3146 2970 3129 2971 784 2971 786 2971 3147 2972 215 2972 3133 2972 3137 2973 1007 2973 3148 2973 3119 2974 964 2974 3149 2974 3150 2975 638 2975 3091 2975 3151 2976 3113 2976 3112 2976 3152 2977 1283 2977 3114 2977 3153 2978 3154 2978 1283 2978 1014 2979 197 2979 3138 2979 3115 2980 693 2980 3155 2980 688 2981 3125 2981 686 2981 1405 2982 1412 2982 1410 2982 1287 2983 1289 2983 3156 2983 3117 2984 3157 2984 3158 2984 3117 2985 1383 2985 3157 2985 3118 2986 1261 2986 3159 2986 3108 2987 1294 2987 3160 2987 3135 2988 1173 2988 3161 2988 3162 2989 3069 2989 3142 2989 547 2990 3163 2990 545 2990 3148 2991 1007 2991 3164 2991 906 2992 215 2992 3147 2992 3165 2993 962 2993 3097 2993 3146 2994 786 2994 3166 2994 1015 2995 1016 2995 197 2995 3167 2996 845 2996 3145 2996 2893 2997 955 2997 954 2997 3010 2998 670 2998 3168 2998 3169 2999 1514 2999 3170 2999 3169 3000 3171 3000 1514 3000 3170 3001 1514 3001 3172 3001 3172 3002 1514 3002 1513 3002 1513 3003 1515 3003 3173 3003 3173 3004 1515 3004 3174 3004 1515 3005 1519 3005 3175 3005 3175 3006 3176 3006 1515 3006 3175 3007 1519 3007 3177 3007 3177 3008 1519 3008 3178 3008 3178 3009 1519 3009 3179 3009 3179 3009 1519 3009 3180 3009 3180 3010 1519 3010 1518 3010 3174 3011 1515 3011 3176 3011 1518 3012 1520 3012 3181 3012 3144 3013 841 3013 3182 3013 3164 3014 1007 3014 1006 3014 872 3015 868 3015 870 3015 906 3016 3147 3016 908 3016 3183 3017 1016 3017 1015 3017 3184 3018 1379 3018 3140 3018 3185 3019 3069 3019 3162 3019 3162 3020 3186 3020 3185 3020 3143 3021 848 3021 3187 3021 547 3022 3188 3022 3163 3022 3189 3023 560 3023 3122 3023 2720 3024 900 3024 3190 3024 1007 3025 1013 3025 1005 3025 3166 3026 786 3026 3191 3026 3192 3027 1016 3027 3183 3027 3149 3028 966 3028 3193 3028 3149 3029 964 3029 966 3029 3194 3030 906 3030 909 3030 3160 3031 1294 3031 3195 3031 3161 3032 1173 3032 3196 3032 3197 3033 688 3033 687 3033 3198 3034 1016 3034 3192 3034 3121 3035 1457 3035 3199 3035 3130 3036 765 3036 764 3036 1005 3037 1013 3037 3200 3037 3190 3038 900 3038 902 3038 3153 3039 1283 3039 3152 3039 3201 3040 3113 3040 3151 3040 3202 3041 845 3041 3167 3041 1410 3042 1412 3042 3203 3042 3156 3043 1289 3043 3204 3043 3205 3044 1016 3044 3198 3044 3206 3045 906 3045 3194 3045 3155 3046 693 3046 3207 3046 3208 3047 985 3047 3103 3047 3200 3048 1013 3048 3209 3048 3158 3049 3157 3049 3210 3049 3159 3050 1261 3050 3211 3050 3182 3051 841 3051 3212 3051 3144 3052 838 3052 841 3052 3213 3053 3185 3053 3186 3053 1011 3054 1016 3054 3205 3054 900 3055 3214 3055 901 3055 3209 3056 1013 3056 3215 3056 702 3057 704 3057 3131 3057 3163 3058 3188 3058 3216 3058 1013 3059 1016 3059 1011 3059 903 3060 906 3060 3206 3060 3215 3061 1013 3061 1012 3061 3191 3062 786 3062 3217 3062 900 3063 903 3063 3214 3063 903 3064 3206 3064 904 3064 3214 3065 903 3065 3218 3065 3218 3066 903 3066 905 3066 764 3067 766 3067 3219 3067 3065 3068 3220 3068 3221 3068 3221 3069 3128 3069 3065 3069 3222 3070 962 3070 3165 3070 3223 3071 845 3071 3202 3071 3195 3072 1294 3072 3224 3072 1173 3073 1175 3073 3225 3073 3225 3074 3196 3074 1173 3074 955 3075 3226 3075 953 3075 3227 3076 3185 3076 3213 3076 3228 3077 1379 3077 3184 3077 3184 3078 3229 3078 3228 3078 3216 3079 3188 3079 3230 3079 3217 3080 788 3080 3231 3080 3187 3081 848 3081 3232 3081 3193 3082 966 3082 3233 3082 3212 3083 841 3083 3234 3083 3235 3084 688 3084 3197 3084 3235 3085 683 3085 688 3085 3219 3086 766 3086 3236 3086 844 3087 845 3087 3223 3087 3203 3088 1412 3088 1414 3088 3204 3089 3237 3089 3238 3089 3239 3090 1491 3090 3240 3090 3241 3091 638 3091 3150 3091 3242 3092 3113 3092 3201 3092 3243 3093 3154 3093 3153 3093 769 3094 3185 3094 3227 3094 3230 3095 3188 3095 3244 3095 3231 3096 788 3096 3245 3096 3217 3097 786 3097 788 3097 3207 3098 693 3098 692 3098 3211 3099 1261 3099 1260 3099 3210 3100 3157 3100 3246 3100 3234 3101 841 3101 3247 3101 3248 3102 843 3102 844 3102 3236 3103 766 3103 3249 3103 3224 3104 1294 3104 3250 3104 3225 3105 1175 3105 3251 3105 3111 3106 526 3106 3252 3106 3003 3107 524 3107 526 3107 3253 3108 843 3108 3248 3108 3254 3109 843 3109 3253 3109 771 3110 3185 3110 769 3110 3244 3111 3188 3111 3255 3111 3245 3112 788 3112 3256 3112 3247 3113 843 3113 3254 3113 3247 3114 841 3114 843 3114 3257 3115 962 3115 3222 3115 3222 3116 3258 3116 3257 3116 3259 3117 683 3117 3235 3117 3260 3118 1252 3118 1251 3118 3261 3119 3228 3119 3229 3119 3261 3120 3262 3120 3228 3120 3249 3121 3263 3121 3264 3121 3233 3122 966 3122 968 3122 953 3123 3226 3123 3265 3123 3232 3124 848 3124 3266 3124 1414 3125 1415 3125 3267 3125 3238 3126 3237 3126 3268 3126 3204 3127 1289 3127 3237 3127 3269 3128 771 3128 770 3128 3256 3129 788 3129 3270 3129 3255 3130 3188 3130 3271 3130 3264 3131 3263 3131 3272 3131 3249 3132 766 3132 3263 3132 3250 3133 1296 3133 3273 3133 3251 3134 1175 3134 3274 3134 3199 3135 1457 3135 3275 3135 3276 3136 3113 3136 3242 3136 3276 3137 1403 3137 3113 3137 3277 3138 3154 3138 3243 3138 3278 3139 1491 3139 3239 3139 3246 3140 1385 3140 3279 3140 3246 3141 3157 3141 1385 3141 1260 3142 1262 3142 3280 3142 3270 3143 788 3143 787 3143 3168 3144 670 3144 3281 3144 3282 3145 771 3145 3269 3145 3272 3146 3263 3146 3283 3146 699 3147 704 3147 702 3147 693 3148 694 3148 691 3148 3284 3149 868 3149 872 3149 3271 3150 3188 3150 3285 3150 3286 3151 683 3151 3259 3151 966 3152 971 3152 967 3152 3287 3153 3262 3153 3261 3153 3288 3154 1252 3154 3260 3154 787 3155 789 3155 3289 3155 3283 3156 3263 3156 3290 3156 3291 3157 771 3157 3282 3157 3291 3158 768 3158 771 3158 3266 3159 848 3159 3292 3159 3273 3160 1296 3160 3293 3160 3250 3161 1294 3161 1296 3161 3274 3162 1175 3162 1174 3162 3267 3163 1415 3163 3294 3163 3268 3164 3237 3164 3295 3164 3265 3165 3226 3165 3296 3165 3297 3166 3257 3166 3258 3166 3263 3167 767 3167 3298 3167 3298 3168 3290 3168 3263 3168 3289 3169 789 3169 3299 3169 3285 3170 3188 3170 3300 3170 3065 3171 607 3171 3220 3171 3301 3172 768 3172 3291 3172 3298 3173 767 3173 3302 3173 3299 3174 789 3174 3303 3174 3304 3175 1403 3175 3276 3175 3305 3176 3154 3176 3277 3176 3302 3177 767 3177 3306 3177 3303 3178 3307 3178 3308 3178 3303 3179 789 3179 3307 3179 3309 3180 768 3180 3301 3180 3306 3181 767 3181 3310 3181 3310 3182 768 3182 3311 3182 3279 3183 1385 3183 1384 3183 3280 3184 1262 3184 3312 3184 3313 3185 985 3185 3208 3185 3300 3186 551 3186 3314 3186 3300 3187 3188 3187 551 3187 682 3188 683 3188 3286 3188 3311 3189 768 3189 3309 3189 3310 3190 767 3190 768 3190 3315 3191 1491 3191 3278 3191 967 3192 971 3192 970 3192 3316 3193 3262 3193 3287 3193 3317 3194 1252 3194 3288 3194 3317 3195 1250 3195 1252 3195 3293 3196 1296 3196 3318 3196 1174 3197 1176 3197 3319 3197 637 3198 638 3198 3241 3198 3292 3199 849 3199 3320 3199 691 3200 694 3200 3321 3200 3294 3201 1415 3201 3322 3201 3237 3202 3323 3202 3324 3202 3324 3203 3295 3203 3237 3203 3308 3204 3307 3204 3325 3204 3314 3205 551 3205 3326 3205 1392 3206 1393 3206 3327 3206 3328 3207 1273 3207 3329 3207 3330 3208 1391 3208 1392 3208 3331 3209 1273 3209 3328 3209 3296 3210 3226 3210 3332 3210 1402 3211 1403 3211 3304 3211 3333 3212 3154 3212 3305 3212 3334 3213 3257 3213 3297 3213 3334 3214 3335 3214 3257 3214 3326 3215 551 3215 3336 3215 3337 3216 679 3216 682 3216 562 3217 3338 3217 3339 3217 3339 3218 2654 3218 562 3218 3340 3219 563 3219 3341 3219 3342 3220 564 3220 2569 3220 562 3221 563 3221 3338 3221 3338 3222 563 3222 3340 3222 3341 3223 563 3223 3343 3223 3343 3223 563 3223 3344 3223 3345 3224 3346 3224 3347 3224 3347 3225 3346 3225 3348 3225 3344 3226 563 3226 3346 3226 3348 3227 3346 3227 3349 3227 3350 3228 3346 3228 564 3228 564 3229 3342 3229 3350 3229 3344 3230 3346 3230 3345 3230 3349 3231 3346 3231 3350 3231 3325 3232 3307 3232 3351 3232 3318 3233 1296 3233 3352 3233 3319 3234 1176 3234 3353 3234 3322 3235 1419 3235 3354 3235 3322 3236 1415 3236 1419 3236 3237 3237 3355 3237 3323 3237 3356 3238 3262 3238 3316 3238 3357 3239 3358 3239 3262 3239 3359 3240 1250 3240 3317 3240 3312 3241 1262 3241 3360 3241 1384 3242 1386 3242 3361 3242 971 3243 3362 3243 969 3243 3320 3244 849 3244 3363 3244 3292 3245 848 3245 849 3245 3364 3246 2718 3246 2715 3246 3365 3247 1195 3247 2719 3247 3336 3248 551 3248 550 3248 3275 3249 1457 3249 3366 3249 3351 3250 3307 3250 3367 3250 3321 3251 694 3251 3368 3251 3369 3252 1491 3252 3315 3252 550 3253 552 3253 3370 3253 3329 3254 1273 3254 1272 3254 3327 3255 1393 3255 3371 3255 3354 3256 1419 3256 3372 3256 3323 3257 3355 3257 3373 3257 3374 3258 1391 3258 3330 3258 3375 3259 1390 3259 1391 3259 3376 3260 1273 3260 3331 3260 3377 3261 699 3261 703 3261 3378 3262 679 3262 3337 3262 3379 3263 3154 3263 3333 3263 3380 3264 1401 3264 1402 3264 3357 3265 3262 3265 3356 3265 3381 3266 1250 3266 3359 3266 3382 3267 1243 3267 3383 3267 3384 3268 1430 3268 3385 3268 3386 3269 1428 3269 1430 3269 3363 3270 849 3270 851 3270 3383 3271 1243 3271 1242 3271 3385 3272 1371 3272 3387 3272 3352 3273 1296 3273 1295 3273 3353 3274 1176 3274 3388 3274 3389 3275 1195 3275 3365 3275 3390 3276 2718 3276 3364 3276 3370 3277 552 3277 3391 3277 971 3278 3392 3278 3362 3278 3361 3279 1386 3279 3393 3279 3360 3280 1264 3280 3394 3280 3332 3281 3226 3281 3395 3281 3372 3282 1419 3282 1416 3282 3373 3283 3355 3283 3396 3283 3367 3284 790 3284 3397 3284 3367 3285 3307 3285 790 3285 3391 3286 552 3286 3398 3286 851 3287 850 3287 3399 3287 3400 3288 1476 3288 3401 3288 3402 3289 3335 3289 3334 3289 3398 3290 552 3290 3403 3290 3404 3291 3358 3291 3357 3291 3405 3292 1250 3292 3381 3292 3405 3293 1249 3293 1250 3293 3406 3294 679 3294 3378 3294 3403 3295 552 3295 553 3295 553 3296 554 3296 3407 3296 3408 3297 1401 3297 3380 3297 3409 3298 3154 3298 3379 3298 3410 3299 2718 3299 3390 3299 3411 3300 1195 3300 3389 3300 3397 3301 790 3301 3412 3301 3371 3302 1393 3302 3413 3302 1272 3303 1273 3303 1270 3303 1295 3304 1297 3304 3414 3304 3388 3305 1176 3305 3415 3305 971 3306 973 3306 3392 3306 3416 3307 1391 3307 3374 3307 3417 3308 1273 3308 3376 3308 3418 3309 1524 3309 3419 3309 3281 3310 670 3310 3420 3310 3421 3311 1243 3311 3382 3311 3386 3312 1430 3312 3384 3312 3387 3313 1371 3313 3422 3313 1242 3314 1244 3314 3423 3314 3396 3315 3355 3315 3424 3315 3393 3316 1386 3316 3425 3316 3394 3317 1264 3317 3426 3317 3360 3318 1262 3318 1264 3318 3220 3319 607 3319 3427 3319 3368 3320 694 3320 3428 3320 3252 3321 526 3321 3030 3321 680 3322 679 3322 3406 3322 3412 3323 790 3323 792 3323 3429 3324 868 3324 3284 3324 1400 3325 1401 3325 3408 3325 1278 3326 3154 3326 3409 3326 3430 3327 674 3327 673 3327 1311 3328 2718 3328 3410 3328 3410 3329 3431 3329 1311 3329 3432 3330 1195 3330 3411 3330 3432 3331 1189 3331 1195 3331 3433 3332 1491 3332 3369 3332 3434 3333 1249 3333 3405 3333 3435 3334 3358 3334 3404 3334 971 3335 974 3335 973 3335 3395 3336 957 3336 3436 3336 3395 3337 3226 3337 957 3337 1475 3338 1476 3338 3400 3338 3414 3339 1297 3339 3437 3339 3415 3340 3438 3340 3439 3340 3415 3341 1176 3341 3438 3341 3407 3342 554 3342 3440 3342 792 3343 793 3343 3441 3343 3425 3344 1387 3344 3442 3344 3425 3345 1386 3345 1387 3345 3426 3346 1264 3346 1263 3346 1393 3347 1395 3347 3443 3347 3443 3348 3413 3348 1393 3348 1271 3349 1270 3349 3444 3349 3399 3350 850 3350 852 3350 681 3351 677 3351 679 3351 3445 3352 635 3352 637 3352 3446 3353 1243 3353 3421 3353 1427 3354 1428 3354 3386 3354 3447 3355 1399 3355 1400 3355 1277 3356 3154 3356 1278 3356 3375 3357 1391 3357 3416 3357 1266 3358 1273 3358 3417 3358 3424 3359 3355 3359 3448 3359 3422 3360 1371 3360 3449 3360 3423 3361 1244 3361 1245 3361 3450 3362 3335 3362 3402 3362 3451 3363 960 3363 3335 3363 3441 3364 793 3364 3452 3364 3453 3365 1311 3365 3431 3365 3454 3366 1189 3366 3432 3366 3440 3367 554 3367 556 3367 3455 3368 677 3368 681 3368 3456 3369 3358 3369 3435 3369 3456 3370 1376 3370 3358 3370 3457 3371 1249 3371 3434 3371 3452 3372 793 3372 3458 3372 3428 3373 694 3373 3459 3373 3443 3374 1395 3374 3460 3374 3444 3375 1276 3375 3461 3375 3442 3376 1387 3376 3462 3376 1263 3377 1265 3377 3463 3377 3464 3378 1243 3378 3446 3378 3465 3379 1426 3379 1427 3379 1397 3380 1399 3380 3447 3380 3466 3381 1277 3381 1279 3381 1417 3382 1421 3382 1422 3382 3448 3383 3355 3383 3467 3383 3468 3384 1390 3384 3375 3384 1268 3385 1273 3385 1266 3385 3449 3386 1371 3386 1370 3386 1245 3387 1246 3387 3469 3387 3458 3388 793 3388 794 3388 983 3389 985 3389 3313 3389 3470 3390 1474 3390 1475 3390 672 3391 674 3391 3471 3391 3472 3392 1311 3392 3453 3392 3473 3393 1189 3393 3454 3393 554 3394 558 3394 555 3394 3436 3395 957 3395 3474 3395 794 3396 795 3396 3475 3396 3476 3397 677 3397 3455 3397 852 3398 853 3398 3477 3398 3366 3399 1457 3399 3478 3399 3460 3400 1395 3400 3479 3400 3461 3401 1276 3401 3480 3401 3444 3402 1270 3402 1276 3402 3481 3403 1376 3403 3456 3403 1247 3404 1249 3404 3457 3404 3475 3405 795 3405 3006 3405 3482 3406 1426 3406 3465 3406 3483 3407 1243 3407 3464 3407 3483 3408 3484 3408 1243 3408 1396 3409 1399 3409 1397 3409 3485 3410 1277 3410 3466 3410 3419 3411 3486 3411 3487 3411 1422 3412 1421 3412 3488 3412 3467 3413 3355 3413 3489 3413 3462 3414 1387 3414 3490 3414 3463 3415 1265 3415 3491 3415 3492 3416 699 3416 3377 3416 3471 3417 674 3417 3493 3417 3494 3418 1491 3418 3433 3418 1370 3419 1372 3419 3495 3419 3469 3420 1246 3420 3496 3420 3451 3421 3335 3421 3450 3421 3497 3422 1390 3422 3468 3422 3498 3423 1268 3423 1267 3423 555 3424 558 3424 3499 3424 1309 3425 1311 3425 3472 3425 3500 3426 1189 3426 3473 3426 3501 3427 677 3427 3476 3427 3479 3428 1395 3428 3502 3428 3480 3429 1276 3429 3503 3429 1274 3430 1277 3430 3485 3430 3504 3431 1396 3431 1398 3431 1424 3432 1426 3432 3482 3432 3505 3433 3484 3433 3483 3433 3488 3434 1421 3434 3506 3434 3489 3435 3355 3435 3507 3435 1373 3436 1376 3436 3481 3436 3508 3437 1248 3437 1247 3437 3459 3438 697 3438 3509 3438 3459 3439 694 3439 697 3439 3502 3440 1395 3440 1394 3440 3503 3441 1276 3441 1275 3441 3493 3442 674 3442 3510 3442 1276 3443 1277 3443 1274 3443 1394 3444 1396 3444 3504 3444 3490 3445 1387 3445 1389 3445 1265 3446 1268 3446 3511 3446 3511 3447 3491 3447 1265 3447 3512 3448 1425 3448 1424 3448 3513 3449 3484 3449 3505 3449 3506 3450 1425 3450 3512 3450 3506 3451 1421 3451 1425 3451 3507 3452 3484 3452 3513 3452 3507 3453 3355 3453 3484 3453 1246 3454 1248 3454 3514 3454 3514 3455 3496 3455 1246 3455 3495 3456 1372 3456 3515 3456 1472 3457 1474 3457 3470 3457 3516 3458 677 3458 3501 3458 3517 3459 1390 3459 3497 3459 3518 3460 1268 3460 3498 3460 3499 3461 558 3461 3519 3461 1375 3462 1376 3462 1373 3462 3520 3463 1248 3463 3508 3463 3474 3464 957 3464 3521 3464 674 3465 677 3465 3522 3465 3522 3466 3510 3466 674 3466 1187 3467 1189 3467 3500 3467 3500 3468 3523 3468 1187 3468 3524 3469 1310 3469 1309 3469 3515 3470 1375 3470 3525 3470 3515 3471 1372 3471 1375 3471 3514 3472 1248 3472 3526 3472 3527 3473 677 3473 3516 3473 3511 3474 1268 3474 3528 3474 1389 3475 1388 3475 3529 3475 3525 3476 1375 3476 1374 3476 3526 3477 1248 3477 3520 3477 3530 3478 1388 3478 1390 3478 1390 3479 3517 3479 3530 3479 3531 3480 1268 3480 3518 3480 3522 3481 677 3481 3532 3481 3532 3482 677 3482 3527 3482 3529 3483 1388 3483 3530 3483 3531 3484 3528 3484 1268 3484 3477 3485 853 3485 3533 3485 3519 3486 558 3486 3534 3486 3535 3487 1310 3487 3524 3487 3536 3488 1187 3488 3523 3488 3537 3489 960 3489 3451 3489 3538 3490 1561 3490 3539 3490 3509 3491 697 3491 3540 3491 3541 3492 1473 3492 1472 3492 3534 3493 558 3493 3542 3493 3521 3494 957 3494 956 3494 1737 3495 842 3495 840 3495 3427 3496 607 3496 3543 3496 3544 3497 1310 3497 3535 3497 3545 3498 3546 3498 1310 3498 3547 3499 1187 3499 3536 3499 1488 3500 1491 3500 3494 3500 3542 3501 558 3501 557 3501 3533 3502 853 3502 855 3502 3487 3503 3486 3503 3548 3503 3419 3504 1524 3504 3486 3504 3540 3505 697 3505 3549 3505 3545 3506 1310 3506 3544 3506 1185 3507 1187 3507 3547 3507 557 3508 559 3508 3550 3508 3551 3509 960 3509 3537 3509 3552 3510 958 3510 960 3510 3553 3511 635 3511 3445 3511 3554 3512 1473 3512 3541 3512 670 3513 3555 3513 3556 3513 956 3514 958 3514 3557 3514 3550 3515 559 3515 3558 3515 3559 3516 1186 3516 1185 3516 3560 3517 3546 3517 3545 3517 3549 3518 697 3518 3561 3518 853 3519 856 3519 854 3519 3562 3520 868 3520 3429 3520 3563 3521 3564 3521 3565 3521 3566 3522 3564 3522 3567 3522 3567 3523 3564 3523 3568 3523 3569 3524 2732 3524 3570 3524 3569 3525 3564 3525 2732 3525 3570 3526 2732 3526 3571 3526 2731 3527 2729 3527 3572 3527 599 3528 600 3528 3573 3528 600 3529 3564 3529 3563 3529 3563 3528 3574 3528 600 3528 3565 3530 3564 3530 3566 3530 3568 3521 3564 3521 3569 3521 3571 3531 2732 3531 2731 3531 3573 3532 600 3532 3574 3532 3572 3533 2729 3533 2728 3533 3558 3534 559 3534 3575 3534 3557 3535 958 3535 3576 3535 3577 3536 3546 3536 3560 3536 3578 3537 1186 3537 3559 3537 3575 3538 559 3538 3579 3538 3552 3539 960 3539 3551 3539 3580 3540 1473 3540 3554 3540 3581 3541 857 3541 858 3541 3576 3542 958 3542 3552 3542 559 3543 560 3543 3189 3543 3189 3544 3579 3544 559 3544 1508 3545 1511 3545 1506 3545 1506 3546 1511 3546 3582 3546 1512 3547 3583 3547 1509 3547 3584 3548 1511 3548 1510 3548 3583 3549 1512 3549 3585 3549 3585 3550 1512 3550 3586 3550 3587 3551 2527 3551 3588 3551 2867 3552 1508 3552 1507 3552 3582 3553 1511 3553 3584 3553 1509 3554 1511 3554 1512 3554 3586 3555 2527 3555 3589 3555 3589 3556 2527 3556 3587 3556 3588 3557 2527 3557 2526 3557 3586 3558 1512 3558 2527 3558 3478 3559 1457 3559 3590 3559 854 3560 856 3560 3591 3560 3592 3561 1561 3561 3538 3561 3593 3562 699 3562 3492 3562 3593 3563 3594 3563 699 3563 3561 3564 3595 3564 3596 3564 3561 3565 697 3565 3595 3565 1488 3566 3494 3566 3597 3566 3598 3567 857 3567 3581 3567 3599 3568 868 3568 3600 3568 3601 3569 622 3569 623 3569 1469 3570 1473 3570 3580 3570 3591 3571 856 3571 3602 3571 1042 3572 208 3572 211 3572 3603 3573 857 3573 3598 3573 3603 3574 856 3574 857 3574 3602 3575 856 3575 3604 3575 3596 3576 3595 3576 3605 3576 3604 3577 856 3577 3603 3577 3606 3578 984 3578 983 3578 3548 3579 3486 3579 3607 3579 1471 3580 1473 3580 1469 3580 623 3581 624 3581 3608 3581 3605 3582 3595 3582 3609 3582 3610 3583 1471 3583 1470 3583 3611 3584 868 3584 3599 3584 1467 3585 1471 3585 3610 3585 3609 3586 3612 3586 3613 3586 3614 3587 3594 3587 3593 3587 1488 3588 3597 3588 1489 3588 1466 3589 1471 3589 1467 3589 3615 3590 1561 3590 3592 3590 3543 3591 607 3591 606 3591 3616 3592 1466 3592 1468 3592 3608 3593 624 3593 3617 3593 3613 3594 3612 3594 3618 3594 3609 3595 3595 3595 3612 3595 1464 3596 1466 3596 3616 3596 3619 3597 3594 3597 3614 3597 3618 3598 3612 3598 3620 3598 3621 3599 3594 3599 3619 3599 3621 3600 3622 3600 3594 3600 3623 3601 635 3601 3553 3601 3620 3602 3622 3602 3624 3602 3620 3603 3612 3603 3622 3603 3625 3604 3622 3604 3621 3604 3624 3605 3622 3605 3625 3605 3617 3606 624 3606 3626 3606 3627 3607 1465 3607 1464 3607 3628 3608 865 3608 3611 3608 3607 3609 3486 3609 3629 3609 3630 3610 631 3610 3631 3610 3590 3611 1459 3611 3632 3611 3633 3612 1465 3612 3627 3612 624 3613 3634 3613 3635 3613 3635 3614 3626 3614 624 3614 3401 3615 1476 3615 3636 3615 670 3616 674 3616 3555 3616 3556 3617 3420 3617 670 3617 3637 3618 1488 3618 1490 3618 2802 3619 641 3619 3638 3619 3639 3620 641 3620 3640 3620 642 3621 3641 3621 3642 3621 3643 3622 3641 3622 3644 3622 3645 3623 588 3623 3646 3623 3638 3624 641 3624 3639 3624 3640 3624 641 3624 643 3624 641 3625 3641 3625 642 3625 3642 3626 3641 3626 3647 3626 3647 3627 3641 3627 3643 3627 3644 3622 3641 3622 3648 3622 3648 3628 3641 3628 3645 3628 3646 3629 588 3629 2625 3629 3645 3630 3641 3630 588 3630 3649 3631 631 3631 3630 3631 1461 3632 1465 3632 3633 3632 3635 3633 3634 3633 3650 3633 1558 3634 1561 3634 3615 3634 3651 3635 868 3635 3562 3635 3611 3636 865 3636 868 3636 3636 3637 3652 3637 3653 3637 3636 3638 1476 3638 3652 3638 1463 3639 1465 3639 1461 3639 3654 3640 631 3640 3649 3640 3655 3641 865 3641 3628 3641 3650 3642 3634 3642 3656 3642 3657 3643 1459 3643 3658 3643 3659 3644 627 3644 3660 3644 3660 3645 627 3645 3661 3645 3662 3646 1463 3646 1462 3646 632 3647 631 3647 3654 3647 3658 3648 1459 3648 3663 3648 3656 3649 3634 3649 3664 3649 3665 3650 627 3650 3659 3650 3666 3651 1463 3651 3662 3651 3666 3652 1460 3652 1463 3652 3634 3653 627 3653 3667 3653 3667 3654 3664 3654 3634 3654 3663 3655 1459 3655 1458 3655 3661 3656 627 3656 3668 3656 3669 3657 627 3657 3665 3657 3667 3658 627 3658 3669 3658 3670 3659 1460 3659 3666 3659 3653 3660 3652 3660 3671 3660 633 3661 628 3661 631 3661 1458 3662 1460 3662 3672 3662 3672 3663 1460 3663 3670 3663 3668 3664 627 3664 3673 3664 3629 3665 1529 3665 3674 3665 3629 3666 3486 3666 1529 3666 3675 3667 628 3667 633 3667 3673 3668 627 3668 626 3668 3676 3669 628 3669 3675 3669 3677 3670 1488 3670 3637 3670 626 3671 628 3671 3678 3671 3678 3672 628 3672 3676 3672 3679 3673 865 3673 3655 3673 606 3674 608 3674 3680 3674 3671 3675 3652 3675 1479 3675 3681 3676 1304 3676 1303 3676 1181 3677 1182 3677 3682 3677 3683 3678 1179 3678 1181 3678 3684 3679 1304 3679 3681 3679 1560 3680 1561 3680 1558 3680 3685 3681 1304 3681 3684 3681 3686 3682 1179 3682 3683 3682 3437 3683 1297 3683 3687 3683 3439 3684 3438 3684 3688 3684 3689 3685 1304 3685 3685 3685 3690 3686 1179 3686 3686 3686 1303 3687 1305 3687 3691 3687 3682 3688 1182 3688 3692 3688 3687 3689 1297 3689 1299 3689 3688 3690 3438 3690 3693 3690 3694 3691 1304 3691 3689 3691 3695 3692 1179 3692 3690 3692 3696 3693 635 3693 3623 3693 1299 3694 1300 3694 3697 3694 3693 3695 3438 3695 3698 3695 3699 3696 1304 3696 3694 3696 3695 3697 3690 3697 3700 3697 3700 3698 3701 3698 3695 3698 3697 3699 1300 3699 3702 3699 3698 3700 1177 3700 3703 3700 3698 3701 3438 3701 1177 3701 1300 3702 1304 3702 3699 3702 3704 3703 3695 3703 3701 3703 3702 3704 1300 3704 3705 3704 3703 3705 1177 3705 3706 3705 1300 3706 3699 3706 1301 3706 3707 3707 3695 3707 3704 3707 1479 3708 3652 3708 1477 3708 3705 3709 1300 3709 1302 3709 1177 3710 3695 3710 3707 3710 3707 3711 3706 3711 1177 3711 3691 3712 1305 3712 3708 3712 3692 3713 1182 3713 3709 3713 3710 3714 865 3714 3679 3714 3632 3715 1459 3715 3711 3715 3590 3716 1457 3716 1459 3716 3708 3717 1305 3717 3712 3717 3709 3718 1182 3718 3713 3718 3714 3719 622 3719 3601 3719 1478 3720 1477 3720 3715 3720 1486 3721 1488 3721 3677 3721 3712 3722 1305 3722 3716 3722 3713 3723 1182 3723 3717 3723 3674 3724 1529 3724 3718 3724 621 3725 622 3725 3714 3725 3716 3726 1305 3726 3719 3726 3717 3727 1182 3727 3720 3727 3680 3728 608 3728 3721 3728 3715 3729 1477 3729 1480 3729 3720 3730 1182 3730 1183 3730 3719 3731 1307 3731 3722 3731 3719 3732 1305 3732 1307 3732 3723 3733 619 3733 621 3733 3724 3734 1560 3734 1559 3734 3555 3735 674 3735 3430 3735 3722 3736 1307 3736 3725 3736 1183 3737 1184 3737 3726 3737 3727 3738 865 3738 3710 3738 3721 3739 608 3739 3728 3739 332 3740 333 3740 1280 3740 3725 3741 1307 3741 3729 3741 3726 3742 1184 3742 3730 3742 1480 3743 1481 3743 3731 3743 3732 3744 619 3744 3723 3744 3729 3745 1307 3745 3733 3745 3730 3746 1184 3746 3734 3746 3734 3747 1184 3747 3735 3747 3733 3748 3546 3748 3736 3748 3733 3749 1307 3749 3546 3749 3728 3750 608 3750 611 3750 3737 3751 619 3751 3732 3751 3736 3752 3546 3752 3738 3752 3735 3753 1186 3753 3739 3753 3735 3754 1184 3754 1186 3754 3738 3755 3546 3755 3577 3755 3739 3756 1186 3756 3578 3756 3731 3757 1481 3757 3740 3757 3741 3758 1487 3758 1486 3758 3600 3759 868 3759 3651 3759 611 3760 610 3760 3742 3760 618 3761 619 3761 3737 3761 3743 3762 617 3762 618 3762 3744 3763 3745 3763 3746 3763 3742 3764 610 3764 3747 3764 3748 3765 865 3765 3727 3765 3740 3766 1481 3766 3749 3766 3750 3767 617 3767 3743 3767 3746 3768 616 3768 3751 3768 615 3769 617 3769 3750 3769 3751 3770 616 3770 3752 3770 3746 3771 3745 3771 616 3771 3718 3772 1529 3772 3753 3772 3747 3773 610 3773 613 3773 3754 3774 3745 3774 3744 3774 3752 3775 616 3775 615 3775 610 3776 3745 3776 612 3776 3755 3777 3745 3777 3754 3777 3749 3778 1483 3778 3756 3778 3749 3779 1481 3779 1483 3779 612 3780 3745 3780 3757 3780 3758 3781 3745 3781 3755 3781 3757 3782 3745 3782 3759 3782 3759 3783 3745 3783 3758 3783 3631 3784 635 3784 3696 3784 3631 3785 631 3785 635 3785 3760 3786 1560 3786 3724 3786 3756 3787 1483 3787 3761 3787 974 3788 3762 3788 972 3788 3711 3789 1459 3789 3763 3789 3764 3790 865 3790 3748 3790 3761 3791 1483 3791 1482 3791 3765 3792 984 3792 3606 3792 3766 3793 3767 3793 3768 3793 1482 3794 1484 3794 3769 3794 3769 3795 1484 3795 3770 3795 3771 3796 984 3796 3765 3796 3772 3797 3767 3797 3766 3797 862 3798 864 3798 865 3798 3770 3799 1484 3799 3773 3799 3753 3800 1529 3800 1528 3800 3762 3801 974 3801 976 3801 3773 3802 1484 3802 3774 3802 3775 3803 984 3803 3771 3803 977 3804 3767 3804 3772 3804 3772 3805 3776 3805 977 3805 3777 3806 1560 3806 3760 3806 3774 3807 3778 3807 3779 3807 3774 3808 1484 3808 3778 3808 974 3809 3780 3809 975 3809 3781 3810 977 3810 3776 3810 865 3811 3764 3811 862 3811 3779 3812 3778 3812 3782 3812 3783 3813 1492 3813 3784 3813 1493 3814 1494 3814 3785 3814 3786 3815 1494 3815 2858 3815 1491 3816 1492 3816 3787 3816 3787 3817 3240 3817 1491 3817 3787 3818 1492 3818 3788 3818 3789 3819 1492 3819 3783 3819 3788 3820 1492 3820 3789 3820 3784 3821 1492 3821 3790 3821 3790 3819 1492 3819 1493 3819 3785 3822 1494 3822 3791 3822 3791 3822 1494 3822 3792 3822 3792 3823 1494 3823 3793 3823 3793 3822 1494 3822 3786 3822 3794 3824 984 3824 3775 3824 974 3825 3795 3825 3780 3825 3782 3826 3778 3826 3796 3826 3797 3827 977 3827 3781 3827 974 3828 3798 3828 3795 3828 3768 3829 3767 3829 3799 3829 858 3830 859 3830 3800 3830 3796 3831 3801 3831 3802 3831 3796 3832 3778 3832 3801 3832 3798 3833 977 3833 3797 3833 974 3834 977 3834 3798 3834 3803 3835 984 3835 3794 3835 3802 3836 3801 3836 3804 3836 3804 3837 3801 3837 3805 3837 3799 3838 3767 3838 3806 3838 3805 3839 3801 3839 3807 3839 3808 3840 864 3840 863 3840 3800 3841 859 3841 861 3841 3809 3842 984 3842 3803 3842 3807 3843 3810 3843 3811 3843 3807 3844 3801 3844 3810 3844 3811 3845 3810 3845 3812 3845 3806 3846 3767 3846 3813 3846 3767 3847 984 3847 3809 3847 3809 3848 3814 3848 3767 3848 1529 3849 1533 3849 1527 3849 3763 3850 1459 3850 3657 3850 3813 3851 3767 3851 3815 3851 3816 3852 3767 3852 3814 3852 859 3853 3817 3853 860 3853 3815 3854 3767 3854 3816 3854 3812 3855 3810 3855 3818 3855 3819 3856 1560 3856 3777 3856 3820 3857 864 3857 3808 3857 859 3858 3821 3858 3817 3858 3818 3859 1485 3859 3822 3859 859 3860 3823 3860 3821 3860 3822 3861 1485 3861 3824 3861 3818 3862 3810 3862 1485 3862 3825 3863 864 3863 3820 3863 859 3864 864 3864 3823 3864 1485 3865 3826 3865 3827 3865 3827 3866 3824 3866 1485 3866 3828 3867 864 3867 3825 3867 3823 3868 864 3868 3829 3868 3827 3869 3826 3869 3830 3869 3831 3870 864 3870 3828 3870 3829 3871 864 3871 3832 3871 3833 3872 864 3872 3831 3872 3832 3873 864 3873 3833 3873 3830 3874 3826 3874 3834 3874 3834 3875 3826 3875 3835 3875 1527 3876 1533 3876 3836 3876 3835 3877 3826 3877 3837 3877 3837 3878 3826 3878 3838 3878 3839 3879 1560 3879 3819 3879 3826 3880 1487 3880 3840 3880 3840 3881 3838 3881 3826 3881 3841 3882 1524 3882 3842 3882 3181 3883 1520 3883 3843 3883 3843 3884 1520 3884 3844 3884 3844 3884 1520 3884 1522 3884 3845 3885 1523 3885 3846 3885 1522 3886 1523 3886 3845 3886 3846 3887 1523 3887 3847 3887 3847 3888 1524 3888 3848 3888 3847 3889 1523 3889 1524 3889 3849 3890 1524 3890 3850 3890 3848 3891 1524 3891 3849 3891 3850 3888 1524 3888 3841 3888 3851 3892 1524 3892 3418 3892 3842 3892 1524 3892 3851 3892 3840 3893 1487 3893 3852 3893 3852 3894 1487 3894 3853 3894 3853 3895 1487 3895 3741 3895 3854 3896 1545 3896 3855 3896 3855 3897 1545 3897 3856 3897 3836 3898 1533 3898 3857 3898 3856 3899 1545 3899 1544 3899 3858 3900 1560 3900 3839 3900 3858 3901 1555 3901 1560 3901 1544 3902 1546 3902 3859 3902 3860 3903 1555 3903 3861 3903 3859 3904 1546 3904 3862 3904 3863 3905 3171 3905 3864 3905 3864 3906 3171 3906 3865 3906 3865 3907 3171 3907 3169 3907 3539 3908 1561 3908 3866 3908 3866 3909 1561 3909 3867 3909 3867 3910 1561 3910 3868 3910 3868 3905 3171 3905 3869 3905 3869 3911 3171 3911 3870 3911 3868 3912 1561 3912 3171 3912 3870 3913 3171 3913 3871 3913 3871 3914 3171 3914 3872 3914 3872 3905 3171 3905 3873 3905 3874 3915 3171 3915 3863 3915 3873 3905 3171 3905 3874 3905 1554 3916 1555 3916 3860 3916 3862 3917 1546 3917 1547 3917 3875 3918 1553 3918 1554 3918 1547 3919 1548 3919 3876 3919 3877 3920 1552 3920 3878 3920 3877 3921 1549 3921 1552 3921 3878 3922 1552 3922 3879 3922 3880 3923 1553 3923 3875 3923 3876 3924 1548 3924 3881 3924 3882 3925 1549 3925 3877 3925 3881 3926 1548 3926 3883 3926 3879 3927 1552 3927 3884 3927 3885 3928 1549 3928 3882 3928 3883 3929 1549 3929 3885 3929 3883 3930 1548 3930 1549 3930 3886 3931 1553 3931 3880 3931 3884 3932 1552 3932 3887 3932 1551 3933 1553 3933 3886 3933 3887 3934 1552 3934 3888 3934 3889 3935 1552 3935 1551 3935 3888 3936 1552 3936 3890 3936 3890 3937 1552 3937 3889 3937 3857 3938 1532 3938 3891 3938 3857 3939 1533 3939 1532 3939 3892 3940 1555 3940 3858 3940 3893 3941 1545 3941 3854 3941 3894 3942 1545 3942 3893 3942 3891 3943 1532 3943 1531 3943 1542 3944 1545 3944 3894 3944 3894 3945 3895 3945 1542 3945 1532 3946 3896 3946 1530 3946 3897 3947 1542 3947 3895 3947 1530 3948 3896 3948 3898 3948 3899 3949 1542 3949 3897 3949 3898 3950 3896 3950 3900 3950 1541 3951 1542 3951 3899 3951 3901 3952 1539 3952 1541 3952 3902 3953 1539 3953 3903 3953 3896 3954 1536 3954 3904 3954 3904 3955 3900 3955 3896 3955 3905 3956 1539 3956 3901 3956 3906 3957 3903 3957 1539 3957 3907 3958 1539 3958 3905 3958 3906 3959 1539 3959 3908 3959 3909 3960 1539 3960 3902 3960 3904 3961 1536 3961 3910 3961 3908 3962 1539 3962 3907 3962 3910 3963 1536 3963 3911 3963 1538 3964 1539 3964 3909 3964 3911 3965 1536 3965 1535 3965 3912 3966 1537 3966 1538 3966 3913 3967 1537 3967 3912 3967 1535 3968 1537 3968 3913 3968 3861 3969 1555 3969 3892 3969 2249 3970 3914 3970 2350 3970 3109 3971 2673 3971 1369 3971 3564 3972 3915 3972 2732 3972 356 3973 1297 3973 1296 3973 604 3974 2729 3974 601 3974 1298 3975 1304 3975 1297 3975 601 3976 603 3976 604 3976 1298 3977 1305 3977 1304 3977 1308 3978 3546 3978 1307 3978 609 3979 608 3979 607 3979 2718 3980 3916 3980 2716 3980 2789 3981 1313 3981 1312 3981 1312 3982 1314 3982 2880 3982 2880 3983 1314 3983 1316 3983 1318 3984 1317 3984 1316 3984 1318 3985 1321 3985 1317 3985 1324 3986 1326 3986 1323 3986 1327 3987 1329 3987 1326 3987 1327 3988 1331 3988 1329 3988 1334 3989 1333 3989 1331 3989 1333 3990 1334 3990 1335 3990 1335 3991 1336 3991 1339 3991 1336 3992 1341 3992 1339 3992 1343 3993 1342 3993 1341 3993 620 3994 622 3994 619 3994 1343 3995 1345 3995 1342 3995 1346 3996 1348 3996 1345 3996 1348 3997 1347 3997 1349 3997 1350 3998 2722 3998 1349 3998 1350 3999 1351 3999 2722 3999 1351 4000 334 4000 1352 4000 1352 4001 336 4001 1353 4001 338 4002 1355 4002 1353 4002 343 4003 1357 4003 1355 4003 344 4004 346 4004 1360 4004 346 4005 1362 4005 1360 4005 348 4006 1368 4006 1362 4006 629 4007 628 4007 3634 4007 350 4008 1369 4008 1367 4008 1371 4009 3385 4009 1430 4009 1430 4010 340 4010 1372 4010 630 4011 631 4011 628 4011 1372 4012 1376 4012 1375 4012 1376 4013 358 4013 3358 4013 3358 4014 3228 4014 3262 4014 360 4015 1380 4015 3228 4015 362 4016 1381 4016 1380 4016 365 4017 3157 4017 1383 4017 365 4018 1385 4018 3157 4018 640 4019 641 4019 639 4019 589 4020 3641 4020 641 4020 375 4021 1395 4021 1391 4021 377 4022 1396 4022 1395 4022 377 4023 1399 4023 1396 4023 645 4024 2537 4024 826 4024 379 4025 1403 4025 1399 4025 646 4026 102 4026 647 4026 1406 4027 1409 4027 2997 4027 124 4028 654 4028 650 4028 1413 4029 1415 4029 1412 4029 653 4030 106 4030 655 4030 1420 4031 1417 4031 1419 4031 655 4032 105 4032 656 4032 1420 4033 1429 4033 1421 4033 656 4034 108 4034 657 4034 1421 4035 1429 4035 1425 4035 1429 4036 1428 4036 1425 4036 128 4037 659 4037 657 4037 659 4038 129 4038 661 4038 1428 4039 340 4039 1430 4039 663 4040 662 4040 661 4040 1431 4041 387 4041 1433 4041 1431 4042 2535 4042 2526 4042 390 4043 1434 4043 1433 4043 662 4044 132 4044 665 4044 391 4045 1436 4045 1434 4045 1440 4046 1438 4046 1439 4046 1438 4047 1440 4047 1441 4047 135 4048 666 4048 665 4048 1441 4049 1442 4049 1443 4049 666 4050 137 4050 667 4050 1443 4051 1444 4051 1445 4051 1446 4052 1448 4052 1445 4052 382 4053 1452 4053 1451 4053 667 4054 138 4054 668 4054 668 4055 669 4055 670 4055 1452 4056 394 4056 1455 4056 396 4057 1456 4057 1455 4057 1456 4058 397 4058 1457 4058 670 4059 676 4059 674 4059 242 4060 864 4060 857 4060 1457 4061 1460 4061 1459 4061 403 4062 1463 4062 1460 4062 674 4063 676 4063 677 4063 404 4064 1466 4064 1465 4064 406 4065 1471 4065 1466 4065 408 4066 1474 4066 1471 4066 678 4067 679 4067 677 4067 409 4068 3652 4068 1474 4068 409 4069 1477 4069 3652 4069 410 4070 1481 4070 1477 4070 685 4071 689 4071 683 4071 410 4072 412 4072 1484 4072 412 4073 3810 4073 3778 4073 3810 4074 412 4074 1485 4074 414 4075 3826 4075 1485 4075 814 4076 813 4076 809 4076 813 4077 814 4077 815 4077 695 4078 694 4078 693 4078 414 4079 1487 4079 3826 4079 416 4080 1491 4080 1488 4080 1491 4081 417 4081 1492 4081 698 4082 700 4082 3595 4082 1494 4083 1492 4083 1497 4083 700 4084 3594 4084 3612 4084 1537 4085 1542 4085 1539 4085 1497 4086 1496 4086 1494 4086 700 4087 699 4087 3594 4087 1499 4088 1501 4088 1496 4088 1501 4089 1502 4089 1505 4089 701 4090 704 4090 699 4090 385 4091 1512 4091 1511 4091 705 4092 707 4092 704 4092 1516 4093 1515 4093 1514 4093 708 4094 710 4094 707 4094 710 4095 711 4095 712 4095 712 4096 713 4096 715 4096 1521 4097 1520 4097 1519 4097 717 4098 716 4098 715 4098 1521 4099 1523 4099 1520 4099 718 4100 720 4100 716 4100 723 4101 722 4101 720 4101 724 4102 726 4102 722 4102 729 4103 728 4103 726 4103 1526 4104 3486 4104 1524 4104 730 4105 732 4105 728 4105 1529 4106 3486 4106 1533 4106 2505 4107 99 4107 733 4107 1534 4108 3896 4108 1532 4108 98 4109 735 4109 733 4109 740 4110 736 4110 735 4110 736 4111 740 4111 741 4111 741 4112 97 4112 742 4112 96 4113 744 4113 742 4113 104 4114 746 4114 744 4114 746 4115 111 4115 747 4115 1542 4116 1546 4116 1545 4116 747 4117 748 4117 750 4117 1543 4118 1549 4118 1546 4118 114 4119 751 4119 750 4119 751 4120 752 4120 753 4120 1550 4121 1553 4121 1549 4121 753 4122 119 4122 754 4122 120 4123 756 4123 754 4123 1550 4124 1556 4124 1553 4124 122 4125 758 4125 756 4125 759 4126 761 4126 758 4126 761 4127 139 4127 762 4127 1557 4128 1561 4128 1555 4128 763 4129 765 4129 762 4129 1562 4130 1514 4130 1561 4130 144 4131 766 4131 765 4131 777 4132 776 4132 774 4132 816 4133 818 4133 815 4133 156 4134 774 4134 773 4134 828 4135 173 4135 830 4135 818 4136 819 4136 820 4136 148 4137 767 4137 766 4137 824 4138 825 4138 826 4138 182 4139 831 4139 830 4139 767 4140 149 4140 768 4140 239 4141 853 4141 850 4141 234 4142 237 4142 850 4142 244 4143 865 4143 864 4143 880 4144 881 4144 884 4144 885 4145 887 4145 884 4145 888 4146 892 4146 891 4146 776 4147 778 4147 779 4147 780 4148 782 4148 779 4148 163 4149 788 4149 786 4149 163 4150 789 4150 788 4150 1003 4151 1008 4151 1004 4151 795 4152 167 4152 796 4152 803 4153 804 4153 805 4153 805 4154 806 4154 808 4154 810 4155 809 4155 808 4155 820 4156 821 4156 822 4156 822 4157 823 4157 824 4157 2586 4158 174 4158 828 4158 836 4159 835 4159 834 4159 839 4160 838 4160 835 4160 841 4161 842 4161 843 4161 167 4162 795 4162 790 4162 233 4163 847 4163 846 4163 150 4164 771 4164 768 4164 239 4165 856 4165 853 4165 856 4166 241 4166 857 4166 838 4167 840 4167 841 4167 877 4168 874 4168 870 4168 878 4169 876 4169 874 4169 876 4170 879 4170 880 4170 888 4171 891 4171 887 4171 894 4172 896 4172 892 4172 185 4173 898 4173 186 4173 193 4174 900 4174 898 4174 193 4175 903 4175 900 4175 213 4176 906 4176 903 4176 907 4177 215 4177 906 4177 215 4178 214 4178 911 4178 917 4179 912 4179 918 4179 218 4180 920 4180 917 4180 220 4181 922 4181 920 4181 922 4182 923 4182 924 4182 924 4183 925 4183 927 4183 929 4184 928 4184 927 4184 930 4185 932 4185 928 4185 933 4186 935 4186 932 4186 936 4187 938 4187 935 4187 939 4188 941 4188 938 4188 942 4189 943 4189 945 4189 945 4190 172 4190 947 4190 176 4191 951 4191 949 4191 831 4192 832 4192 834 4192 176 4193 952 4193 951 4193 952 4194 180 4194 955 4194 195 4195 3226 4195 955 4195 958 4196 959 4196 960 4196 961 4197 3335 4197 960 4197 961 4198 3257 4198 3335 4198 961 4199 962 4199 3257 4199 978 4200 977 4200 974 4200 989 4201 985 4201 986 4201 3917 4202 427 4202 2021 4202 990 4203 992 4203 989 4203 1931 4204 2439 4204 1932 4204 2439 4205 2264 4205 467 4205 992 4206 990 4206 993 4206 3918 4207 3919 4207 2260 4207 3919 4208 3918 4208 2197 4208 994 4209 996 4209 993 4209 2496 4210 8 4210 2186 4210 996 4211 997 4211 1000 4211 3920 4212 2487 4212 2176 4212 2487 4213 15 4213 2201 4213 1001 4214 1002 4214 1000 4214 435 4215 439 4215 2025 4215 2427 4216 436 4216 438 4216 436 4217 2427 4217 1940 4217 1004 4218 1008 4218 1007 4218 2501 4219 448 4219 2026 4219 3921 4220 2456 4220 2267 4220 2456 4221 3921 4221 2071 4221 1010 4222 1013 4222 1007 4222 2453 4223 2489 4223 453 4223 198 4224 1016 4224 1010 4224 3922 4225 2490 4225 2187 4225 2490 4226 3922 4226 2059 4226 472 4227 19 4227 474 4227 2449 4228 587 4228 472 4228 28 4229 475 4229 474 4229 475 4230 28 4230 477 4230 32 4231 478 4231 477 4231 478 4232 32 4232 480 4232 35 4233 481 4233 480 4233 481 4234 35 4234 483 4234 37 4235 484 4235 483 4235 484 4236 87 4236 486 4236 88 4237 487 4237 87 4237 487 4238 88 4238 489 4238 91 4239 490 4239 489 4239 490 4240 91 4240 492 4240 2174 4241 1018 4241 1020 4241 2174 4242 1024 4242 1018 4242 494 4243 493 4243 492 4243 493 4244 498 4244 496 4244 498 4245 502 4245 497 4245 497 4246 502 4246 500 4246 503 4247 501 4247 500 4247 501 4248 503 4248 505 4248 507 4249 506 4249 505 4249 506 4250 507 4250 509 4250 511 4251 510 4251 509 4251 510 4252 511 4252 513 4252 17 4253 514 4253 513 4253 514 4254 16 4254 515 4254 515 4255 22 4255 516 4255 1037 4256 1034 4256 1030 4256 516 4257 26 4257 517 4257 209 4258 1036 4258 1034 4258 208 4259 1039 4259 1036 4259 517 4260 40 4260 518 4260 1042 4261 1041 4261 1039 4261 518 4262 41 4262 519 4262 519 4263 44 4263 520 4263 1049 4264 1051 4264 1047 4264 520 4265 521 4265 522 4265 1060 4266 1058 4266 1055 4266 50 4267 524 4267 522 4267 1063 4268 1062 4268 1058 4268 1066 4269 1065 4269 1062 4269 174 4270 2586 4270 1069 4270 248 4271 3923 4271 1072 4271 3924 4272 2446 4272 2031 4272 1082 4273 1077 4273 1076 4273 1077 4274 1083 4274 1080 4274 49 4275 527 4275 524 4275 250 4276 1081 4276 1080 4276 1090 4277 2418 4277 2087 4277 2418 4278 1090 4278 1088 4278 782 4279 158 4279 783 4279 3925 4280 1089 4280 1088 4280 527 4281 51 4281 529 4281 2392 4282 2447 4282 2282 4282 2447 4283 2392 4283 2042 4283 1100 4284 262 4284 2165 4284 783 4285 162 4285 784 4285 1107 4286 2419 4286 2161 4286 2419 4287 1107 4287 1105 4287 51 4288 530 4288 529 4288 2397 4289 1106 4289 1105 4289 1106 4290 2397 4290 1112 4290 1111 4291 2401 4291 1109 4291 530 4292 53 4292 2983 4292 2430 4293 1116 4293 273 4293 1116 4294 2430 4294 1118 4294 1124 4295 2423 4295 1911 4295 2423 4296 1124 4296 1122 4296 2433 4297 1123 4297 1122 4297 1123 4298 2433 4298 1126 4298 275 4299 2428 4299 1909 4299 2438 4300 2381 4300 1130 4300 2381 4301 2382 4301 2378 4301 2421 4302 1842 4302 1134 4302 2421 4303 1134 4303 1132 4303 265 4304 1133 4304 1132 4304 267 4305 2136 4305 1133 4305 1144 4306 2388 4306 2376 4306 2388 4307 1144 4307 1142 4307 796 4308 169 4308 797 4308 2465 4309 1171 4309 2464 4309 1171 4310 2465 4310 2404 4310 3926 4311 1143 4311 1142 4311 1143 4312 2103 4312 2102 4312 55 4313 533 4313 532 4313 2310 4314 2339 4314 1155 4314 2406 4315 1155 4315 1153 4315 55 4316 535 4316 533 4316 2471 4317 1154 4317 1153 4317 1154 4318 2471 4318 2377 4318 3927 4319 3928 4319 3929 4319 57 4320 537 4320 535 4320 537 4321 57 4321 538 4321 3930 4322 2481 4322 3928 4322 2452 4323 2478 4323 2122 4323 2478 4324 3931 4324 2322 4324 1165 4325 1169 4325 2404 4325 1241 4326 303 4326 1173 4326 1173 4327 306 4327 1175 4327 60 4328 541 4328 538 4328 798 4329 800 4329 797 4329 541 4330 62 4330 544 4330 1177 4331 1178 4331 3695 4331 801 4332 803 4332 800 4332 3695 4333 1178 4333 1179 4333 548 4334 549 4334 547 4334 1180 4335 3932 4335 1179 4335 1187 4336 1190 4336 1189 4336 1189 4337 1192 4337 1195 4337 68 4338 552 4338 551 4338 2837 4339 1201 4339 1200 4339 72 4340 558 4340 554 4340 2711 4341 1206 4341 1205 4341 1207 4342 1208 4342 1205 4342 1215 4343 1212 4343 1211 4343 1216 4344 1214 4344 1212 4344 1216 4345 1217 4345 1214 4345 1218 4346 1220 4346 1217 4346 1223 4347 1222 4347 1220 4347 1224 4348 1226 4348 1222 4348 1227 4349 1228 4349 1226 4349 286 4350 1231 4350 1228 4350 289 4351 1233 4351 1231 4351 2664 4352 79 4352 562 4352 292 4353 1236 4353 1233 4353 562 4354 81 4354 563 4354 1236 4355 296 4355 1237 4355 1237 4356 2811 4356 2839 4356 297 4357 299 4357 2811 4357 2811 4358 299 4358 1238 4358 302 4359 1240 4359 1238 4359 304 4360 1241 4360 1240 4360 563 4361 82 4361 3346 4361 290 4362 1246 4362 1244 4362 1246 4363 1249 4363 1248 4363 3346 4364 82 4364 564 4364 564 4365 565 4365 566 4365 1249 4366 310 4366 1250 4366 566 4367 567 4367 568 4367 313 4368 1252 4368 1250 4368 1269 4369 327 4369 328 4369 313 4370 1254 4370 1252 4370 569 4371 575 4371 571 4371 571 4372 575 4372 573 4372 315 4373 1256 4373 1254 4373 1256 4374 315 4374 1258 4374 576 4375 574 4375 573 4375 574 4376 577 4376 578 4376 319 4377 1262 4377 1261 4377 24 4378 580 4378 578 4378 322 4379 1265 4379 1262 4379 580 4380 24 4380 581 4380 324 4381 1268 4381 1265 4381 324 4382 1269 4382 1268 4382 23 4383 583 4383 581 4383 583 4384 584 4384 586 4384 20 4385 587 4385 586 4385 332 4386 1281 4386 1277 4386 94 4387 590 4387 588 4387 3154 4388 1281 4388 1283 4388 1282 4389 1285 4389 1283 4389 1286 4390 1289 4390 1285 4390 593 4391 594 4391 595 4391 1290 4392 3237 4392 1289 4392 3355 4393 3237 4393 1291 4393 595 4394 596 4394 597 4394 598 4395 600 4395 597 4395 1293 4396 3484 4396 1291 4396 598 4397 3915 4397 600 4397 464 4398 1653 4398 1655 4398 1997 4399 3922 4399 1998 4399 2325 4400 2005 4400 11 4400 464 4401 1689 4401 2002 4401 464 4402 1655 4402 1689 4402 1958 4403 2326 4403 1848 4403 1999 4404 2000 4404 3933 4404 455 4405 454 4405 3934 4405 1897 4406 1654 4406 1653 4406 1903 4407 2454 4407 1685 4407 2454 4408 1903 4408 1902 4408 1690 4409 1989 4409 1691 4409 455 4410 2007 4410 1685 4410 2011 4411 1657 4411 454 4411 2016 4412 1658 4412 1657 4412 455 4413 3934 4413 2007 4413 2007 4414 1656 4414 2008 4414 1691 4415 2001 4415 1689 4415 2009 4416 2440 4416 2261 4416 2011 4417 2015 4417 2016 4417 2015 4418 2011 4418 2013 4418 2001 4419 2000 4419 461 4419 2001 4420 2010 4420 2000 4420 2149 4421 6 4421 1850 4421 2004 4422 1984 4422 2099 4422 12 4423 14 4423 13 4423 1854 4424 2562 4424 1855 4424 2474 4425 1638 4425 1587 4425 355 4426 380 4426 356 4426 1442 4427 1440 4427 1829 4427 1811 4428 987 4428 982 4428 2248 4429 227 4429 2414 4429 89 4430 2055 4430 90 4430 1117 4431 2362 4431 1115 4431 1952 4432 2492 4432 3935 4432 3935 4433 2492 4433 2353 4433 177 4434 2019 4434 179 4434 1806 4435 1949 4435 936 4435 263 4436 1099 4436 1917 4436 273 4437 272 4437 1918 4437 1670 4438 1669 4438 238 4438 418 4439 1521 4439 2409 4439 1652 4440 842 4440 1737 4440 241 4441 239 4441 238 4441 1042 4442 2080 4442 1043 4442 1594 4443 1846 4443 1868 4443 2339 4444 2318 4444 1156 4444 2318 4445 2339 4445 2319 4445 356 4446 380 4446 1298 4446 172 4447 177 4447 170 4447 2438 4448 2382 4448 2381 4448 2422 4449 1842 4449 2421 4449 1842 4450 3936 4450 1837 4450 3937 4451 2262 4451 3919 4451 2262 4452 3938 4452 2263 4452 2455 4453 2023 4453 3939 4453 2023 4454 2455 4454 462 4454 1999 4455 469 4455 462 4455 1999 4456 3933 4456 469 4456 2262 4457 2260 4457 3919 4457 2260 4458 429 4458 428 4458 2442 4459 2021 4459 2020 4459 2021 4460 2442 4460 2443 4460 3940 4461 437 4461 436 4461 438 4462 441 4462 440 4462 2493 4463 2025 4463 3941 4463 2025 4464 2493 4464 435 4464 2029 4465 2441 4465 2028 4465 3942 4466 439 4466 435 4466 3943 4467 3944 4467 2268 4467 2268 4468 3944 4468 2027 4468 2559 4469 2264 4469 2439 4469 2501 4470 2026 4470 2028 4470 3917 4471 2021 4471 2443 4471 2268 4472 2267 4472 2456 4472 2267 4473 450 4473 449 4473 467 4474 466 4474 2439 4474 468 4475 471 4475 470 4475 281 4476 2147 4476 1719 4476 1170 4477 278 4477 1882 4477 278 4478 1169 4478 1172 4478 2400 4479 1106 4479 1824 4479 1863 4480 271 4480 1111 4480 1111 4481 271 4481 2363 4481 2030 4482 1073 4482 2038 4482 2030 4483 2076 4483 1073 4483 2039 4484 1660 4484 2079 4484 1660 4485 2039 4485 2043 4485 1674 4486 3945 4486 2034 4486 3945 4487 1674 4487 1675 4487 1075 4488 1671 4488 2048 4488 3946 4489 1073 4489 1075 4489 1073 4490 3946 4490 2038 4490 2444 4491 2077 4491 2034 4491 2076 4492 1074 4492 1073 4492 3947 4493 2048 4493 3948 4493 2048 4494 3947 4494 1075 4494 3949 4495 3950 4495 2032 4495 1096 4496 1673 4496 1097 4496 2035 4497 1676 4497 1674 4497 2035 4498 2037 4498 1676 4498 2445 4499 3924 4499 2031 4499 1659 4500 2079 4500 1660 4500 2043 4501 1095 4501 1660 4501 2043 4502 2078 4502 1095 4502 1070 4503 2048 4503 1671 4503 2078 4504 1096 4504 1095 4504 1097 4505 1673 4505 1676 4505 2037 4506 1659 4506 1676 4506 2392 4507 2044 4507 2042 4507 3923 4508 2046 4508 1072 4508 1071 4509 2053 4509 1072 4509 36 4510 37 4510 35 4510 308 4511 333 4511 1178 4511 1663 4512 1074 4512 1661 4512 2050 4513 3950 4513 2049 4513 3950 4514 2050 4514 2033 4514 1074 4515 1672 4515 1661 4515 2050 4516 1672 4516 2076 4516 1673 4517 1096 4517 1661 4517 1675 4518 1672 4518 2050 4518 1672 4519 1675 4519 1673 4519 1675 4520 2049 4520 3945 4520 2045 4521 1662 4521 2078 4521 1662 4522 2045 4522 2051 4522 1096 4523 2078 4523 1662 4523 2051 4524 1663 4524 1662 4524 249 4525 2053 4525 2052 4525 2392 4526 2052 4526 2044 4526 893 4527 189 4527 894 4527 1670 4528 2074 4528 1668 4528 2074 4529 1670 4529 236 4529 2075 4530 210 4530 2073 4530 225 4531 2054 4531 1020 4531 2081 4532 2411 4532 2312 4532 2315 4533 2145 4533 2142 4533 2145 4534 3931 4534 2144 4534 352 4535 1406 4535 353 4535 1282 4536 305 4536 1286 4536 1616 4537 2141 4537 1617 4537 2141 4538 2315 4538 1913 4538 32 4539 34 4539 35 4539 1543 4540 407 4540 405 4540 879 4541 1864 4541 1605 4541 275 4542 274 4542 1925 4542 274 4543 257 4543 1622 4543 420 4544 2409 4544 1829 4544 1517 4545 1516 4545 1828 4545 363 4546 366 4546 364 4546 31 4547 32 4547 28 4547 316 4548 317 4548 315 4548 1327 4549 363 4549 1334 4549 936 4550 1949 4550 939 4550 451 4551 1686 4551 452 4551 451 4552 2062 4552 1686 4552 1688 4553 1664 4553 465 4553 455 4554 1684 4554 456 4554 455 4555 1685 4555 1684 4555 2062 4556 1666 4556 1686 4556 464 4557 1687 4557 465 4557 464 4558 2002 4558 1687 4558 2056 4559 1665 4559 2111 4559 1665 4560 2056 4560 2063 4560 1664 4561 2111 4561 1665 4561 2063 4562 463 4562 1665 4562 2064 4563 1653 4563 463 4563 456 4564 1684 4564 1686 4564 1653 4565 464 4565 463 4565 452 4566 2454 4566 453 4566 2454 4567 452 4567 1685 4567 1687 4568 2066 4568 1688 4568 2068 4569 1667 4569 2112 4569 1667 4570 2068 4570 2072 4570 1666 4571 2112 4571 1667 4571 2012 4572 454 4572 1667 4572 3922 4573 1997 4573 2059 4573 3921 4574 2013 4574 2071 4574 2065 4575 461 4575 460 4575 461 4576 2065 4576 2002 4576 2455 4577 2113 4577 460 4577 1207 4578 316 4578 1209 4578 366 4579 1327 4579 1324 4579 317 4580 1207 4580 1206 4580 1060 4581 1929 4581 1063 4581 988 4582 987 4582 2394 4582 1209 4583 314 4583 1215 4583 361 4584 363 4584 362 4584 2431 4585 1116 4585 1859 4585 2428 4586 2484 4586 1907 4586 2435 4587 1123 4587 1857 4587 2423 4588 2424 4588 1906 4588 352 4589 1407 4589 1406 4589 301 4590 304 4590 302 4590 1404 4591 353 4591 1406 4591 1334 4592 361 4592 1336 4592 302 4593 299 4593 300 4593 379 4594 355 4594 1404 4594 314 4595 1209 4595 316 4595 1334 4596 363 4596 361 4596 1207 4597 317 4597 316 4597 349 4598 1413 4598 1407 4598 2174 4599 2054 4599 1947 4599 301 4600 1286 4600 305 4600 1280 4601 307 4601 1282 4601 1327 4602 366 4602 363 4602 300 4603 1286 4603 301 4603 1407 4604 352 4604 349 4604 300 4605 1290 4605 1286 4605 407 4606 411 4606 409 4606 407 4607 1543 4607 1540 4607 832 4608 2341 4608 839 4608 407 4609 1540 4609 411 4609 347 4610 349 4610 348 4610 180 4611 184 4611 195 4611 1543 4612 405 4612 1550 4612 1075 4613 3947 4613 3946 4613 2462 4614 3945 4614 2049 4614 3950 4615 2033 4615 2032 4615 2047 4616 3948 4616 2048 4616 1074 4617 2076 4617 1672 4617 2045 4618 2044 4618 2052 4618 305 4619 1282 4619 307 4619 312 4620 1215 4620 314 4620 389 4621 392 4621 390 4621 392 4622 1499 4622 1498 4622 353 4623 355 4623 354 4623 1215 4624 312 4624 1216 4624 1404 4625 355 4625 353 4625 367 4626 1324 4626 1322 4626 317 4627 320 4627 318 4627 1996 4628 2411 4628 2081 4628 307 4629 333 4629 308 4629 1324 4630 367 4630 366 4630 223 4631 184 4631 2347 4631 2082 4632 240 4632 1946 4632 1290 4633 300 4633 298 4633 347 4634 1413 4634 349 4634 413 4635 411 4635 1540 4635 1700 4636 1703 4636 1086 4636 1699 4637 1677 4637 1086 4637 1081 4638 252 4638 2084 4638 2457 4639 1079 4639 2084 4639 1085 4640 1700 4640 1086 4640 2089 4641 3951 4641 1698 4641 1086 4642 1703 4642 1698 4642 3951 4643 1699 4643 1698 4643 2086 4644 1084 4644 1677 4644 1084 4645 2086 4645 2083 4645 1084 4646 2085 4646 1085 4646 1702 4647 2133 4647 2087 4647 2133 4648 1702 4648 1704 4648 2418 4649 2088 4649 2087 4649 359 4650 361 4650 360 4650 419 4651 393 4651 1498 4651 494 4652 91 4652 2090 4652 1954 4653 1591 4653 2302 4653 1740 4654 1953 4654 1741 4654 494 4655 1953 4655 498 4655 1774 4656 1591 4656 93 4656 2412 4657 2359 4657 39 4657 317 4658 1206 4658 320 4658 320 4659 1206 4659 3952 4659 230 4660 229 4660 231 4660 1336 4661 361 4661 359 4661 1280 4662 333 4662 307 4662 282 4663 283 4663 281 4663 283 4664 1922 4664 284 4664 283 4665 282 4665 1922 4665 320 4666 321 4666 319 4666 321 4667 3952 4667 1202 4667 1020 4668 2054 4668 2174 4668 3953 4669 3954 4669 1767 4669 2093 4670 1680 4670 3954 4670 1766 4671 5 4671 4 4671 1761 4672 1682 4672 1683 4672 1761 4673 1762 4673 1764 4673 427 4674 1942 4674 2095 4674 1762 4675 2097 4675 1764 4675 2098 4676 1586 4676 1682 4676 1585 4677 2 4677 1762 4677 2 4678 1585 4678 1851 4678 0 4679 2337 4679 1 4679 2337 4680 0 4680 1853 4680 2097 4681 1 4681 2265 4681 2096 4682 2092 4682 2094 4682 2265 4683 434 4683 1765 4683 1668 4684 1796 4684 207 4684 389 4685 1499 4685 392 4685 359 4686 1343 4686 1336 4686 1048 4687 2081 4687 2312 4687 1216 4688 312 4688 311 4688 172 4689 943 4689 177 4689 1709 4690 1146 4690 1148 4690 2105 4691 1146 4691 3955 4691 1147 4692 3956 4692 1148 4692 2101 4693 1146 4693 2105 4693 1146 4694 2101 4694 1147 4694 1713 4695 2147 4695 2107 4695 2147 4696 1713 4696 1710 4696 2458 4697 2146 4697 2107 4697 2460 4698 2461 4698 2102 4698 3956 4699 1711 4699 1148 4699 2108 4700 2106 4700 1713 4700 1148 4701 2106 4701 1708 4701 2106 4702 1148 4702 1711 4702 320 4703 3952 4703 321 4703 411 4704 413 4704 412 4704 389 4705 384 4705 1502 4705 2055 4706 89 4706 2110 4706 1540 4707 1534 4707 413 4707 2481 4708 3957 4708 3929 4708 3930 4709 3928 4709 2191 4709 997 4710 994 4710 1871 4710 2492 4711 1625 4711 2353 4711 1498 4712 393 4712 392 4712 2002 4713 2065 4713 1687 4713 357 4714 1343 4714 359 4714 1318 4715 368 4715 1322 4715 367 4716 1322 4716 368 4716 961 4717 1870 4717 963 4717 3926 4718 2143 4718 2103 4718 2446 4719 2372 4719 2371 4719 3950 4720 2463 4720 2049 4720 1701 4721 249 4721 2392 4721 220 4722 246 4722 923 4722 188 4723 894 4723 189 4723 1736 4724 1800 4724 1734 4724 2385 4725 1804 4725 2395 4725 1216 4726 311 4726 1218 4726 866 4727 244 4727 2370 4727 2370 4728 244 4728 2369 4728 1947 4729 1692 4729 1026 4729 345 4730 347 4730 344 4730 401 4731 405 4731 403 4731 2116 4732 1160 4732 2119 4732 2116 4733 279 4733 1160 4733 1694 4734 2119 4734 1160 4734 279 4735 1161 4735 1160 4735 3958 4736 1717 4736 1162 4736 1162 4737 1161 4737 3958 4737 1718 4738 1693 4738 1162 4738 1717 4739 2115 4739 1718 4739 1720 4740 2452 4740 2122 4740 2452 4741 1720 4741 1721 4741 2477 4742 2479 4742 2122 4742 2121 4743 2480 4743 2117 4743 1178 4744 333 4744 1180 4744 1343 4745 357 4745 1346 4745 345 4746 1413 4746 347 4746 1290 4747 298 4747 1292 4747 3959 4748 1754 4748 1756 4748 1756 4749 431 4749 3959 4749 2128 4750 1753 4750 1750 4750 1753 4751 1749 4751 1750 4751 2453 4752 2125 4752 2124 4752 1749 4753 1696 4753 1695 4753 1696 4754 458 4754 2124 4754 2123 4755 1697 4755 1696 4755 1697 4756 2127 4756 1754 4756 15 4757 1757 4757 2126 4757 1695 4758 2129 4758 1750 4758 2131 4759 2129 4759 3959 4759 3959 4760 431 4760 2131 4760 2123 4761 2125 4761 2126 4761 2130 4762 7 4762 2366 4762 2387 4763 3922 4763 2287 4763 7 4764 2130 4764 9 4764 321 4765 1202 4765 1201 4765 1704 4766 1700 4766 2134 4766 1700 4767 1704 4767 1703 4767 2085 4768 252 4768 2132 4768 1700 4769 1085 4769 247 4769 2192 4770 3930 4770 2191 4770 401 4771 1550 4771 405 4771 2350 4772 1807 4772 2249 4772 2482 4773 2483 4773 2136 4773 1136 4774 2208 4774 1137 4774 2208 4775 1136 4775 1733 4775 1729 4776 3960 4776 1705 4776 1707 4777 1827 4777 1705 4777 3960 4778 1706 4778 1705 4778 1728 4779 1705 4779 1827 4779 2135 4780 1707 4780 1706 4780 1827 4781 1732 4781 1728 4781 1728 4782 2140 4782 1729 4782 1223 4783 1218 4783 311 4783 1914 4784 1913 4784 2143 4784 1783 4785 1615 4785 1924 4785 1502 4786 1499 4786 389 4786 1735 4787 2370 4787 1577 4787 711 4788 3961 4788 713 4788 1413 4789 345 4789 1420 4789 2132 4790 247 4790 1085 4790 247 4791 249 4791 1701 4791 1869 4792 1773 4792 2272 4792 337 4793 345 4793 343 4793 295 4794 1292 4794 298 4794 1143 4795 2461 4795 1141 4795 3926 4796 1145 4796 2143 4796 1145 4797 3926 4797 1142 4797 378 4798 1308 4798 1306 4798 1668 4799 1692 4799 1669 4799 1043 4800 2081 4800 1048 4800 1652 4801 2312 4801 2411 4801 1550 4802 401 4802 1556 4802 55 4803 58 4803 57 4803 331 4804 1180 4804 333 4804 1318 4805 370 4805 368 4805 321 4806 323 4806 322 4806 1955 4807 598 4807 1831 4807 2241 4808 718 4808 717 4808 281 4809 283 4809 2147 4809 3956 4810 1147 4810 2144 4810 1709 4811 3955 4811 1146 4811 2104 4812 2103 4812 2142 4812 2109 4813 1708 4813 2106 4813 1710 4814 1712 4814 1867 4814 3922 4815 2148 4815 1998 4815 2148 4816 2387 4816 2149 4816 2099 4817 14 4817 2004 4817 14 4818 12 4818 2004 4818 2006 4819 2425 4819 1588 4819 1586 4820 2100 4820 2474 4820 2474 4821 2100 4821 1648 4821 3 4822 2562 4822 1567 4822 2562 4823 3 4823 1855 4823 2125 4824 2453 4824 2426 4824 2426 4825 2453 4825 1902 4825 2561 4826 2475 4826 1658 4826 2475 4827 1574 4827 1986 4827 1629 4828 2476 4828 1646 4828 2476 4829 1628 4829 1989 4829 1896 4830 1988 4830 1646 4830 1896 4831 1899 4831 1988 4831 1987 4832 1904 4832 1986 4832 1849 4833 2326 4833 1898 4833 2326 4834 1849 4834 1848 4834 10 4835 2325 4835 11 4835 2325 4836 10 4836 1901 4836 2150 4837 59 4837 58 4837 2245 4838 717 4838 713 4838 2152 4839 2153 4839 2150 4839 1201 4840 323 4840 321 4840 625 4841 2153 4841 2152 4841 978 4842 3914 4842 2249 4842 3914 4843 978 4843 965 4843 1807 4844 2250 4844 2249 4844 1952 4845 3935 4845 1001 4845 2352 4846 1625 4846 1995 4846 718 4847 2243 4847 723 4847 2243 4848 2241 4848 2237 4848 752 4849 116 4849 117 4849 1420 4850 337 4850 1429 4850 337 4851 1420 4851 345 4851 117 4852 119 4852 752 4852 2154 4853 59 4853 2150 4853 114 4854 116 4854 752 4854 723 4855 2246 4855 724 4855 548 4856 65 4856 66 4856 118 4857 120 4857 119 4857 60 4858 61 4858 62 4858 64 4859 65 4859 548 4859 55 4860 56 4860 58 4860 2160 4861 2157 4861 2156 4861 620 4862 614 4862 2160 4862 2160 4863 614 4863 2157 4863 2156 4864 65 4864 2158 4864 311 4865 309 4865 1223 4865 748 4866 115 4866 114 4866 1746 4867 1748 4867 2161 4867 1100 4868 2451 4868 262 4868 2375 4869 2167 4869 2166 4869 1746 4870 2164 4870 1742 4870 1742 4871 1714 4871 1836 4871 3962 4872 1715 4872 1714 4872 1715 4873 3962 4873 2285 4873 1716 4874 1836 4874 1714 4874 1836 4875 1747 4875 1742 4875 2164 4876 1743 4876 1742 4876 1180 4877 331 4877 1188 4877 1298 4878 380 4878 1306 4878 2151 4879 56 4879 2238 4879 56 4880 2151 4880 58 4880 2154 4881 61 4881 59 4881 2394 4882 2395 4882 988 4882 62 4883 63 4883 64 4883 2155 4884 67 4884 65 4884 2160 4885 2159 4885 620 4885 724 4886 2247 4886 729 4886 748 4887 113 4887 115 4887 67 4888 66 4888 65 4888 625 4889 2159 4889 2153 4889 378 4890 1306 4890 380 4890 2159 4891 625 4891 620 4891 2154 4892 63 4892 61 4892 413 4893 415 4893 414 4893 2158 4894 65 4894 63 4894 729 4895 2225 4895 730 4895 111 4896 113 4896 748 4896 63 4897 2154 4897 2158 4897 2390 4898 181 4898 178 4898 1292 4899 295 4899 1293 4899 1931 4900 2559 4900 2439 4900 2501 4901 2028 4901 1935 4901 3940 4902 436 4902 1939 4902 3917 4903 2443 4903 1942 4903 625 4904 2152 4904 629 4904 2169 4905 30 4905 2240 4905 30 4906 2169 4906 31 4906 2251 4907 806 4907 804 4907 134 4908 135 4908 132 4908 2155 4909 69 4909 67 4909 133 4910 132 4910 663 4910 2251 4911 810 4911 806 4911 2238 4912 56 4912 54 4912 69 4913 68 4913 67 4913 2219 4914 811 4914 810 4914 663 4915 131 4915 133 4915 131 4916 663 4916 129 4916 1534 4917 415 4917 413 4917 2253 4918 814 4918 811 4918 1161 4919 279 4919 281 4919 1721 4920 3958 4920 1867 4920 3958 4921 1721 4921 1717 4921 2144 4922 3931 4922 2452 4922 279 4923 2118 4923 280 4923 34 4924 2232 4924 2213 4924 127 4925 129 4925 128 4925 2256 4926 2253 4926 2216 4926 2253 4927 816 4927 814 4927 53 4928 54 4928 56 4928 959 4929 223 4929 2347 4929 370 4930 1318 4930 1314 4930 1723 4931 457 4931 459 4931 1760 4932 1723 4932 459 4932 1758 4933 432 4933 431 4933 458 4934 1749 4934 459 4934 2175 4935 2176 4935 2286 4935 431 4936 1756 4936 1758 4936 2175 4937 2178 4937 1758 4937 1749 4938 1752 4938 459 4938 1749 4939 1753 4939 1752 4939 1755 4940 3920 4940 2176 4940 3920 4941 1755 4941 1757 4941 457 4942 2179 4942 458 4942 2178 4943 1759 4943 1758 4943 2184 4944 2183 4944 430 4944 432 4945 1759 4945 1722 4945 2183 4946 2131 4946 430 4946 1752 4947 1751 4947 1760 4947 2182 4948 2489 4948 2180 4948 2131 4949 431 4949 430 4949 2181 4950 2179 4950 457 4950 2287 4951 2187 4951 1751 4951 8 4952 9 4952 2186 4952 126 4953 128 4953 108 4953 2258 4954 2256 4954 2255 4954 2256 4955 819 4955 816 4955 3963 4956 2258 4956 2257 4956 2258 4957 821 4957 819 4957 1611 4958 2338 4958 284 4958 2338 4959 1611 4959 1916 4959 1922 4960 1614 4960 1612 4960 3964 4961 1158 4961 2191 4961 1923 4962 282 4962 280 4962 282 4963 1923 4963 1922 4963 565 4964 2214 4964 567 4964 2152 4965 2151 4965 2238 4965 827 4966 2290 4966 103 4966 1682 4967 1761 4967 1725 4967 1765 4968 434 4968 433 4968 433 4969 1763 4969 1765 4969 1769 4970 1771 4970 3953 4970 2199 4971 2198 4971 1727 4971 1761 4972 1764 4972 1725 4972 3953 4973 1767 4973 1769 4973 2204 4974 1771 4974 2194 4974 1768 4975 2206 4975 1769 4975 1726 4976 2193 4976 2203 4976 2193 4977 1726 4977 1725 4977 3918 4978 2094 4978 2197 4978 1768 4979 2495 4979 2293 4979 1770 4980 2294 4980 1771 4980 2495 4981 1768 4981 1766 4981 2193 4982 1725 4982 1764 4982 2194 4983 1771 4983 2294 4983 2200 4984 2487 4984 2201 4984 2493 4985 2295 4985 433 4985 15 4986 2292 4986 2201 4986 2198 4987 1682 4987 1727 4987 2196 4988 3919 4988 2197 4988 2206 4989 1770 4989 1769 4989 1726 4990 2291 4990 1727 4990 167 4991 2209 4991 168 4991 2209 4992 167 4992 791 4992 2250 4993 227 4993 2248 4993 268 4994 2208 4994 269 4994 1733 4995 1732 4995 1731 4995 1827 4996 2137 4996 1825 4996 2137 4997 1827 4997 1707 4997 2257 4998 125 4998 3963 4998 2227 4999 2212 4999 2210 4999 2255 5000 126 5000 2257 5000 126 5001 2255 5001 127 5001 2211 5002 168 5002 2209 5002 2227 5003 675 5003 2212 5003 2216 5004 127 5004 2255 5004 791 5005 165 5005 2209 5005 2212 5006 2218 5006 2211 5006 671 5007 2226 5007 675 5007 675 5008 2226 5008 2212 5008 2215 5009 2214 5009 565 5009 36 5010 2213 5010 2252 5010 130 5011 2216 5011 131 5011 2253 5012 2219 5012 2217 5012 165 5013 2210 5013 2209 5013 2157 5014 2299 5014 2190 5014 2219 5015 133 5015 2217 5015 2251 5016 2271 5016 2172 5016 730 5017 2225 5017 2223 5017 2225 5018 729 5018 2247 5018 112 5019 2221 5019 2224 5019 166 5020 165 5020 791 5020 1346 5021 357 5021 1347 5021 1223 5022 309 5022 1224 5022 2227 5023 3965 5023 675 5023 123 5024 759 5024 122 5024 888 5025 1794 5025 893 5025 2228 5026 113 5026 110 5026 614 5027 2299 5027 2157 5027 569 5028 2171 5028 575 5028 567 5029 2214 5029 569 5029 2247 5030 2228 5030 2224 5030 113 5031 2228 5031 2244 5031 894 5032 188 5032 187 5032 1804 5033 1800 5033 1802 5033 2271 5034 804 5034 801 5034 2230 5035 121 5035 2231 5035 2171 5036 2214 5036 2232 5036 266 5037 1134 5037 1840 5037 2245 5038 3961 5038 2231 5038 759 5039 123 5039 140 5039 2246 5040 2243 5040 2244 5040 115 5041 2244 5041 2237 5041 144 5042 146 5042 148 5042 2491 5043 242 5043 240 5043 117 5044 2233 5044 118 5044 2276 5045 2239 5045 2235 5045 2271 5046 2278 5046 2242 5046 2278 5047 801 5047 798 5047 146 5048 2234 5048 147 5048 565 5049 85 5049 2215 5049 2241 5050 2245 5050 2233 5050 376 5051 378 5051 377 5051 2276 5052 700 5052 2239 5052 136 5053 137 5053 135 5053 763 5054 145 5054 144 5054 2229 5055 2269 5055 2230 5055 116 5056 2236 5056 117 5056 2465 5057 2405 5057 2404 5057 1170 5058 1169 5058 278 5058 1169 5059 1171 5059 2404 5059 1154 5060 3966 5060 1152 5060 2471 5061 1156 5061 2318 5061 1156 5062 2471 5062 1153 5062 717 5063 2245 5063 2241 5063 202 5064 1994 5064 203 5064 708 5065 2229 5065 711 5065 139 5066 141 5066 763 5066 2213 5067 36 5067 34 5067 3964 5068 1159 5068 1158 5068 1159 5069 3964 5069 3927 5069 1171 5070 1170 5070 1882 5070 2469 5071 268 5071 2374 5071 2451 5072 1100 5072 1099 5072 3966 5073 2377 5073 1889 5073 2377 5074 3966 5074 1154 5074 2388 5075 2389 5075 1885 5075 718 5076 2241 5076 2243 5076 2237 5077 116 5077 115 5077 323 5078 1201 5078 1199 5078 759 5079 140 5079 139 5079 713 5080 3961 5080 2245 5080 118 5081 2231 5081 121 5081 2231 5082 3961 5082 2229 5082 2246 5083 723 5083 2243 5083 113 5084 2244 5084 115 5084 138 5085 136 5085 142 5085 2235 5086 146 5086 145 5086 2247 5087 724 5087 2246 5087 415 5088 1534 5088 1526 5088 1668 5089 2074 5089 1796 5089 2170 5090 575 5090 2171 5090 2224 5091 110 5091 112 5091 89 5092 87 5092 38 5092 2054 5093 225 5093 2082 5093 763 5094 141 5094 145 5094 134 5095 2172 5095 136 5095 2251 5096 804 5096 2271 5096 2252 5097 38 5097 36 5097 2215 5098 85 5098 1951 5098 1950 5099 2110 5099 1951 5099 133 5100 2173 5100 134 5100 2219 5101 810 5101 2251 5101 811 5102 2219 5102 2253 5102 2269 5103 708 5103 705 5103 342 5104 358 5104 339 5104 2217 5105 133 5105 131 5105 121 5106 2230 5106 123 5106 2256 5107 816 5107 2253 5107 127 5108 2216 5108 130 5108 2258 5109 819 5109 2256 5109 3963 5110 821 5110 2258 5110 2314 5111 821 5111 3963 5111 125 5112 2257 5112 126 5112 2171 5113 569 5113 2214 5113 2169 5114 2232 5114 33 5114 33 5115 2232 5115 34 5115 1020 5116 199 5116 225 5116 1655 5117 1690 5117 1689 5117 3937 5118 3938 5118 2262 5118 3918 5119 2259 5119 2094 5119 2259 5120 3918 5120 2260 5120 469 5121 471 5121 2023 5121 2262 5122 429 5122 2260 5122 3933 5123 470 5123 469 5123 2022 5124 3939 5124 2023 5124 3954 5125 2091 5125 1767 5125 3921 5126 2267 5126 2013 5126 2092 5127 1681 5127 1680 5127 2268 5128 450 5128 2267 5128 450 5129 2026 5129 448 5129 2026 5130 2027 5130 2029 5130 1657 5131 3934 5131 454 5131 449 5132 448 5132 2014 5132 429 5133 2021 5133 427 5133 429 5134 2263 5134 2020 5134 2440 5135 468 5135 2261 5135 2266 5136 2427 5136 438 5136 2097 5137 2 5137 1 5137 2 5138 2097 5138 1762 5138 2011 5139 2016 5139 1657 5139 428 5140 427 5140 2095 5140 2268 5141 2456 5141 3943 5141 441 5142 438 5142 437 5142 440 5143 439 5143 2265 5143 2024 5144 3941 5144 2025 5144 2010 5145 1691 5145 1989 5145 441 5146 2025 5146 439 5146 2022 5147 471 5147 467 5147 467 5148 471 5148 468 5148 1868 5149 1983 5149 1795 5149 192 5150 191 5150 1983 5150 1347 5151 357 5151 342 5151 3961 5152 711 5152 2229 5152 2229 5153 708 5153 2269 5153 2242 5154 142 5154 136 5154 2270 5155 629 5155 2152 5155 700 5156 2276 5156 701 5156 2275 5157 705 5157 701 5157 2274 5158 141 5158 140 5158 2275 5159 701 5159 2276 5159 2190 5160 70 5160 69 5160 2273 5161 141 5161 2274 5161 2277 5162 142 5162 2242 5162 169 5163 2279 5163 798 5163 923 5164 2272 5164 925 5164 959 5165 2347 5165 1772 5165 2254 5166 140 5166 123 5166 140 5167 2254 5167 2274 5167 51 5168 52 5168 54 5168 141 5169 2273 5169 145 5169 705 5170 2275 5170 2269 5170 138 5171 143 5171 669 5171 2278 5172 798 5172 2279 5172 2279 5173 168 5173 2218 5173 2271 5174 801 5174 2278 5174 2239 5175 700 5175 698 5175 2416 5176 1078 5176 1077 5176 1078 5177 2416 5177 2280 5177 3967 5178 2281 5178 2280 5178 2281 5179 3967 5179 3923 5179 248 5180 2281 5180 3923 5180 2281 5181 248 5181 2391 5181 1076 5182 2281 5182 2391 5182 2277 5183 143 5183 142 5183 2282 5184 1094 5184 1093 5184 3968 5185 2282 5185 2447 5185 2282 5186 3968 5186 2283 5186 3925 5187 2284 5187 1089 5187 3925 5188 1092 5188 2284 5188 3969 5189 2284 5189 2283 5189 2284 5190 3969 5190 1089 5190 1107 5191 1748 5191 1835 5191 264 5192 2168 5192 262 5192 262 5193 2168 5193 2165 5193 2165 5194 2285 5194 2166 5194 1714 5195 1743 5195 3962 5195 1835 5196 1748 5196 1747 5196 1745 5197 1836 5197 1716 5197 669 5198 2226 5198 671 5198 669 5199 143 5199 2226 5199 2279 5200 169 5200 168 5200 71 5201 68 5201 69 5201 1108 5202 1107 5202 1835 5202 982 5203 981 5203 2018 5203 143 5204 2218 5204 2226 5204 1293 5205 295 5205 288 5205 1102 5206 1101 5206 274 5206 1347 5207 342 5207 1350 5207 1188 5208 331 5208 329 5208 376 5209 1308 5209 378 5209 978 5210 2249 5210 979 5210 2234 5211 2239 5211 2297 5211 325 5212 1199 5212 1197 5212 372 5213 1314 5213 1313 5213 1314 5214 372 5214 370 5214 1199 5215 325 5215 323 5215 698 5216 2297 5216 2239 5216 1442 5217 1873 5217 1444 5217 1944 5218 1775 5218 1905 5218 2486 5219 2286 5219 2176 5219 1757 5220 1756 5220 1754 5220 1749 5221 458 5221 1696 5221 1757 5222 15 5222 3920 5222 2490 5223 3970 5223 2188 5223 2287 5224 3922 5224 2187 5224 29 5225 2240 5225 30 5225 25 5226 2288 5226 2240 5226 1043 5227 2080 5227 2081 5227 288 5228 291 5228 1293 5228 376 5229 3971 5229 1308 5229 1188 5230 329 5230 1190 5230 198 5231 1009 5231 1790 5231 823 5232 2314 5232 2290 5232 3963 5233 125 5233 2289 5233 1766 5234 8 5234 2495 5234 2494 5235 2293 5235 2495 5235 3954 5236 3953 5236 2093 5236 2093 5237 3953 5237 1771 5237 3942 5238 434 5238 2265 5238 2193 5239 1763 5239 2202 5239 232 5240 2075 5240 235 5240 629 5241 2270 5241 630 5241 236 5242 235 5242 2075 5242 1048 5243 2312 5243 1049 5243 2234 5244 151 5244 147 5244 923 5245 246 5245 2272 5245 3972 5246 2227 5246 2220 5246 939 5247 2114 5247 943 5247 2299 5248 614 5248 609 5248 70 5249 2190 5249 73 5249 202 5250 201 5250 2316 5250 388 5251 385 5251 384 5251 3972 5252 3965 5252 2227 5252 1224 5253 294 5253 1227 5253 294 5254 1224 5254 309 5254 163 5255 785 5255 164 5255 979 5256 2248 5256 981 5256 2248 5257 2414 5257 2018 5257 3965 5258 3972 5258 684 5258 164 5259 3972 5259 2220 5259 2248 5260 979 5260 2249 5260 698 5261 2298 5261 2297 5261 257 5262 1908 5262 258 5262 2434 5263 2433 5263 1125 5263 609 5264 2296 5264 2299 5264 237 5265 1670 5265 238 5265 2073 5266 1796 5266 2074 5266 153 5267 152 5267 151 5267 325 5268 1197 5268 1193 5268 287 5269 294 5269 290 5269 1227 5270 294 5270 287 5270 341 5271 1350 5271 342 5271 965 5272 245 5272 3914 5272 94 5273 1592 5273 591 5273 94 5274 93 5274 1592 5274 2301 5275 1740 5275 1739 5275 161 5276 164 5276 785 5276 785 5277 162 5277 161 5277 164 5278 2329 5278 3972 5278 2298 5279 698 5279 696 5279 124 5280 101 5280 107 5280 3963 5281 2289 5281 2314 5281 684 5282 3972 5282 2329 5282 2367 5283 183 5283 2335 5283 1652 5284 2411 5284 229 5284 2018 5285 981 5285 2248 5285 1591 5286 1954 5286 1740 5286 1190 5287 329 5287 1191 5287 275 5288 1128 5288 2428 5288 1128 5289 275 5289 1129 5289 2484 5290 1128 5290 2303 5290 1128 5291 2484 5291 2428 5291 2380 5292 1130 5292 2381 5292 1130 5293 2380 5293 2303 5293 2304 5294 2306 5294 1149 5294 1786 5295 1149 5295 1151 5295 1149 5296 3973 5296 2307 5296 2306 5297 1150 5297 1149 5297 2310 5298 2309 5298 2319 5298 2406 5299 2340 5299 2310 5299 3974 5300 2309 5300 1151 5300 1151 5301 1150 5301 3974 5301 2459 5302 285 5302 2305 5302 2513 5303 2458 5303 2305 5303 2309 5304 1785 5304 1151 5304 1193 5305 326 5305 325 5305 335 5306 1429 5306 337 5306 164 5307 161 5307 2329 5307 609 5308 2311 5308 2296 5308 1313 5309 374 5309 372 5309 326 5310 1193 5310 1191 5310 827 5311 825 5311 2290 5311 823 5312 821 5312 2314 5312 1191 5313 329 5313 326 5313 1429 5314 335 5314 340 5314 1737 5315 840 5315 1784 5315 23 5316 21 5316 584 5316 21 5317 25 5317 2240 5317 2041 5318 3968 5318 2447 5318 3923 5319 3967 5319 2046 5319 3949 5320 2032 5320 2446 5320 2462 5321 2034 5321 3945 5321 2034 5322 2462 5322 2373 5322 1227 5323 287 5323 286 5323 398 5324 1556 5324 401 5324 2142 5325 2103 5325 2143 5325 2315 5326 3931 5326 2145 5326 3956 5327 1712 5327 1711 5327 1712 5328 3956 5328 2144 5328 2104 5329 2145 5329 1147 5329 334 5330 341 5330 335 5330 341 5331 334 5331 1350 5331 3916 5332 374 5332 1313 5332 3916 5333 3971 5333 376 5333 1927 5334 963 5334 1870 5334 3935 5335 1003 5335 1001 5335 2471 5336 2318 5336 2317 5336 1150 5337 2338 5337 1776 5337 1156 5338 1155 5338 2339 5338 3974 5339 1150 5339 1776 5339 3974 5340 1776 5340 1778 5340 1778 5341 2319 5341 3974 5341 376 5342 374 5342 3916 5342 74 5343 72 5343 73 5343 287 5344 291 5344 288 5344 1657 5345 1656 5345 3934 5345 3934 5346 1656 5346 2007 5346 1690 5347 1655 5347 1654 5347 2501 5348 2017 5348 448 5348 2267 5349 449 5349 2015 5349 470 5350 3933 5350 2000 5350 2440 5351 466 5351 468 5351 2001 5352 1691 5352 2010 5352 2009 5353 2261 5353 2010 5353 2010 5354 2261 5354 2000 5354 2014 5355 2016 5355 2015 5355 2016 5356 1990 5356 1658 5356 340 5357 335 5357 341 5357 739 5358 2222 5358 95 5358 1556 5359 398 5359 1557 5359 2329 5360 161 5360 160 5360 3970 5361 2059 5361 2058 5361 2059 5362 3970 5362 2490 5362 2488 5363 453 5363 2489 5363 453 5364 2488 5364 2060 5364 1999 5365 462 5365 461 5365 2070 5366 3943 5366 2456 5366 1166 5367 1782 5367 1167 5367 1168 5368 2320 5368 3975 5368 2320 5369 1168 5369 1167 5369 1779 5370 2344 5370 1780 5370 1167 5371 1787 5371 2320 5371 3975 5372 1779 5372 1168 5372 2321 5373 3975 5373 2320 5373 3931 5374 2333 5374 2322 5374 2403 5375 2345 5375 1163 5375 1949 5376 2019 5376 2114 5376 2148 5377 1849 5377 1899 5377 1900 5378 10 5378 2426 5378 2561 5379 1574 5379 2475 5379 1899 5380 1898 5380 1988 5380 1656 5381 2475 5381 2008 5381 2500 5382 2325 5382 1973 5382 2562 5383 422 5383 1569 5383 2476 5384 1690 5384 1654 5384 1974 5385 1901 5385 1987 5385 1987 5386 1901 5386 1900 5386 1974 5387 1987 5387 1573 5387 1988 5388 1964 5388 1647 5388 1629 5389 1628 5389 2476 5389 2497 5390 2327 5390 2326 5390 2329 5391 2328 5391 684 5391 2311 5392 75 5392 73 5392 1623 5393 1102 5393 1621 5393 1621 5394 1102 5394 274 5394 2418 5395 2417 5395 2088 5395 1081 5396 250 5396 252 5396 52 5397 48 5397 2270 5397 1082 5398 251 5398 1083 5398 251 5399 1082 5399 2391 5399 248 5400 2132 5400 2391 5400 251 5401 2132 5401 252 5401 74 5402 73 5402 75 5402 395 5403 394 5403 399 5403 2351 5404 2270 5404 48 5404 2459 5405 2107 5405 2147 5405 2147 5406 283 5406 2459 5406 3926 5407 2103 5407 1143 5407 153 5408 2298 5408 2330 5408 2331 5409 2134 5409 1093 5409 1091 5410 2331 5410 1092 5410 2133 5411 2331 5411 1091 5411 1091 5412 1090 5412 2133 5412 154 5413 153 5413 155 5413 696 5414 2330 5414 2298 5414 2330 5415 2348 5415 155 5415 415 5416 3976 5416 417 5416 2272 5417 1773 5417 2332 5417 3976 5418 1526 5418 1525 5418 417 5419 3976 5419 418 5419 158 5420 160 5420 161 5420 272 5421 271 5421 264 5421 264 5422 271 5422 1744 5422 418 5423 3976 5423 1525 5423 1525 5424 1521 5424 418 5424 1526 5425 3976 5425 415 5425 418 5426 2409 5426 393 5426 395 5427 398 5427 396 5427 1167 5428 277 5428 1787 5428 1781 5429 1883 5429 277 5429 1172 5430 276 5430 278 5430 3931 5431 1616 5431 2333 5431 277 5432 1882 5432 278 5432 1774 5433 2412 5433 1905 5433 1861 5434 2412 5434 1774 5434 2412 5435 39 5435 27 5435 511 5436 1944 5436 18 5436 502 5437 2302 5437 503 5437 395 5438 1557 5438 398 5438 3930 5439 2117 5439 2481 5439 2117 5440 3930 5440 2118 5440 2452 5441 3931 5441 2478 5441 1562 5442 395 5442 400 5442 395 5443 1562 5443 1557 5443 1144 5444 2143 5444 1145 5444 2143 5445 1144 5445 1914 5445 2132 5446 248 5446 247 5446 1108 5447 2397 5447 1105 5447 250 5448 1083 5448 251 5448 1083 5449 250 5449 1080 5449 1079 5450 2415 5450 1080 5450 1089 5451 3969 5451 1087 5451 1092 5452 3925 5452 1091 5452 1091 5453 3925 5453 1088 5453 1106 5454 3977 5454 1104 5454 696 5455 2348 5455 2330 5455 267 5456 1133 5456 265 5456 3978 5457 1137 5457 2469 5457 1137 5458 3978 5458 2139 5458 2438 5459 2207 5459 1731 5459 2207 5460 2438 5460 269 5460 630 5461 2351 5461 634 5461 266 5462 265 5462 1132 5462 1133 5463 2483 5463 1131 5463 257 5464 2430 5464 1622 5464 1125 5465 2433 5465 1122 5465 1123 5466 2435 5466 1121 5466 101 5467 103 5467 2290 5467 2300 5468 1927 5468 222 5468 183 5469 181 5469 2334 5469 2420 5470 2161 5470 2419 5470 2161 5471 2420 5471 2162 5471 2167 5472 2375 5472 1100 5472 879 5473 1605 5473 881 5473 1795 5474 1983 5474 1793 5474 2427 5475 2266 5475 2337 5475 1679 5476 2091 5476 3954 5476 1585 5477 1683 5477 1586 5477 1680 5478 1679 5478 3954 5478 3942 5479 2265 5479 439 5479 1683 5480 1585 5480 1762 5480 2259 5481 428 5481 2096 5481 1681 5482 2092 5482 2096 5482 2096 5483 2095 5483 1681 5483 427 5484 3917 5484 1942 5484 3920 5485 15 5485 2487 5485 2453 5486 2180 5486 2489 5486 2453 5487 2124 5487 2180 5487 2496 5488 2186 5488 2185 5488 2185 5489 2494 5489 2496 5489 1786 5490 3973 5490 1149 5490 1150 5491 2306 5491 2338 5491 1155 5492 2406 5492 2310 5492 3974 5493 2319 5493 2309 5493 2306 5494 285 5494 284 5494 3935 5495 2353 5495 1003 5495 965 5496 2300 5496 245 5496 2495 5497 8 5497 2496 5497 3942 5498 435 5498 434 5498 3937 5499 3919 5499 2196 5499 2486 5500 2487 5500 2200 5500 832 5501 839 5501 836 5501 21 5502 29 5502 19 5502 1719 5503 1867 5503 3958 5503 3958 5504 1161 5504 1719 5504 3930 5505 2192 5505 2118 5505 1923 5506 2192 5506 1158 5506 1063 5507 1929 5507 1928 5507 1784 5508 840 5508 2335 5508 2367 5509 182 5509 183 5509 2311 5510 609 5510 605 5510 158 5511 780 5511 159 5511 159 5512 2328 5512 160 5512 685 5513 684 5513 2328 5513 780 5514 2354 5514 159 5514 605 5515 2343 5515 2311 5515 384 5516 386 5516 1502 5516 231 5517 1996 5517 232 5517 249 5518 248 5518 2053 5518 3950 5519 3949 5519 2463 5519 276 5520 1787 5520 277 5520 925 5521 2272 5521 2332 5521 695 5522 2348 5522 696 5522 2406 5523 2407 5523 2340 5523 2459 5524 283 5524 285 5524 1772 5525 2347 5525 1797 5525 2332 5526 1772 5526 2368 5526 925 5527 2332 5527 929 5527 963 5528 1927 5528 2300 5528 157 5529 777 5529 156 5529 2342 5530 159 5530 2354 5530 2342 5531 685 5531 2328 5531 695 5532 2349 5532 2348 5532 245 5533 2350 5533 3914 5533 227 5534 2250 5534 2410 5534 1172 5535 1165 5535 1164 5535 2324 5536 2477 5536 2478 5536 778 5537 157 5537 2354 5537 157 5538 778 5538 777 5538 1049 5539 2313 5539 1053 5539 2313 5540 1738 5540 1789 5540 216 5541 1808 5541 915 5541 521 5542 47 5542 46 5542 778 5543 2354 5543 780 5543 1791 5544 2352 5544 1792 5544 2316 5545 201 5545 200 5545 1003 5546 2353 5546 1008 5546 521 5547 45 5547 47 5547 690 5548 2349 5548 695 5548 44 5549 45 5549 521 5549 1790 5550 1792 5550 2316 5550 685 5551 2342 5551 690 5551 2301 5552 1739 5552 594 5552 2349 5553 2354 5553 157 5553 42 5554 41 5554 40 5554 41 5555 43 5555 44 5555 2351 5556 47 5556 2356 5556 2349 5557 690 5557 2342 5557 78 5558 79 5558 77 5558 2343 5559 78 5559 75 5559 1063 5560 1928 5560 1066 5560 634 5561 2351 5561 2356 5561 237 5562 236 5562 1670 5562 634 5563 2356 5563 636 5563 881 5564 2336 5564 885 5564 2336 5565 1795 5565 1794 5565 605 5566 603 5566 2355 5566 511 5567 507 5567 1944 5567 235 5568 233 5568 232 5568 603 5569 2357 5569 2355 5569 2355 5570 80 5570 78 5570 92 5571 2360 5571 1861 5571 40 5572 39 5572 2358 5572 81 5573 83 5573 82 5573 221 5574 245 5574 217 5574 636 5575 2356 5575 2361 5575 636 5576 2361 5576 640 5576 82 5577 84 5577 85 5577 1849 5578 2148 5578 1847 5578 2474 5579 1639 5579 1638 5579 2426 5580 10 5580 12 5580 2325 5581 2500 5581 2005 5581 1848 5582 1850 5582 2006 5582 1850 5583 1848 5583 1847 5583 1566 5584 1588 5584 1567 5584 1588 5585 1566 5585 2006 5585 422 5586 2562 5586 1854 5586 2497 5587 2326 5587 1958 5587 12 5588 11 5588 2004 5588 2004 5589 2003 5589 1984 5589 2357 5590 2364 5590 83 5590 1115 5591 273 5591 1116 5591 2431 5592 1117 5592 1116 5592 1117 5593 2431 5593 2362 5593 271 5594 1115 5594 2363 5594 1115 5595 271 5595 273 5595 3979 5596 2363 5596 2362 5596 1955 5597 2365 5597 598 5597 187 5598 188 5598 185 5598 598 5599 2364 5599 602 5599 598 5600 2365 5600 2364 5600 43 5601 2361 5601 45 5601 2357 5602 602 5602 2364 5602 603 5603 602 5603 2357 5603 81 5604 80 5604 83 5604 2364 5605 84 5605 83 5605 2365 5606 1955 5606 1950 5606 85 5607 86 5607 1951 5607 3980 5608 589 5608 640 5608 3980 5609 2358 5609 2360 5609 3980 5610 2361 5610 42 5610 1049 5611 2312 5611 2313 5611 3980 5612 2360 5612 589 5612 589 5613 2360 5613 92 5613 40 5614 2358 5614 42 5614 640 5615 2361 5615 3980 5615 3980 5616 42 5616 2358 5616 2006 5617 1850 5617 2425 5617 2425 5618 1850 5618 8 5618 3 5619 2091 5619 1855 5619 14 5620 2099 5620 15 5620 1695 5621 3959 5621 2129 5621 3959 5622 1695 5622 1754 5622 2123 5623 2127 5623 1697 5623 2127 5624 2123 5624 2126 5624 2125 5625 2426 5625 13 5625 2098 5626 2100 5626 1586 5626 1586 5627 2474 5627 1587 5627 2148 5628 3922 5628 2387 5628 2387 5629 2287 5629 2366 5629 2129 5630 2130 5630 2128 5630 2128 5631 2130 5631 2366 5631 182 5632 2367 5632 2341 5632 2368 5633 1772 5633 1798 5633 943 5634 2114 5634 177 5634 2223 5635 739 5635 98 5635 739 5636 2223 5636 2222 5636 2221 5637 112 5637 2222 5637 2334 5638 1788 5638 1784 5638 1791 5639 1008 5639 2352 5639 1788 5640 2334 5640 1816 5640 2334 5641 181 5641 2390 5641 2395 5642 2394 5642 1580 5642 1580 5643 2385 5643 2395 5643 2370 5644 1735 5644 2393 5644 2410 5645 213 5645 227 5645 221 5646 1807 5646 2350 5646 20 5647 584 5647 21 5647 2410 5648 2250 5648 1808 5648 1807 5649 221 5649 915 5649 213 5650 2410 5650 907 5650 1444 5651 1873 5651 1446 5651 205 5652 207 5652 1796 5652 1037 5653 1796 5653 2073 5653 866 5654 2393 5654 867 5654 1579 5655 1801 5655 2385 5655 2090 5656 91 5656 90 5656 1741 5657 2090 5657 1830 5657 575 5658 2288 5658 576 5658 198 5659 1790 5659 200 5659 2288 5660 2170 5660 2240 5660 23 5661 25 5661 21 5661 1577 5662 2370 5662 1575 5662 2395 5663 1804 5663 1803 5663 1576 5664 1736 5664 1735 5664 2082 5665 225 5665 226 5665 3929 5666 3928 5666 2481 5666 3928 5667 3927 5667 2191 5667 2481 5668 2480 5668 3957 5668 3981 5669 3929 5669 3957 5669 3929 5670 3981 5670 3927 5670 3964 5671 2191 5671 3927 5671 1734 5672 1800 5672 1799 5672 982 5673 1809 5673 1811 5673 1811 5674 2394 5674 987 5674 1845 5675 1809 5675 2018 5675 1800 5676 1804 5676 1801 5676 869 5677 867 5677 1818 5677 2414 5678 227 5678 212 5678 1799 5679 1801 5679 1812 5679 2444 5680 2373 5680 2372 5680 2371 5681 3949 5681 2446 5681 3949 5682 2371 5682 2463 5682 2446 5683 3924 5683 2372 5683 2462 5684 2371 5684 2373 5684 2371 5685 2462 5685 2463 5685 3981 5686 1159 5686 3927 5686 1159 5687 3981 5687 1926 5687 3978 5688 2469 5688 1895 5688 1102 5689 1607 5689 1103 5689 1607 5690 1102 5690 1623 5690 1615 5691 1140 5691 1924 5691 1140 5692 2468 5692 1138 5692 2467 5693 2472 5693 1892 5693 1611 5694 1603 5694 1916 5694 1603 5695 1611 5695 2472 5695 1603 5696 2472 5696 2467 5696 2472 5697 1611 5697 1612 5697 1609 5698 1138 5698 2468 5698 2468 5699 1140 5699 1615 5699 1103 5700 1607 5700 1598 5700 1619 5701 1618 5701 1884 5701 1887 5702 1777 5702 1602 5702 1618 5703 2376 5703 1885 5703 1098 5704 1875 5704 1099 5704 1875 5705 1098 5705 1879 5705 1887 5706 2317 5706 1777 5706 1875 5707 1879 5707 1608 5707 1893 5708 1877 5708 1919 5708 1157 5709 1890 5709 1613 5709 1613 5710 1890 5710 1874 5710 2374 5711 1878 5711 1893 5711 1921 5712 1881 5712 1883 5712 2485 5713 1881 5713 1921 5713 1881 5714 2464 5714 1882 5714 1837 5715 1839 5715 1826 5715 1837 5716 1826 5716 1843 5716 3936 5717 1838 5717 1837 5717 2422 5718 3936 5718 1842 5718 1826 5719 2383 5719 2384 5719 2383 5720 1826 5720 1839 5720 1838 5721 2379 5721 1839 5721 2382 5722 2438 5722 2384 5722 1134 5723 1842 5723 1843 5723 2378 5724 1839 5724 2379 5724 1839 5725 2378 5725 2383 5725 2430 5726 273 5726 1622 5726 1793 5727 1983 5727 191 5727 511 5728 18 5728 17 5728 1797 5729 2347 5729 2346 5729 1815 5730 2369 5730 243 5730 2386 5731 1815 5731 1822 5731 1736 5732 1576 5732 1582 5732 1576 5733 1735 5733 1577 5733 2393 5734 1734 5734 1818 5734 2250 5735 1807 5735 1808 5735 89 5736 88 5736 87 5736 638 5737 639 5737 641 5737 639 5738 635 5738 636 5738 918 5739 915 5739 219 5739 419 5740 1497 5740 1492 5740 1497 5741 1498 5741 1496 5741 985 5742 989 5742 992 5742 989 5743 986 5743 988 5743 1195 5744 1192 5744 1196 5744 1013 5745 1010 5745 1016 5745 1560 5746 1555 5746 1561 5746 859 5747 857 5747 864 5747 1304 5748 1300 5748 1297 5748 1556 5749 1555 5749 1553 5749 205 5750 2985 5750 1027 5750 2073 5751 210 5751 209 5751 1519 5752 1515 5752 1517 5752 403 5753 1460 5753 402 5753 671 5754 676 5754 670 5754 984 5755 986 5755 985 5755 986 5756 984 5756 987 5756 402 5757 1460 5757 1457 5757 199 5758 1019 5758 1017 5758 1019 5759 199 5759 1020 5759 1395 5760 1393 5760 1391 5760 3263 5761 766 5761 767 5761 369 5762 1386 5762 1385 5762 308 5763 3438 5763 1176 5763 3438 5764 308 5764 1177 5764 354 5765 1296 5765 1294 5765 1296 5766 354 5766 356 5766 689 5767 688 5767 683 5767 1734 5768 2393 5768 1735 5768 3634 5769 625 5769 629 5769 360 5770 3358 5770 358 5770 3358 5771 360 5771 3228 5771 369 5772 1388 5772 1386 5772 1388 5773 369 5773 371 5773 1026 5774 1024 5774 2174 5774 1024 5775 1026 5775 1025 5775 1473 5776 1471 5776 1474 5776 795 5777 793 5777 790 5777 330 5778 1276 5778 1270 5778 1276 5779 330 5779 1277 5779 1188 5780 3932 5780 1180 5780 1188 5781 1184 5781 3932 5781 1514 5782 3171 5782 1561 5782 297 5783 2811 5783 1237 5783 408 5784 1471 5784 406 5784 638 5785 635 5785 639 5785 3188 5786 549 5786 551 5786 3745 5787 610 5787 616 5787 602 5788 3915 5788 598 5788 3915 5789 601 5789 2732 5789 3113 5790 1403 5790 2997 5790 526 5791 524 5791 527 5791 624 5792 625 5792 3634 5792 963 5793 3061 5793 962 5793 3061 5794 963 5794 964 5794 416 5795 1488 5795 414 5795 76 5796 560 5796 74 5796 560 5797 76 5797 561 5797 617 5798 616 5798 619 5798 150 5799 3185 5799 771 5799 3185 5800 150 5800 152 5800 2451 5801 1099 5801 263 5801 3594 5802 3622 5802 3612 5802 1813 5803 1812 5803 1819 5803 3810 5804 3801 5804 3778 5804 971 5805 966 5805 965 5805 1184 5806 1182 5806 3932 5806 1199 5807 2837 5807 1198 5807 2837 5808 1199 5808 1201 5808 1259 5809 1258 5809 1261 5809 1996 5810 211 5810 232 5810 211 5811 1996 5811 2080 5811 589 5812 588 5812 3641 5812 1265 5813 1264 5813 1262 5813 154 5814 3069 5814 152 5814 3069 5815 154 5815 773 5815 698 5816 3595 5816 697 5816 291 5817 3484 5817 1293 5817 291 5818 1244 5818 3484 5818 3767 5819 980 5819 984 5819 1548 5820 1546 5820 1549 5820 1244 5821 1243 5821 3484 5821 848 5822 234 5822 850 5822 1582 5823 1575 5823 1583 5823 1575 5824 1582 5824 1576 5824 388 5825 2527 5825 1512 5825 2527 5826 388 5826 1431 5826 3767 5827 977 5827 980 5827 1845 5828 2414 5828 192 5828 349 5829 352 5829 350 5829 1290 5830 1291 5830 3237 5830 1291 5831 1290 5831 1292 5831 205 5832 1030 5832 2985 5832 1030 5833 205 5833 1037 5833 619 5834 616 5834 620 5834 308 5835 1175 5835 306 5835 1175 5836 308 5836 1176 5836 1190 5837 1186 5837 1188 5837 1186 5838 1190 5838 1187 5838 194 5839 957 5839 3226 5839 979 5840 981 5840 980 5840 1543 5841 1546 5841 1542 5841 2052 5842 2392 5842 249 5842 1405 5843 1407 5843 1412 5843 690 5844 693 5844 689 5844 693 5845 690 5845 695 5845 915 5846 912 5846 911 5846 1428 5847 1426 5847 1425 5847 1401 5848 1399 5848 1403 5848 1595 5849 1864 5849 1584 5849 1537 5850 1540 5850 1542 5850 1269 5851 328 5851 1270 5851 1534 5852 1536 5852 3896 5852 1536 5853 1534 5853 1537 5853 1372 5854 339 5854 1376 5854 877 5855 870 5855 869 5855 1322 5856 2762 5856 1321 5856 2762 5857 1322 5857 1323 5857 558 5858 72 5858 559 5858 1802 5859 2396 5859 1803 5859 684 5860 678 5860 3965 5860 1280 5861 1283 5861 1281 5861 1825 5862 2408 5862 1840 5862 2408 5863 1825 5863 2137 5863 3965 5864 678 5864 675 5864 1599 5865 1919 5865 1877 5865 166 5866 3307 5866 789 5866 3307 5867 166 5867 791 5867 175 5868 1065 5868 1066 5868 1065 5869 175 5869 1069 5869 28 5870 19 5870 29 5870 19 5871 28 5871 474 5871 1313 5872 2716 5872 3916 5872 2716 5873 1313 5873 2789 5873 1191 5874 1192 5874 1189 5874 784 5875 785 5875 786 5875 1465 5876 1463 5876 404 5876 3652 5877 1476 5877 1474 5877 171 5878 948 5878 947 5878 948 5879 171 5879 949 5879 634 5880 635 5880 631 5880 1308 5881 1310 5881 3546 5881 1310 5882 1308 5882 3971 5882 915 5883 918 5883 912 5883 1310 5884 3971 5884 1311 5884 1395 5885 375 5885 377 5885 971 5886 965 5886 978 5886 53 5887 532 5887 2983 5887 532 5888 53 5888 55 5888 1822 5889 1814 5889 224 5889 231 5890 3073 5890 230 5890 1289 5891 1288 5891 1285 5891 605 5892 3065 5892 604 5892 676 5893 675 5893 678 5893 2735 5894 1368 5894 1367 5894 1368 5895 2735 5895 1362 5895 3226 5896 195 5896 194 5896 386 5897 1508 5897 1505 5897 1508 5898 386 5898 1511 5898 410 5899 1483 5899 1481 5899 410 5900 1484 5900 1483 5900 1348 5901 2869 5901 1345 5901 2082 5902 2491 5902 240 5902 2491 5903 2082 5903 1814 5903 100 5904 2505 5904 732 5904 2505 5905 100 5905 99 5905 1826 5906 1841 5906 1843 5906 1841 5907 1826 5907 1825 5907 230 5908 845 5908 228 5908 230 5909 3073 5909 845 5909 3915 5910 3564 5910 600 5910 1306 5911 1307 5911 1305 5911 1634 5912 1976 5912 1627 5912 1269 5913 1273 5913 1268 5913 179 5914 2346 5914 184 5914 868 5915 865 5915 867 5915 3355 5916 1291 5916 3484 5916 610 5917 614 5917 616 5917 502 5918 498 5918 1953 5918 498 5919 497 5919 496 5919 52 5920 49 5920 48 5920 605 5921 607 5921 3065 5921 3185 5922 152 5922 3069 5922 980 5923 982 5923 987 5923 293 5924 1246 5924 290 5924 1246 5925 293 5925 1249 5925 2394 5926 1811 5926 1810 5926 1197 5927 1198 5927 1196 5927 846 5928 3073 5928 231 5928 1379 5929 3228 5929 1380 5929 412 5930 3778 5930 1484 5930 1553 5931 1552 5931 1549 5931 561 5932 79 5932 2664 5932 79 5933 561 5933 77 5933 1526 5934 1533 5934 3486 5934 1423 5935 1418 5935 1417 5935 1417 5936 1416 5936 1419 5936 3979 5937 2401 5937 2363 5937 2401 5938 3979 5938 2402 5938 679 5939 684 5939 683 5939 1912 5940 1880 5940 1879 5940 3932 5941 1182 5941 1179 5941 1048 5942 1045 5942 1043 5942 1045 5943 1048 5943 1047 5943 1405 5944 1409 5944 1406 5944 1093 5945 1092 5945 2331 5945 1092 5946 1094 5946 2284 5946 1281 5947 3154 5947 1277 5947 1579 5948 1821 5948 1801 5948 3977 5949 2400 5949 2399 5949 2400 5950 3977 5950 1106 5950 843 5951 228 5951 845 5951 1404 5952 2997 5952 1403 5952 2997 5953 1404 5953 1406 5953 1920 5954 2485 5954 1921 5954 2485 5955 1920 5955 2466 5955 64 5956 547 5956 544 5956 2732 5957 601 5957 2729 5957 601 5958 3915 5958 602 5958 260 5959 1113 5959 2398 5959 1113 5960 260 5960 1114 5960 373 5961 1391 5961 1390 5961 1209 5962 1211 5962 1208 5962 1211 5963 1209 5963 1215 5963 235 5964 848 5964 847 5964 1074 5965 1671 5965 1075 5965 1671 5966 1074 5966 1663 5966 103 5967 645 5967 827 5967 645 5968 103 5968 646 5968 66 5969 551 5969 549 5969 551 5970 66 5970 68 5970 549 5971 3188 5971 547 5971 590 5972 591 5972 593 5972 3952 5973 2711 5973 1204 5973 2711 5974 3952 5974 1206 5974 987 5975 984 5975 980 5975 1193 5976 1196 5976 1192 5976 942 5977 941 5977 939 5977 624 5978 622 5978 620 5978 39 5979 2359 5979 2358 5979 1436 5980 1439 5980 1438 5980 1439 5981 1436 5981 391 5981 1253 5982 1252 5982 1254 5982 3612 5983 3595 5983 700 5983 1059 5984 1055 5984 1054 5984 1805 5985 1800 5985 1736 5985 1894 5986 1919 5986 2473 5986 2450 5987 1597 5987 2492 5987 1597 5988 2450 5988 1589 5988 3307 5989 791 5989 790 5989 2718 5990 3971 5990 3916 5990 3971 5991 2718 5991 1311 5991 1388 5992 371 5992 373 5992 364 5993 1383 5993 1381 5993 1368 5994 348 5994 350 5994 654 5995 652 5995 650 5995 652 5996 654 5996 653 5996 1533 5997 1526 5997 1534 5997 978 5998 974 5998 971 5998 1650 5999 1631 5999 421 5999 1631 6000 1650 6000 1959 6000 1862 6001 3982 6001 1823 6001 1823 6002 3982 6002 2399 6002 2485 6003 2464 6003 1881 6003 254 6004 2434 6004 255 6004 2434 6005 254 6005 1126 6005 343 6006 1359 6006 1357 6006 1359 6007 343 6007 344 6007 1043 6008 1045 6008 1041 6008 1261 6009 318 6009 319 6009 318 6010 1261 6010 1258 6010 2351 6011 630 6011 2270 6011 3982 6012 1862 6012 2402 6012 1862 6013 1823 6013 1114 6013 1692 6014 207 6014 206 6014 1413 6015 1419 6015 1415 6015 486 6016 87 6016 487 6016 1204 6017 1202 6017 3952 6017 1202 6018 1204 6018 1200 6018 1984 6019 2003 6019 445 6019 1051 6020 1053 6020 1052 6020 1053 6021 1051 6021 1049 6021 71 6022 554 6022 552 6022 383 6023 1451 6023 1448 6023 1451 6024 383 6024 382 6024 1523 6025 1525 6025 1524 6025 1525 6026 1523 6026 1521 6026 684 6027 679 6027 678 6027 628 6028 627 6028 3634 6028 1616 6029 2315 6029 2141 6029 2315 6030 1616 6030 3931 6030 957 6031 194 6031 958 6031</p>
        </triangles>
        <triangles material="Material_002-material" count="1096">
          <input semantic="VERTEX" source="#push_button_text_1_-mesh-vertices" offset="0"/>
          <input semantic="NORMAL" source="#push_button_text_1_-mesh-normals" offset="1"/>
          <p>3983 6032 3984 6032 3985 6032 3985 6033 3986 6033 3987 6033 3987 6034 3988 6034 3989 6034 3989 6035 3990 6035 3991 6035 3991 6036 3992 6036 3993 6036 3993 6037 3994 6037 3995 6037 3995 6038 3996 6038 3997 6038 3997 6039 3998 6039 3999 6039 3999 6040 4000 6040 4001 6040 4001 6041 4002 6041 4003 6041 4003 6042 4004 6042 4005 6042 4005 6043 4006 6043 4007 6043 4007 6044 4008 6044 4009 6044 4009 6045 4010 6045 4011 6045 4011 6046 4012 6046 4013 6046 4013 6047 4014 6047 4015 6047 4015 6048 4016 6048 4017 6048 4017 6049 4018 6049 4019 6049 4019 6050 4020 6050 4021 6050 4021 6051 4022 6051 4023 6051 4023 6052 4024 6052 4025 6052 4025 6053 4026 6053 4027 6053 4027 6054 4028 6054 4029 6054 4029 6055 4030 6055 4031 6055 4031 6056 4032 6056 3983 6056 3983 6057 3985 6057 3987 6057 3987 6058 3989 6058 3991 6058 3991 6059 3993 6059 3995 6059 3995 6060 3997 6060 3999 6060 3999 6061 4001 6061 4003 6061 4003 6062 4005 6062 4007 6062 4007 6063 4009 6063 4011 6063 4011 6064 4013 6064 4015 6064 4015 6065 4017 6065 4019 6065 4019 6066 4021 6066 4023 6066 4023 6067 4025 6067 4027 6067 4027 6068 4029 6068 4031 6068 4031 6069 3983 6069 3987 6069 3987 6070 3991 6070 3995 6070 3995 6071 3999 6071 4003 6071 4003 6072 4007 6072 4011 6072 4011 6073 4015 6073 4019 6073 4019 6074 4023 6074 4027 6074 4027 6075 4031 6075 3987 6075 3987 6076 3995 6076 4003 6076 4003 6077 4011 6077 4019 6077 4019 6078 4027 6078 3987 6078 3987 6079 4003 6079 4019 6079 4033 6080 4034 6080 4035 6080 4033 6081 4035 6081 4036 6081 4034 6082 4037 6082 4038 6082 4034 6083 4038 6083 4035 6083 4037 6084 4039 6084 4040 6084 4037 6085 4040 6085 4038 6085 4039 6086 4041 6086 4042 6086 4039 6087 4042 6087 4040 6087 4041 6088 4043 6088 4044 6088 4041 6089 4044 6089 4042 6089 4043 6090 4045 6090 4046 6090 4043 6091 4046 6091 4044 6091 4045 6092 4047 6092 4048 6092 4045 6093 4048 6093 4046 6093 4047 6094 4049 6094 4050 6094 4047 6095 4050 6095 4048 6095 4049 6096 4051 6096 4052 6096 4049 6097 4052 6097 4050 6097 4051 6098 4053 6098 4054 6098 4051 6099 4054 6099 4052 6099 4053 6100 4055 6100 4056 6100 4053 6101 4056 6101 4054 6101 4055 6102 4057 6102 4058 6102 4055 6103 4058 6103 4056 6103 4057 6104 4059 6104 4060 6104 4057 6105 4060 6105 4058 6105 4059 6106 4061 6106 4062 6106 4059 6107 4062 6107 4060 6107 4061 6108 4063 6108 4064 6108 4061 6109 4064 6109 4062 6109 4063 6110 4065 6110 4066 6110 4063 6111 4066 6111 4064 6111 4065 6112 4067 6112 4068 6112 4065 6113 4068 6113 4066 6113 4067 6114 4069 6114 4070 6114 4067 6115 4070 6115 4068 6115 4069 6116 4071 6116 4072 6116 4069 6117 4072 6117 4070 6117 4071 6118 4073 6118 4074 6118 4071 6119 4074 6119 4072 6119 4073 6120 4075 6120 4076 6120 4073 6121 4076 6121 4074 6121 4075 6122 4077 6122 4078 6122 4075 6123 4078 6123 4076 6123 4077 6124 4079 6124 4080 6124 4077 6125 4080 6125 4078 6125 4079 6126 4081 6126 4082 6126 4079 6127 4082 6127 4080 6127 4081 6128 4083 6128 4084 6128 4081 6129 4084 6129 4082 6129 4083 6130 4085 6130 4086 6130 4083 6131 4086 6131 4084 6131 4085 6132 4087 6132 4088 6132 4085 6133 4088 6133 4086 6133 4087 6134 4089 6134 4090 6134 4087 6135 4090 6135 4088 6135 4089 6136 4091 6136 4092 6136 4089 6137 4092 6137 4090 6137 4091 6138 4093 6138 4094 6138 4091 6139 4094 6139 4092 6139 4093 6140 4095 6140 4096 6140 4093 6141 4096 6141 4094 6141 4095 6142 4097 6142 4098 6142 4095 6143 4098 6143 4096 6143 4097 6144 4099 6144 4100 6144 4097 6145 4100 6145 4098 6145 4099 6146 4101 6146 4102 6146 4099 6147 4102 6147 4100 6147 4101 6148 4103 6148 4104 6148 4101 6149 4104 6149 4102 6149 4103 6150 4105 6150 4106 6150 4103 6151 4106 6151 4104 6151 4105 6152 4107 6152 4108 6152 4105 6153 4108 6153 4106 6153 4107 6154 4109 6154 4110 6154 4107 6155 4110 6155 4108 6155 4109 6156 4111 6156 4112 6156 4109 6157 4112 6157 4110 6157 4111 6158 4113 6158 4114 6158 4111 6159 4114 6159 4112 6159 4113 6160 4115 6160 4116 6160 4113 6161 4116 6161 4114 6161 4115 6162 4117 6162 4118 6162 4115 6163 4118 6163 4116 6163 4117 6164 4119 6164 4120 6164 4117 6165 4120 6165 4118 6165 4119 6166 4121 6166 4122 6166 4119 6167 4122 6167 4120 6167 4121 6168 4123 6168 4124 6168 4121 6169 4124 6169 4122 6169 4123 6170 4125 6170 4126 6170 4123 6171 4126 6171 4124 6171 4125 6172 4127 6172 4128 6172 4125 6173 4128 6173 4126 6173 4127 6174 4129 6174 4130 6174 4127 6175 4130 6175 4128 6175 4129 6176 4131 6176 4132 6176 4129 6177 4132 6177 4130 6177 4131 6178 4033 6178 4036 6178 4131 6179 4036 6179 4132 6179 4133 6180 4134 6180 4135 6180 4135 6181 4136 6181 4137 6181 4137 6182 4138 6182 4139 6182 4139 6183 4140 6183 4141 6183 4141 6184 4142 6184 4143 6184 4143 6185 4144 6185 4145 6185 4145 6186 4146 6186 4147 6186 4147 6187 4148 6187 4149 6187 4149 6188 4150 6188 4151 6188 4151 6189 4152 6189 4153 6189 4153 6190 4154 6190 4155 6190 4155 6191 4156 6191 4157 6191 4157 6192 4158 6192 4159 6192 4159 6193 4160 6193 4161 6193 4161 6194 4162 6194 4163 6194 4163 6195 4164 6195 4165 6195 4165 6196 4166 6196 4167 6196 4167 6186 4168 6186 4169 6186 4169 6197 4170 6197 4171 6197 4171 6198 4172 6198 4173 6198 4173 6186 4174 6186 4175 6186 4175 6199 4176 6199 4177 6199 4177 6186 4178 6186 4179 6186 4179 6200 4180 6200 4181 6200 4181 6201 4182 6201 4133 6201 4133 6202 4135 6202 4137 6202 4137 6203 4139 6203 4141 6203 4141 6204 4143 6204 4145 6204 4145 6186 4147 6186 4149 6186 4149 6205 4151 6205 4153 6205 4153 6206 4155 6206 4157 6206 4157 6207 4159 6207 4161 6207 4161 6208 4163 6208 4165 6208 4165 6186 4167 6186 4169 6186 4169 6209 4171 6209 4173 6209 4173 6210 4175 6210 4177 6210 4177 6211 4179 6211 4181 6211 4181 6212 4133 6212 4137 6212 4137 6213 4141 6213 4145 6213 4145 6214 4149 6214 4153 6214 4153 6215 4157 6215 4161 6215 4161 6216 4165 6216 4169 6216 4169 6217 4173 6217 4177 6217 4177 6218 4181 6218 4137 6218 4137 6219 4145 6219 4153 6219 4153 6220 4161 6220 4169 6220 4169 6221 4177 6221 4137 6221 4137 6222 4153 6222 4169 6222 4133 6223 4182 6223 4183 6223 4133 6224 4183 6224 4184 6224 4182 6225 4181 6225 4185 6225 4182 6226 4185 6226 4183 6226 4181 6227 4180 6227 4186 6227 4181 6228 4186 6228 4185 6228 4180 6229 4179 6229 4187 6229 4180 6230 4187 6230 4186 6230 4179 6231 4178 6231 4188 6231 4179 6232 4188 6232 4187 6232 4178 6233 4177 6233 4189 6233 4178 6234 4189 6234 4188 6234 4177 6235 4176 6235 4190 6235 4177 6236 4190 6236 4189 6236 4176 6237 4175 6237 4191 6237 4176 6238 4191 6238 4190 6238 4175 6239 4174 6239 4192 6239 4175 6240 4192 6240 4191 6240 4174 6241 4173 6241 4193 6241 4174 6242 4193 6242 4192 6242 4173 6243 4172 6243 4194 6243 4173 6244 4194 6244 4193 6244 4172 6245 4171 6245 4195 6245 4172 6246 4195 6246 4194 6246 4171 6247 4170 6247 4196 6247 4171 6248 4196 6248 4195 6248 4170 6249 4169 6249 4197 6249 4170 6250 4197 6250 4196 6250 4169 6251 4168 6251 4198 6251 4169 6252 4198 6252 4197 6252 4168 6253 4167 6253 4199 6253 4168 6254 4199 6254 4198 6254 4167 6255 4166 6255 4200 6255 4167 6256 4200 6256 4199 6256 4166 6257 4165 6257 4201 6257 4166 6258 4201 6258 4200 6258 4165 6259 4164 6259 4202 6259 4165 6260 4202 6260 4201 6260 4164 6261 4163 6261 4203 6261 4164 6262 4203 6262 4202 6262 4163 6263 4162 6263 4204 6263 4163 6264 4204 6264 4203 6264 4162 6265 4161 6265 4205 6265 4162 6266 4205 6266 4204 6266 4161 6267 4160 6267 4206 6267 4161 6268 4206 6268 4205 6268 4160 6269 4159 6269 4207 6269 4160 6270 4207 6270 4206 6270 4159 6271 4158 6271 4208 6271 4159 6272 4208 6272 4207 6272 4158 6273 4157 6273 4209 6273 4158 6274 4209 6274 4208 6274 4157 6275 4156 6275 4210 6275 4157 6276 4210 6276 4209 6276 4156 6277 4155 6277 4211 6277 4156 6278 4211 6278 4210 6278 4155 6279 4154 6279 4212 6279 4155 6280 4212 6280 4211 6280 4154 6281 4153 6281 4213 6281 4154 6282 4213 6282 4212 6282 4153 6283 4152 6283 4214 6283 4153 6284 4214 6284 4213 6284 4152 6285 4151 6285 4215 6285 4152 6286 4215 6286 4214 6286 4151 6287 4150 6287 4216 6287 4151 6288 4216 6288 4215 6288 4150 6289 4149 6289 4217 6289 4150 6290 4217 6290 4216 6290 4149 6291 4148 6291 4218 6291 4149 6292 4218 6292 4217 6292 4148 6293 4147 6293 4219 6293 4148 6294 4219 6294 4218 6294 4147 6295 4146 6295 4220 6295 4147 6296 4220 6296 4219 6296 4146 6297 4145 6297 4221 6297 4146 6298 4221 6298 4220 6298 4145 6299 4144 6299 4222 6299 4145 6300 4222 6300 4221 6300 4144 6301 4143 6301 4223 6301 4144 6302 4223 6302 4222 6302 4143 6303 4142 6303 4224 6303 4143 6304 4224 6304 4223 6304 4142 6305 4141 6305 4225 6305 4142 6306 4225 6306 4224 6306 4141 6307 4140 6307 4226 6307 4141 6308 4226 6308 4225 6308 4140 6309 4139 6309 4227 6309 4140 6310 4227 6310 4226 6310 4139 6311 4138 6311 4228 6311 4139 6312 4228 6312 4227 6312 4138 6313 4137 6313 4229 6313 4138 6314 4229 6314 4228 6314 4137 6315 4136 6315 4230 6315 4137 6316 4230 6316 4229 6316 4136 6317 4135 6317 4231 6317 4136 6318 4231 6318 4230 6318 4135 6319 4134 6319 4232 6319 4135 6320 4232 6320 4231 6320 4134 6321 4133 6321 4184 6321 4134 6322 4184 6322 4232 6322 4233 6323 4234 6323 4033 6323 4233 6324 4033 6324 4131 6324 4235 6325 4236 6325 4234 6325 4235 6326 4234 6326 4233 6326 4237 6327 4233 6327 4131 6327 4237 6328 4131 6328 4129 6328 4238 6329 4235 6329 4233 6329 4238 6330 4233 6330 4237 6330 4239 6331 4237 6331 4129 6331 4239 6332 4129 6332 4127 6332 4240 6333 4238 6333 4237 6333 4240 6334 4237 6334 4239 6334 4241 6335 4239 6335 4127 6335 4241 6336 4127 6336 4125 6336 4242 6337 4240 6337 4239 6337 4242 6338 4239 6338 4241 6338 4243 6339 4241 6339 4125 6339 4243 6340 4125 6340 4123 6340 4244 6341 4242 6341 4241 6341 4244 6342 4241 6342 4243 6342 4245 6343 4243 6343 4123 6343 4245 6344 4123 6344 4121 6344 4246 6345 4244 6345 4243 6345 4246 6346 4243 6346 4245 6346 4247 6347 4245 6347 4121 6347 4247 6348 4121 6348 4119 6348 4248 6349 4246 6349 4245 6349 4248 6350 4245 6350 4247 6350 4249 6351 4247 6351 4119 6351 4249 6352 4119 6352 4117 6352 4250 6353 4248 6353 4247 6353 4250 6354 4247 6354 4249 6354 4251 6355 4249 6355 4117 6355 4251 6356 4117 6356 4115 6356 4252 6357 4250 6357 4249 6357 4252 6358 4249 6358 4251 6358 4253 6359 4251 6359 4115 6359 4253 6360 4115 6360 4113 6360 4254 6361 4252 6361 4251 6361 4254 6362 4251 6362 4253 6362 4255 6363 4253 6363 4113 6363 4255 6364 4113 6364 4111 6364 4256 6365 4254 6365 4253 6365 4256 6366 4253 6366 4255 6366 4257 6367 4255 6367 4111 6367 4257 6368 4111 6368 4109 6368 4258 6369 4256 6369 4255 6369 4258 6370 4255 6370 4257 6370 4259 6371 4257 6371 4109 6371 4259 6372 4109 6372 4107 6372 4260 6373 4258 6373 4257 6373 4260 6374 4257 6374 4259 6374 4261 6375 4259 6375 4107 6375 4261 6376 4107 6376 4105 6376 4262 6377 4260 6377 4259 6377 4262 6378 4259 6378 4261 6378 4263 6379 4261 6379 4105 6379 4263 6380 4105 6380 4103 6380 4264 6381 4262 6381 4261 6381 4264 6382 4261 6382 4263 6382 4265 6383 4263 6383 4103 6383 4265 6384 4103 6384 4101 6384 4266 6385 4264 6385 4263 6385 4266 6386 4263 6386 4265 6386 4267 6387 4265 6387 4101 6387 4267 6388 4101 6388 4099 6388 4268 6389 4266 6389 4265 6389 4268 6390 4265 6390 4267 6390 4269 6391 4267 6391 4099 6391 4269 6392 4099 6392 4097 6392 4270 6393 4268 6393 4267 6393 4270 6394 4267 6394 4269 6394 4271 6395 4269 6395 4097 6395 4271 6396 4097 6396 4095 6396 4272 6397 4270 6397 4269 6397 4272 6398 4269 6398 4271 6398 4273 6399 4271 6399 4095 6399 4273 6400 4095 6400 4093 6400 4274 6401 4272 6401 4271 6401 4274 6402 4271 6402 4273 6402 4275 6403 4273 6403 4093 6403 4275 6404 4093 6404 4091 6404 4276 6405 4274 6405 4273 6405 4276 6406 4273 6406 4275 6406 4277 6407 4275 6407 4091 6407 4277 6408 4091 6408 4089 6408 4278 6409 4276 6409 4275 6409 4278 6410 4275 6410 4277 6410 4279 6411 4277 6411 4089 6411 4279 6412 4089 6412 4087 6412 4280 6413 4278 6413 4277 6413 4280 6414 4277 6414 4279 6414 4281 6415 4279 6415 4087 6415 4281 6416 4087 6416 4085 6416 4282 6417 4280 6417 4279 6417 4282 6418 4279 6418 4281 6418 4283 6419 4281 6419 4085 6419 4283 6420 4085 6420 4083 6420 4284 6421 4282 6421 4281 6421 4284 6422 4281 6422 4283 6422 4285 6423 4283 6423 4083 6423 4285 6424 4083 6424 4081 6424 4286 6425 4284 6425 4283 6425 4286 6426 4283 6426 4285 6426 4287 6427 4285 6427 4081 6427 4287 6428 4081 6428 4079 6428 4288 6429 4286 6429 4285 6429 4288 6430 4285 6430 4287 6430 4289 6431 4287 6431 4079 6431 4289 6432 4079 6432 4077 6432 4290 6433 4288 6433 4287 6433 4290 6434 4287 6434 4289 6434 4291 6435 4289 6435 4077 6435 4291 6436 4077 6436 4075 6436 4292 6437 4290 6437 4289 6437 4292 6438 4289 6438 4291 6438 4293 6439 4291 6439 4075 6439 4293 6440 4075 6440 4073 6440 4294 6441 4292 6441 4291 6441 4294 6442 4291 6442 4293 6442 4295 6443 4293 6443 4073 6443 4295 6444 4073 6444 4071 6444 4296 6445 4294 6445 4293 6445 4296 6446 4293 6446 4295 6446 4297 6447 4295 6447 4071 6447 4297 6448 4071 6448 4069 6448 4298 6449 4296 6449 4295 6449 4298 6450 4295 6450 4297 6450 4299 6451 4297 6451 4069 6451 4299 6452 4069 6452 4067 6452 4300 6453 4298 6453 4297 6453 4300 6454 4297 6454 4299 6454 4301 6455 4299 6455 4067 6455 4301 6456 4067 6456 4065 6456 4302 6457 4300 6457 4299 6457 4302 6458 4299 6458 4301 6458 4303 6459 4301 6459 4065 6459 4303 6460 4065 6460 4063 6460 4304 6461 4302 6461 4301 6461 4304 6462 4301 6462 4303 6462 4305 6463 4303 6463 4063 6463 4305 6464 4063 6464 4061 6464 4306 6465 4304 6465 4303 6465 4306 6466 4303 6466 4305 6466 4307 6467 4305 6467 4061 6467 4307 6468 4061 6468 4059 6468 4308 6469 4306 6469 4305 6469 4308 6470 4305 6470 4307 6470 4309 6471 4307 6471 4059 6471 4309 6472 4059 6472 4057 6472 4310 6473 4308 6473 4307 6473 4310 6474 4307 6474 4309 6474 4311 6475 4309 6475 4057 6475 4311 6476 4057 6476 4055 6476 4312 6477 4310 6477 4309 6477 4312 6478 4309 6478 4311 6478 4313 6479 4311 6479 4055 6479 4313 6480 4055 6480 4053 6480 4314 6481 4312 6481 4311 6481 4314 6482 4311 6482 4313 6482 4315 6483 4313 6483 4053 6483 4315 6484 4053 6484 4051 6484 4316 6485 4314 6485 4313 6485 4316 6486 4313 6486 4315 6486 4317 6487 4315 6487 4051 6487 4317 6488 4051 6488 4049 6488 4318 6489 4316 6489 4315 6489 4318 6490 4315 6490 4317 6490 4319 6491 4317 6491 4049 6491 4319 6492 4049 6492 4047 6492 4320 6493 4318 6493 4317 6493 4320 6494 4317 6494 4319 6494 4321 6495 4319 6495 4047 6495 4321 6496 4047 6496 4045 6496 4322 6497 4320 6497 4319 6497 4322 6498 4319 6498 4321 6498 4323 6499 4321 6499 4045 6499 4323 6500 4045 6500 4043 6500 4324 6501 4322 6501 4321 6501 4324 6502 4321 6502 4323 6502 4325 6503 4323 6503 4043 6503 4325 6504 4043 6504 4041 6504 4326 6505 4324 6505 4323 6505 4326 6506 4323 6506 4325 6506 4327 6507 4325 6507 4041 6507 4327 6508 4041 6508 4039 6508 4328 6509 4326 6509 4325 6509 4328 6510 4325 6510 4327 6510 4329 6511 4327 6511 4039 6511 4329 6512 4039 6512 4037 6512 4330 6513 4328 6513 4327 6513 4330 6514 4327 6514 4329 6514 4331 6515 4329 6515 4037 6515 4331 6516 4037 6516 4034 6516 4332 6517 4330 6517 4329 6517 4332 6518 4329 6518 4331 6518 4234 6519 4331 6519 4034 6519 4234 6520 4034 6520 4033 6520 4236 6521 4332 6521 4331 6521 4236 6522 4331 6522 4234 6522 4333 6523 4334 6523 4183 6523 4333 6524 4183 6524 4185 6524 4330 6525 4332 6525 4334 6525 4330 6526 4334 6526 4333 6526 4335 6527 4333 6527 4185 6527 4335 6528 4185 6528 4186 6528 4328 6529 4330 6529 4333 6529 4328 6530 4333 6530 4335 6530 4336 6531 4335 6531 4186 6531 4336 6532 4186 6532 4187 6532 4326 6533 4328 6533 4335 6533 4326 6534 4335 6534 4336 6534 4337 6535 4336 6535 4187 6535 4337 6536 4187 6536 4188 6536 4324 6537 4326 6537 4336 6537 4324 6538 4336 6538 4337 6538 4338 6539 4337 6539 4188 6539 4338 6540 4188 6540 4189 6540 4322 6541 4324 6541 4337 6541 4322 6542 4337 6542 4338 6542 4339 6543 4338 6543 4189 6543 4339 6544 4189 6544 4190 6544 4320 6545 4322 6545 4338 6545 4320 6546 4338 6546 4339 6546 4340 6547 4339 6547 4190 6547 4340 6548 4190 6548 4191 6548 4318 6549 4320 6549 4339 6549 4318 6550 4339 6550 4340 6550 4341 6551 4340 6551 4191 6551 4341 6552 4191 6552 4192 6552 4316 6553 4318 6553 4340 6553 4316 6554 4340 6554 4341 6554 4342 6555 4341 6555 4192 6555 4342 6556 4192 6556 4193 6556 4314 6557 4316 6557 4341 6557 4314 6558 4341 6558 4342 6558 4343 6559 4342 6559 4193 6559 4343 6560 4193 6560 4194 6560 4312 6561 4314 6561 4342 6561 4312 6562 4342 6562 4343 6562 4344 6563 4343 6563 4194 6563 4344 6564 4194 6564 4195 6564 4310 6565 4312 6565 4343 6565 4310 6566 4343 6566 4344 6566 4345 6567 4344 6567 4195 6567 4345 6568 4195 6568 4196 6568 4308 6569 4310 6569 4344 6569 4308 6570 4344 6570 4345 6570 4346 6571 4345 6571 4196 6571 4346 6572 4196 6572 4197 6572 4306 6573 4308 6573 4345 6573 4306 6574 4345 6574 4346 6574 4347 6575 4346 6575 4197 6575 4347 6576 4197 6576 4198 6576 4304 6577 4306 6577 4346 6577 4304 6578 4346 6578 4347 6578 4348 6579 4347 6579 4198 6579 4348 6580 4198 6580 4199 6580 4302 6581 4304 6581 4347 6581 4302 6582 4347 6582 4348 6582 4349 6583 4348 6583 4199 6583 4349 6584 4199 6584 4200 6584 4300 6585 4302 6585 4348 6585 4300 6586 4348 6586 4349 6586 4350 6587 4349 6587 4200 6587 4350 6588 4200 6588 4201 6588 4298 6589 4300 6589 4349 6589 4298 6590 4349 6590 4350 6590 4351 6591 4350 6591 4201 6591 4351 6592 4201 6592 4202 6592 4296 6593 4298 6593 4350 6593 4296 6594 4350 6594 4351 6594 4352 6595 4351 6595 4202 6595 4352 6596 4202 6596 4203 6596 4294 6597 4296 6597 4351 6597 4294 6598 4351 6598 4352 6598 4353 6599 4352 6599 4203 6599 4353 6600 4203 6600 4204 6600 4292 6601 4294 6601 4352 6601 4292 6602 4352 6602 4353 6602 4354 6603 4353 6603 4204 6603 4354 6604 4204 6604 4205 6604 4290 6605 4292 6605 4353 6605 4290 6606 4353 6606 4354 6606 4355 6607 4354 6607 4205 6607 4355 6608 4205 6608 4206 6608 4288 6609 4290 6609 4354 6609 4288 6610 4354 6610 4355 6610 4356 6611 4355 6611 4206 6611 4356 6612 4206 6612 4207 6612 4286 6613 4288 6613 4355 6613 4286 6614 4355 6614 4356 6614 4357 6615 4356 6615 4207 6615 4357 6616 4207 6616 4208 6616 4284 6617 4286 6617 4356 6617 4284 6618 4356 6618 4357 6618 4358 6619 4357 6619 4208 6619 4358 6620 4208 6620 4209 6620 4282 6621 4284 6621 4357 6621 4282 6622 4357 6622 4358 6622 4359 6623 4358 6623 4209 6623 4359 6624 4209 6624 4210 6624 4280 6625 4282 6625 4358 6625 4280 6626 4358 6626 4359 6626 4360 6627 4359 6627 4210 6627 4360 6628 4210 6628 4211 6628 4278 6629 4280 6629 4359 6629 4278 6630 4359 6630 4360 6630 4361 6631 4360 6631 4211 6631 4361 6632 4211 6632 4212 6632 4276 6633 4278 6633 4360 6633 4276 6634 4360 6634 4361 6634 4362 6635 4361 6635 4212 6635 4362 6636 4212 6636 4213 6636 4274 6637 4276 6637 4361 6637 4274 6638 4361 6638 4362 6638 4363 6639 4362 6639 4213 6639 4363 6640 4213 6640 4214 6640 4272 6641 4274 6641 4362 6641 4272 6642 4362 6642 4363 6642 4364 6643 4363 6643 4214 6643 4364 6644 4214 6644 4215 6644 4270 6645 4272 6645 4363 6645 4270 6646 4363 6646 4364 6646 4365 6647 4364 6647 4215 6647 4365 6648 4215 6648 4216 6648 4268 6649 4270 6649 4364 6649 4268 6650 4364 6650 4365 6650 4366 6651 4365 6651 4216 6651 4366 6652 4216 6652 4217 6652 4266 6653 4268 6653 4365 6653 4266 6654 4365 6654 4366 6654 4367 6655 4366 6655 4217 6655 4367 6656 4217 6656 4218 6656 4264 6657 4266 6657 4366 6657 4264 6658 4366 6658 4367 6658 4368 6659 4367 6659 4218 6659 4368 6660 4218 6660 4219 6660 4262 6661 4264 6661 4367 6661 4262 6662 4367 6662 4368 6662 4369 6663 4368 6663 4219 6663 4369 6664 4219 6664 4220 6664 4260 6665 4262 6665 4368 6665 4260 6666 4368 6666 4369 6666 4370 6667 4369 6667 4220 6667 4370 6668 4220 6668 4221 6668 4258 6669 4260 6669 4369 6669 4258 6670 4369 6670 4370 6670 4371 6671 4370 6671 4221 6671 4371 6672 4221 6672 4222 6672 4256 6673 4258 6673 4370 6673 4256 6674 4370 6674 4371 6674 4372 6675 4371 6675 4222 6675 4372 6676 4222 6676 4223 6676 4254 6677 4256 6677 4371 6677 4254 6678 4371 6678 4372 6678 4373 6679 4372 6679 4223 6679 4373 6680 4223 6680 4224 6680 4252 6681 4254 6681 4372 6681 4252 6682 4372 6682 4373 6682 4374 6683 4373 6683 4224 6683 4374 6684 4224 6684 4225 6684 4250 6685 4252 6685 4373 6685 4250 6686 4373 6686 4374 6686 4375 6687 4374 6687 4225 6687 4375 6688 4225 6688 4226 6688 4248 6689 4250 6689 4374 6689 4248 6690 4374 6690 4375 6690 4376 6691 4375 6691 4226 6691 4376 6692 4226 6692 4227 6692 4246 6693 4248 6693 4375 6693 4246 6694 4375 6694 4376 6694 4377 6695 4376 6695 4227 6695 4377 6696 4227 6696 4228 6696 4244 6697 4246 6697 4376 6697 4244 6698 4376 6698 4377 6698 4378 6699 4377 6699 4228 6699 4378 6700 4228 6700 4229 6700 4242 6701 4244 6701 4377 6701 4242 6702 4377 6702 4378 6702 4379 6703 4378 6703 4229 6703 4379 6704 4229 6704 4230 6704 4240 6705 4242 6705 4378 6705 4240 6706 4378 6706 4379 6706 4380 6707 4379 6707 4230 6707 4380 6708 4230 6708 4231 6708 4238 6709 4240 6709 4379 6709 4238 6710 4379 6710 4380 6710 4381 6711 4380 6711 4231 6711 4381 6712 4231 6712 4232 6712 4235 6713 4238 6713 4380 6713 4235 6714 4380 6714 4381 6714 4382 6715 4381 6715 4232 6715 4382 6716 4232 6716 4184 6716 4236 6717 4235 6717 4381 6717 4236 6718 4381 6718 4382 6718 4334 6719 4382 6719 4184 6719 4334 6720 4184 6720 4183 6720 4332 6721 4236 6721 4382 6721 4332 6722 4382 6722 4334 6722 4383 6723 4384 6723 4032 6723 4383 6724 4032 6724 4031 6724 4385 6725 4386 6725 4384 6725 4385 6726 4384 6726 4383 6726 4387 6727 4383 6727 4031 6727 4387 6728 4031 6728 4030 6728 4388 6729 4385 6729 4383 6729 4388 6730 4383 6730 4387 6730 4389 6731 4387 6731 4030 6731 4389 6732 4030 6732 4029 6732 4390 6733 4388 6733 4387 6733 4390 6734 4387 6734 4389 6734 4391 6735 4389 6735 4029 6735 4391 6736 4029 6736 4028 6736 4392 6737 4390 6737 4389 6737 4392 6738 4389 6738 4391 6738 4393 6739 4391 6739 4028 6739 4393 6740 4028 6740 4027 6740 4394 6741 4392 6741 4391 6741 4394 6742 4391 6742 4393 6742 4395 6743 4393 6743 4027 6743 4395 6744 4027 6744 4026 6744 4396 6745 4394 6745 4393 6745 4396 6746 4393 6746 4395 6746 4397 6747 4395 6747 4026 6747 4397 6748 4026 6748 4025 6748 4398 6749 4396 6749 4395 6749 4398 6750 4395 6750 4397 6750 4399 6751 4397 6751 4025 6751 4399 6752 4025 6752 4024 6752 4400 6753 4398 6753 4397 6753 4400 6754 4397 6754 4399 6754 4401 6755 4399 6755 4024 6755 4401 6756 4024 6756 4023 6756 4402 6757 4400 6757 4399 6757 4402 6758 4399 6758 4401 6758 4403 6759 4401 6759 4023 6759 4403 6760 4023 6760 4022 6760 4404 6761 4402 6761 4401 6761 4404 6762 4401 6762 4403 6762 4405 6763 4403 6763 4022 6763 4405 6764 4022 6764 4021 6764 4406 6765 4404 6765 4403 6765 4406 6766 4403 6766 4405 6766 4407 6767 4405 6767 4021 6767 4407 6768 4021 6768 4020 6768 4408 6769 4406 6769 4405 6769 4408 6770 4405 6770 4407 6770 4409 6771 4407 6771 4020 6771 4409 6772 4020 6772 4019 6772 4410 6773 4408 6773 4407 6773 4410 6774 4407 6774 4409 6774 4411 6775 4409 6775 4019 6775 4411 6776 4019 6776 4018 6776 4412 6777 4410 6777 4409 6777 4412 6778 4409 6778 4411 6778 4413 6779 4411 6779 4018 6779 4413 6780 4018 6780 4017 6780 4414 6781 4412 6781 4411 6781 4414 6782 4411 6782 4413 6782 4415 6783 4413 6783 4017 6783 4415 6784 4017 6784 4016 6784 4416 6785 4414 6785 4413 6785 4416 6786 4413 6786 4415 6786 4417 6787 4415 6787 4016 6787 4417 6788 4016 6788 4015 6788 4418 6789 4416 6789 4415 6789 4418 6790 4415 6790 4417 6790 4419 6791 4417 6791 4015 6791 4419 6792 4015 6792 4014 6792 4420 6793 4418 6793 4417 6793 4420 6794 4417 6794 4419 6794 4421 6795 4419 6795 4014 6795 4421 6796 4014 6796 4013 6796 4422 6797 4420 6797 4419 6797 4422 6798 4419 6798 4421 6798 4423 6799 4421 6799 4013 6799 4423 6800 4013 6800 4012 6800 4424 6801 4422 6801 4421 6801 4424 6802 4421 6802 4423 6802 4425 6803 4423 6803 4012 6803 4425 6804 4012 6804 4011 6804 4426 6805 4424 6805 4423 6805 4426 6806 4423 6806 4425 6806 4427 6807 4425 6807 4011 6807 4427 6808 4011 6808 4010 6808 4428 6809 4426 6809 4425 6809 4428 6810 4425 6810 4427 6810 4429 6811 4427 6811 4010 6811 4429 6812 4010 6812 4009 6812 4430 6813 4428 6813 4427 6813 4430 6814 4427 6814 4429 6814 4431 6815 4429 6815 4009 6815 4431 6816 4009 6816 4008 6816 4432 6817 4430 6817 4429 6817 4432 6818 4429 6818 4431 6818 4433 6819 4431 6819 4008 6819 4433 6820 4008 6820 4007 6820 4434 6821 4432 6821 4431 6821 4434 6822 4431 6822 4433 6822 4435 6823 4433 6823 4007 6823 4435 6824 4007 6824 4006 6824 4436 6825 4434 6825 4433 6825 4436 6826 4433 6826 4435 6826 4437 6827 4435 6827 4006 6827 4437 6828 4006 6828 4005 6828 4438 6829 4436 6829 4435 6829 4438 6830 4435 6830 4437 6830 4439 6831 4437 6831 4005 6831 4439 6832 4005 6832 4004 6832 4440 6833 4438 6833 4437 6833 4440 6834 4437 6834 4439 6834 4441 6835 4439 6835 4004 6835 4441 6836 4004 6836 4003 6836 4442 6837 4440 6837 4439 6837 4442 6838 4439 6838 4441 6838 4443 6839 4441 6839 4003 6839 4443 6840 4003 6840 4002 6840 4444 6841 4442 6841 4441 6841 4444 6842 4441 6842 4443 6842 4445 6843 4443 6843 4002 6843 4445 6844 4002 6844 4001 6844 4446 6845 4444 6845 4443 6845 4446 6846 4443 6846 4445 6846 4447 6847 4445 6847 4001 6847 4447 6848 4001 6848 4000 6848 4448 6849 4446 6849 4445 6849 4448 6850 4445 6850 4447 6850 4449 6851 4447 6851 4000 6851 4449 6852 4000 6852 3999 6852 4450 6853 4448 6853 4447 6853 4450 6854 4447 6854 4449 6854 4451 6855 4449 6855 3999 6855 4451 6856 3999 6856 3998 6856 4452 6857 4450 6857 4449 6857 4452 6858 4449 6858 4451 6858 4453 6859 4451 6859 3998 6859 4453 6860 3998 6860 3997 6860 4454 6861 4452 6861 4451 6861 4454 6862 4451 6862 4453 6862 4455 6863 4453 6863 3997 6863 4455 6864 3997 6864 3996 6864 4456 6865 4454 6865 4453 6865 4456 6866 4453 6866 4455 6866 4457 6867 4455 6867 3996 6867 4457 6868 3996 6868 3995 6868 4458 6869 4456 6869 4455 6869 4458 6870 4455 6870 4457 6870 4459 6871 4457 6871 3995 6871 4459 6872 3995 6872 3994 6872 4460 6873 4458 6873 4457 6873 4460 6874 4457 6874 4459 6874 4461 6875 4459 6875 3994 6875 4461 6876 3994 6876 3993 6876 4462 6877 4460 6877 4459 6877 4462 6878 4459 6878 4461 6878 4463 6879 4461 6879 3993 6879 4463 6880 3993 6880 3992 6880 4464 6881 4462 6881 4461 6881 4464 6882 4461 6882 4463 6882 4465 6883 4463 6883 3992 6883 4465 6884 3992 6884 3991 6884 4466 6885 4464 6885 4463 6885 4466 6886 4463 6886 4465 6886 4467 6887 4465 6887 3991 6887 4467 6888 3991 6888 3990 6888 4468 6889 4466 6889 4465 6889 4468 6890 4465 6890 4467 6890 4469 6891 4467 6891 3990 6891 4469 6892 3990 6892 3989 6892 4470 6893 4468 6893 4467 6893 4470 6894 4467 6894 4469 6894 4471 6895 4469 6895 3989 6895 4471 6896 3989 6896 3988 6896 4472 6897 4470 6897 4469 6897 4472 6898 4469 6898 4471 6898 4473 6899 4471 6899 3988 6899 4473 6900 3988 6900 3987 6900 4474 6901 4472 6901 4471 6901 4474 6902 4471 6902 4473 6902 4475 6903 4473 6903 3987 6903 4475 6904 3987 6904 3986 6904 4476 6905 4474 6905 4473 6905 4476 6906 4473 6906 4475 6906 4477 6907 4475 6907 3986 6907 4477 6908 3986 6908 3985 6908 4478 6909 4476 6909 4475 6909 4478 6910 4475 6910 4477 6910 4479 6911 4477 6911 3985 6911 4479 6912 3985 6912 3984 6912 4480 6913 4478 6913 4477 6913 4480 6914 4477 6914 4479 6914 4481 6915 4479 6915 3984 6915 4481 6916 3984 6916 3983 6916 4482 6917 4480 6917 4479 6917 4482 6918 4479 6918 4481 6918 4384 6919 4481 6919 3983 6919 4384 6920 3983 6920 4032 6920 4386 6921 4482 6921 4481 6921 4386 6922 4481 6922 4384 6922 4483 6923 4484 6923 4036 6923 4483 6924 4036 6924 4035 6924 4480 6925 4482 6925 4484 6925 4480 6926 4484 6926 4483 6926 4485 6927 4483 6927 4035 6927 4485 6928 4035 6928 4038 6928 4478 6929 4480 6929 4483 6929 4478 6930 4483 6930 4485 6930 4486 6931 4485 6931 4038 6931 4486 6932 4038 6932 4040 6932 4476 6933 4478 6933 4485 6933 4476 6934 4485 6934 4486 6934 4487 6935 4486 6935 4040 6935 4487 6936 4040 6936 4042 6936 4474 6937 4476 6937 4486 6937 4474 6938 4486 6938 4487 6938 4488 6939 4487 6939 4042 6939 4488 6940 4042 6940 4044 6940 4472 6941 4474 6941 4487 6941 4472 6942 4487 6942 4488 6942 4489 6943 4488 6943 4044 6943 4489 6944 4044 6944 4046 6944 4470 6945 4472 6945 4488 6945 4470 6946 4488 6946 4489 6946 4490 6947 4489 6947 4046 6947 4490 6948 4046 6948 4048 6948 4468 6949 4470 6949 4489 6949 4468 6950 4489 6950 4490 6950 4491 6951 4490 6951 4048 6951 4491 6952 4048 6952 4050 6952 4466 6953 4468 6953 4490 6953 4466 6954 4490 6954 4491 6954 4492 6955 4491 6955 4050 6955 4492 6956 4050 6956 4052 6956 4464 6957 4466 6957 4491 6957 4464 6958 4491 6958 4492 6958 4493 6959 4492 6959 4052 6959 4493 6960 4052 6960 4054 6960 4462 6961 4464 6961 4492 6961 4462 6962 4492 6962 4493 6962 4494 6963 4493 6963 4054 6963 4494 6964 4054 6964 4056 6964 4460 6965 4462 6965 4493 6965 4460 6966 4493 6966 4494 6966 4495 6967 4494 6967 4056 6967 4495 6968 4056 6968 4058 6968 4458 6969 4460 6969 4494 6969 4458 6970 4494 6970 4495 6970 4496 6971 4495 6971 4058 6971 4496 6972 4058 6972 4060 6972 4456 6973 4458 6973 4495 6973 4456 6974 4495 6974 4496 6974 4497 6975 4496 6975 4060 6975 4497 6976 4060 6976 4062 6976 4454 6977 4456 6977 4496 6977 4454 6978 4496 6978 4497 6978 4498 6979 4497 6979 4062 6979 4498 6980 4062 6980 4064 6980 4452 6981 4454 6981 4497 6981 4452 6982 4497 6982 4498 6982 4499 6983 4498 6983 4064 6983 4499 6984 4064 6984 4066 6984 4450 6985 4452 6985 4498 6985 4450 6986 4498 6986 4499 6986 4500 6987 4499 6987 4066 6987 4500 6988 4066 6988 4068 6988 4448 6989 4450 6989 4499 6989 4448 6990 4499 6990 4500 6990 4501 6991 4500 6991 4068 6991 4501 6992 4068 6992 4070 6992 4446 6993 4448 6993 4500 6993 4446 6994 4500 6994 4501 6994 4502 6995 4501 6995 4070 6995 4502 6996 4070 6996 4072 6996 4444 6997 4446 6997 4501 6997 4444 6998 4501 6998 4502 6998 4503 6999 4502 6999 4072 6999 4503 7000 4072 7000 4074 7000 4442 7001 4444 7001 4502 7001 4442 7002 4502 7002 4503 7002 4504 7003 4503 7003 4074 7003 4504 7004 4074 7004 4076 7004 4440 7005 4442 7005 4503 7005 4440 7006 4503 7006 4504 7006 4505 7007 4504 7007 4076 7007 4505 7008 4076 7008 4078 7008 4438 7009 4440 7009 4504 7009 4438 7010 4504 7010 4505 7010 4506 7011 4505 7011 4078 7011 4506 7012 4078 7012 4080 7012 4436 7013 4438 7013 4505 7013 4436 7014 4505 7014 4506 7014 4507 7015 4506 7015 4080 7015 4507 7016 4080 7016 4082 7016 4434 7017 4436 7017 4506 7017 4434 7018 4506 7018 4507 7018 4508 7019 4507 7019 4082 7019 4508 7020 4082 7020 4084 7020 4432 7021 4434 7021 4507 7021 4432 7022 4507 7022 4508 7022 4509 7023 4508 7023 4084 7023 4509 7024 4084 7024 4086 7024 4430 7025 4432 7025 4508 7025 4430 7026 4508 7026 4509 7026 4510 7027 4509 7027 4086 7027 4510 7028 4086 7028 4088 7028 4428 7029 4430 7029 4509 7029 4428 7030 4509 7030 4510 7030 4511 7031 4510 7031 4088 7031 4511 7032 4088 7032 4090 7032 4426 7033 4428 7033 4510 7033 4426 7034 4510 7034 4511 7034 4512 7035 4511 7035 4090 7035 4512 7036 4090 7036 4092 7036 4424 7037 4426 7037 4511 7037 4424 7038 4511 7038 4512 7038 4513 7039 4512 7039 4092 7039 4513 7040 4092 7040 4094 7040 4422 7041 4424 7041 4512 7041 4422 7042 4512 7042 4513 7042 4514 7043 4513 7043 4094 7043 4514 7044 4094 7044 4096 7044 4420 7045 4422 7045 4513 7045 4420 7046 4513 7046 4514 7046 4515 7047 4514 7047 4096 7047 4515 7048 4096 7048 4098 7048 4418 7049 4420 7049 4514 7049 4418 7050 4514 7050 4515 7050 4516 7051 4515 7051 4098 7051 4516 7052 4098 7052 4100 7052 4416 7053 4418 7053 4515 7053 4416 7054 4515 7054 4516 7054 4517 7055 4516 7055 4100 7055 4517 7056 4100 7056 4102 7056 4414 7057 4416 7057 4516 7057 4414 7058 4516 7058 4517 7058 4518 7059 4517 7059 4102 7059 4518 7060 4102 7060 4104 7060 4412 7061 4414 7061 4517 7061 4412 7062 4517 7062 4518 7062 4519 7063 4518 7063 4104 7063 4519 7064 4104 7064 4106 7064 4410 7065 4412 7065 4518 7065 4410 7066 4518 7066 4519 7066 4520 7067 4519 7067 4106 7067 4520 7068 4106 7068 4108 7068 4408 7069 4410 7069 4519 7069 4408 7070 4519 7070 4520 7070 4521 7071 4520 7071 4108 7071 4521 7072 4108 7072 4110 7072 4406 7073 4408 7073 4520 7073 4406 7074 4520 7074 4521 7074 4522 7075 4521 7075 4110 7075 4522 7076 4110 7076 4112 7076 4404 7077 4406 7077 4521 7077 4404 7078 4521 7078 4522 7078 4523 7079 4522 7079 4112 7079 4523 7080 4112 7080 4114 7080 4402 7081 4404 7081 4522 7081 4402 7082 4522 7082 4523 7082 4524 7083 4523 7083 4114 7083 4524 7084 4114 7084 4116 7084 4400 7085 4402 7085 4523 7085 4400 7086 4523 7086 4524 7086 4525 7087 4524 7087 4116 7087 4525 7088 4116 7088 4118 7088 4398 7089 4400 7089 4524 7089 4398 7090 4524 7090 4525 7090 4526 7091 4525 7091 4118 7091 4526 7092 4118 7092 4120 7092 4396 7093 4398 7093 4525 7093 4396 7094 4525 7094 4526 7094 4527 7095 4526 7095 4120 7095 4527 7096 4120 7096 4122 7096 4394 7097 4396 7097 4526 7097 4394 7098 4526 7098 4527 7098 4528 7099 4527 7099 4122 7099 4528 7100 4122 7100 4124 7100 4392 7101 4394 7101 4527 7101 4392 7102 4527 7102 4528 7102 4529 7103 4528 7103 4124 7103 4529 7104 4124 7104 4126 7104 4390 7105 4392 7105 4528 7105 4390 7106 4528 7106 4529 7106 4530 7107 4529 7107 4126 7107 4530 7108 4126 7108 4128 7108 4388 7109 4390 7109 4529 7109 4388 7110 4529 7110 4530 7110 4531 7111 4530 7111 4128 7111 4531 7112 4128 7112 4130 7112 4385 7113 4388 7113 4530 7113 4385 7114 4530 7114 4531 7114 4532 7115 4531 7115 4130 7115 4532 7116 4130 7116 4132 7116 4386 7117 4385 7117 4531 7117 4386 7118 4531 7118 4532 7118 4484 7119 4532 7119 4132 7119 4484 7120 4132 7120 4036 7120 4482 7121 4386 7121 4532 7121 4482 7122 4532 7122 4484 7122</p>
        </triangles>
      </mesh>
    </geometry>
  </library_geometries>
  <library_visual_scenes>
    <visual_scene id="Scene" name="Scene">
      <node id="push_button_text_1_" name="push button text(1)" type="NODE">
        <matrix sid="transform">1 0 0 -0.004961206 0 1 0 -0.1117856 0 0 1 -0.01445297 0 0 0 1</matrix>
        <instance_geometry url="#push_button_text_1_-mesh" name="push button text(1)">
          <bind_material>
            <technique_common>
              <instance_material symbol="Material_001-material" target="#Material_001-material"/>
              <instance_material symbol="Material_002-material" target="#Material_002-material"/>
            </technique_common>
          </bind_material>
        </instance_geometry>
      </node>
      <node id="Camera" name="Camera" type="NODE">
        <matrix sid="transform">0.6859207 -0.3240135 0.6515582 7.358891 0.7276763 0.3054208 -0.6141704 -6.925791 0 0.8953956 0.4452714 4.958309 0 0 0 1</matrix>
        <instance_camera url="#Camera-camera"/>
      </node>
      <node id="Light" name="Light" type="NODE">
        <matrix sid="transform">-0.2908646 -0.7711008 0.5663932 4.076245 0.9551712 -0.1998834 0.2183912 1.005454 -0.05518906 0.6045247 0.7946723 5.903862 0 0 0 1</matrix>
        <instance_light url="#Light-light"/>
      </node>
    </visual_scene>
  </library_visual_scenes>
  <scene>
    <instance_visual_scene url="#Scene"/>
  </scene>
</COLLADA>